99,1
100,1.01
101,1.02
102,1.03
103,1.04
104,1.05
105,1.06
106,1.07
107,1.08
108,1.09
109,1.1
110,1.11
111,1.12
112,1.13
113,1.14
114,1.15
115,1.16
116,1.17
117,1.18
118,1.19
119,1.2
120,1.21
121,1.22
122,1.23
123,1.24
124,1.25
125,1.26
126,1.27
127,1.28
128,1.29
129,1.3
130,1.31
131,1.32
132,1.33
133,1.34
134,1.35
135,1.36
136,1.37
137,1.38
138,1.39
139,1.4
140,1.41
141,1.42
142,1.43
143,1.44
144,1.45
145,1.46
146,1.47
147,1.48
148,1.49
149,1.5
150,1.51
151,1.52
152,1.53
153,1.54
154,1.55
155,1.56
156,1.57
157,1.58
158,1.59
159,1.6
160,1.61
161,1.62
162,1.63
163,1.64
164,1.65
165,1.66
166,1.67
167,1.68
168,1.69
169,1.7
170,1.71
171,1.72
172,1.73
173,1.74
174,1.75
175,1.76
176,1.77
177,1.78
178,1.79
179,1.8
180,1.81
181,1.82
182,1.83
183,1.84
184,1.85
185,1.86
186,1.87
187,1.88
188,1.89
189,1.9
190,1.91
191,1.92
192,1.93
193,1.94
194,1.95
195,1.96
196,1.97
197,1.98
198,1.99
199,2
200,2.01
201,2.02
202,2.03
203,2.04
204,2.05
205,2.06
206,2.07
207,2.08
208,2.09
209,2.1
210,2.11
211,2.12
212,2.13
213,2.14
214,2.15
215,2.16
216,2.17
217,2.18
218,2.19
219,2.2
220,2.21
221,2.22
222,2.23
223,2.24
224,2.25
225,2.26
226,2.27
227,2.28
228,2.29
229,2.3
230,2.31
231,2.32
232,2.33
233,2.34
234,2.35
235,2.36
236,2.37
237,2.38
238,2.39
239,2.4
240,2.41
241,2.42
242,2.43
243,2.44
244,2.45
245,2.46
246,2.47
247,2.48
248,2.49
249,2.5
250,2.51
251,2.52
252,2.53
253,2.54
254,2.55
255,2.56
256,2.57
257,2.58
258,2.59
259,2.6
260,2.61
261,2.62
262,2.63
263,2.64
264,2.65
265,2.66
266,2.67
267,2.68
268,2.69
269,2.7
270,2.71
271,2.72
272,2.73
273,2.74
274,2.75
275,2.76
276,2.77
277,2.78
278,2.79
279,2.8
280,2.81
281,2.82
282,2.83
283,2.84
284,2.85
285,2.86
286,2.87
287,2.88
288,2.89
289,2.9
290,2.91
291,2.92
292,2.93
293,2.94
294,2.95
295,2.96
296,2.97
297,2.98
298,2.99
299,3
300,3.01
301,3.02
302,3.03
303,3.04
304,3.05
305,3.06
306,3.07
307,3.08
308,3.09
309,3.1
310,3.11
311,3.12
312,3.13
313,3.14
314,3.15
315,3.16
316,3.17
317,3.18
318,3.19
319,3.2
320,3.21
321,3.22
322,3.23
323,3.24
324,3.25
325,3.26
326,3.27
327,3.28
328,3.29
329,3.3
330,3.31
331,3.32
332,3.33
333,3.34
334,3.35
335,3.36
336,3.37
337,3.38
338,3.39
339,3.4
340,3.41
341,3.42
342,3.43
343,3.44
344,3.45
345,3.46
346,3.47
347,3.48
348,3.49
349,3.5
350,3.51
351,3.52
352,3.53
353,3.54
354,3.55
355,3.56
356,3.57
357,3.58
358,3.59
359,3.6
360,3.61
361,3.62
362,3.63
363,3.64
364,3.65
365,3.66
366,3.67
367,3.68
368,3.69
369,3.7
370,3.71
371,3.72
372,3.73
373,3.74
374,3.75
375,3.76
376,3.77
377,3.78
378,3.79
379,3.8
380,3.81
381,3.82
382,3.83
383,3.84
384,3.85
385,3.86
386,3.87
387,3.88
388,3.89
389,3.9
390,3.91
391,3.92
392,3.93
393,3.94
394,3.95
395,3.96
396,3.97
397,3.98
398,3.99
399,4
400,4.01
401,4.02
402,4.03
403,4.04
404,4.05
405,4.06
406,4.07
407,4.08
408,4.09
409,4.1
410,4.11
411,4.12
412,4.13
413,4.14
414,4.15
415,4.16
416,4.17
417,4.18
418,4.19
419,4.2
420,4.21
421,4.22
422,4.23
423,4.24
424,4.25
425,4.26
426,4.27
427,4.28
428,4.29
429,4.3
430,4.31
431,4.32
432,4.33
433,4.34
434,4.35
435,4.36
436,4.37
437,4.38
438,4.39
439,4.4
440,4.41
441,4.42
442,4.43
443,4.44
444,4.45
445,4.46
446,4.47
447,4.48
448,4.49
449,4.5
450,4.51
451,4.52
452,4.53
453,4.54
454,4.55
455,4.56
456,4.57
457,4.58
458,4.59
459,4.6
460,4.61
461,4.62
462,4.63
463,4.64
464,4.65
465,4.66
466,4.67
467,4.68
468,4.69
469,4.7
470,4.71
471,4.72
472,4.73
473,4.74
474,4.75
475,4.76
476,4.77
477,4.78
478,4.79
479,4.8
480,4.81
481,4.82
482,4.83
483,4.84
484,4.85
485,4.86
486,4.87
487,4.88
488,4.89
489,4.9
490,4.91
491,4.92
492,4.93
493,4.94
494,4.95
495,4.96
496,4.97
497,4.98
498,4.99
499,5
500,5.01
501,5.02
502,5.03
503,5.04
504,5.05
505,5.06
506,5.07
507,5.08
508,5.09
509,5.1
510,5.11
511,5.12
512,5.13
513,5.14
514,5.15
515,5.16
516,5.17
517,5.18
518,5.19
519,5.2
520,5.21
521,5.22
522,5.23
523,5.24
524,5.25
525,5.26
526,5.27
527,5.28
528,5.29
529,5.3
530,5.31
531,5.32
532,5.33
533,5.34
534,5.35
535,5.36
536,5.37
537,5.38
538,5.39
539,5.4
540,5.41
541,5.42
542,5.43
543,5.44
544,5.45
545,5.46
546,5.47
547,5.48
548,5.49
549,5.5
550,5.51
551,5.52
552,5.53
553,5.54
554,5.55
555,5.56
556,5.57
557,5.58
558,5.59
559,5.6
560,5.61
561,5.62
562,5.63
563,5.64
564,5.65
565,5.66
566,5.67
567,5.68
568,5.69
569,5.7
570,5.71
571,5.72
572,5.73
573,5.74
574,5.75
575,5.76
576,5.77
577,5.78
578,5.79
579,5.8
580,5.81
581,5.82
582,5.83
583,5.84
584,5.85
585,5.86
586,5.87
587,5.88
588,5.89
589,5.9
590,5.91
591,5.92
592,5.93
593,5.94
594,5.95
595,5.96
596,5.97
597,5.98
598,5.99
599,6
600,6.01
601,6.02
602,6.03
603,6.04
604,6.05
605,6.06
606,6.07
607,6.08
608,6.09
609,6.1
610,6.11
611,6.12
612,6.13
613,6.14
614,6.15
615,6.16
616,6.17
617,6.18
618,6.19
619,6.2
620,6.21
621,6.22
622,6.23
623,6.24
624,6.25
625,6.26
626,6.27
627,6.28
628,6.29
629,6.3
630,6.31
631,6.32
632,6.33
633,6.34
634,6.35
635,6.36
636,6.37
637,6.38
638,6.39
639,6.4
640,6.41
641,6.42
642,6.43
643,6.44
644,6.45
645,6.46
646,6.47
647,6.48
648,6.49
649,6.5
650,6.51
651,6.52
652,6.53
653,6.54
654,6.55
655,6.56
656,6.57
657,6.58
658,6.59
659,6.6
660,6.61
661,6.62
662,6.63
663,6.64
664,6.65
665,6.66
666,6.67
667,6.68
668,6.69
669,6.7
670,6.71
671,6.72
672,6.73
673,6.74
674,6.75
675,6.76
676,6.77
677,6.78
678,6.79
679,6.8
680,6.81
681,6.82
682,6.83
683,6.84
684,6.85
685,6.86
686,6.87
687,6.88
688,6.89
689,6.9
690,6.91
691,6.92
692,6.93
693,6.94
694,6.95
695,6.96
696,6.97
697,6.98
698,6.99
699,7
700,7.01
701,7.02
702,7.03
703,7.04
704,7.05
705,7.06
706,7.07
707,7.08
708,7.09
709,7.1
710,7.11
711,7.12
712,7.13
713,7.14
714,7.15
715,7.16
716,7.17
717,7.18
718,7.19
719,7.2
720,7.21
721,7.22
722,7.23
723,7.24
724,7.25
725,7.26
726,7.27
727,7.28
728,7.29
729,7.3
730,7.31
731,7.32
732,7.33
733,7.34
734,7.35
735,7.36
736,7.37
737,7.38
738,7.39
739,7.4
740,7.41
741,7.42
742,7.43
743,7.44
744,7.45
745,7.46
746,7.47
747,7.48
748,7.49
749,7.5
750,7.51
751,7.52
752,7.53
753,7.54
754,7.55
755,7.56
756,7.57
757,7.58
758,7.59
759,7.6
760,7.61
761,7.62
762,7.63
763,7.64
764,7.65
765,7.66
766,7.67
767,7.68
768,7.69
769,7.7
770,7.71
771,7.72
772,7.73
773,7.74
774,7.75
775,7.76
776,7.77
777,7.78
778,7.79
779,7.8
780,7.81
781,7.82
782,7.83
783,7.84
784,7.85
785,7.86
786,7.87
787,7.88
788,7.89
789,7.9
790,7.91
791,7.92
792,7.93
793,7.94
794,7.95
795,7.96
796,7.97
797,7.98
798,7.99
799,8
800,8.01
801,8.02
802,8.03
803,8.04
804,8.05
805,8.06
806,8.07
807,8.08
808,8.09
809,8.1
810,8.11
811,8.12
812,8.13
813,8.14
814,8.15
815,8.16
816,8.17
817,8.18
818,8.19
819,8.2
820,8.21
821,8.22
822,8.23
823,8.24
824,8.25
825,8.26
826,8.27
827,8.28
828,8.29
829,8.3
830,8.31
831,8.32
832,8.33
833,8.34
834,8.35
835,8.36
836,8.37
837,8.38
838,8.39
839,8.4
840,8.41
841,8.42
842,8.43
843,8.44
844,8.45
845,8.46
846,8.47
847,8.48
848,8.49
849,8.5
850,8.51
851,8.52
852,8.53
853,8.54
854,8.55
855,8.56
856,8.57
857,8.58
858,8.59
859,8.6
860,8.61
861,8.62
862,8.63
863,8.64
864,8.65
865,8.66
866,8.67
867,8.68
868,8.69
869,8.7
870,8.71
871,8.72
872,8.73
873,8.74
874,8.75
875,8.76
876,8.77
877,8.78
878,8.79
879,8.8
880,8.81
881,8.82
882,8.83
883,8.84
884,8.85
885,8.86
886,8.87
887,8.88
888,8.89
889,8.9
890,8.91
891,8.92
892,8.93
893,8.94
894,8.95
895,8.96
896,8.97
897,8.98
898,8.99
899,9
900,9.01
901,9.02
902,9.03
903,9.04
904,9.05
905,9.06
906,9.07
907,9.08
908,9.09
909,9.1
910,9.11
911,9.12
912,9.13
913,9.14
914,9.15
915,9.16
916,9.17
917,9.18
918,9.19
919,9.2
920,9.21
921,9.22
922,9.23
923,9.24
924,9.25
925,9.26
926,9.27
927,9.28
928,9.29
929,9.3
930,9.31
931,9.32
932,9.33
933,9.34
934,9.35
935,9.36
936,9.37
937,9.38
938,9.39
939,9.4
940,9.41
941,9.42
942,9.43
943,9.44
944,9.45
945,9.46
946,9.47
947,9.48
948,9.49
949,9.5
950,9.51
951,9.52
952,9.53
953,9.54
954,9.55
955,9.56
956,9.57
957,9.58
958,9.59
959,9.6
960,9.61
961,9.62
962,9.63
963,9.64
964,9.65
965,9.66
966,9.67
967,9.68
968,9.69
969,9.7
970,9.71
971,9.72
972,9.73
973,9.74
974,9.75
975,9.76
976,9.77
977,9.78
978,9.79
979,9.8
980,9.81
981,9.82
982,9.83
983,9.84
984,9.85
985,9.86
986,9.87
987,9.88
988,9.89
989,9.9
990,9.91
991,9.92
992,9.93
993,9.94
994,9.95
995,9.96
996,9.97
997,9.98
998,9.99
999,10
1000,10.01
1001,10.02
1002,10.03
1003,10.04
1004,10.05
1005,10.06
1006,10.07
1007,10.08
1008,10.09
1009,10.1
1010,10.11
1011,10.12
1012,10.13
1013,10.14
1014,10.15
1015,10.16
1016,10.17
1017,10.18
1018,10.19
1019,10.2
1020,10.21
1021,10.22
1022,10.23
1023,10.24
1024,10.25
1025,10.26
1026,10.27
1027,10.28
1028,10.29
1029,10.3
1030,10.31
1031,10.32
1032,10.33
1033,10.34
1034,10.35
1035,10.36
1036,10.37
1037,10.38
1038,10.39
1039,10.4
1040,10.41
1041,10.42
1042,10.43
1043,10.44
1044,10.45
1045,10.46
1046,10.47
1047,10.48
1048,10.49
1049,10.5
1050,10.51
1051,10.52
1052,10.53
1053,10.54
1054,10.55
1055,10.56
1056,10.57
1057,10.58
1058,10.59
1059,10.6
1060,10.61
1061,10.62
1062,10.63
1063,10.64
1064,10.65
1065,10.66
1066,10.67
1067,10.68
1068,10.69
1069,10.7
1070,10.71
1071,10.72
1072,10.73
1073,10.74
1074,10.75
1075,10.76
1076,10.77
1077,10.78
1078,10.79
1079,10.8
1080,10.81
1081,10.82
1082,10.83
1083,10.84
1084,10.85
1085,10.86
1086,10.87
1087,10.88
1088,10.89
1089,10.9
1090,10.91
1091,10.92
1092,10.93
1093,10.94
1094,10.95
1095,10.96
1096,10.97
1097,10.98
1098,10.99
1099,11
1100,11.01
1101,11.02
1102,11.03
1103,11.04
1104,11.05
1105,11.06
1106,11.07
1107,11.08
1108,11.09
1109,11.1
1110,11.11
1111,11.12
1112,11.13
1113,11.14
1114,11.15
1115,11.16
1116,11.17
1117,11.18
1118,11.19
1119,11.2
1120,11.21
1121,11.22
1122,11.23
1123,11.24
1124,11.25
1125,11.26
1126,11.27
1127,11.28
1128,11.29
1129,11.3
1130,11.31
1131,11.32
1132,11.33
1133,11.34
1134,11.35
1135,11.36
1136,11.37
1137,11.38
1138,11.39
1139,11.4
1140,11.41
1141,11.42
1142,11.43
1143,11.44
1144,11.45
1145,11.46
1146,11.47
1147,11.48
1148,11.49
1149,11.5
1150,11.51
1151,11.52
1152,11.53
1153,11.54
1154,11.55
1155,11.56
1156,11.57
1157,11.58
1158,11.59
1159,11.6
1160,11.61
1161,11.62
1162,11.63
1163,11.64
1164,11.65
1165,11.66
1166,11.67
1167,11.68
1168,11.69
1169,11.7
1170,11.71
1171,11.72
1172,11.73
1173,11.74
1174,11.75
1175,11.76
1176,11.77
1177,11.78
1178,11.79
1179,11.8
1180,11.81
1181,11.82
1182,11.83
1183,11.84
1184,11.85
1185,11.86
1186,11.87
1187,11.88
1188,11.89
1189,11.9
1190,11.91
1191,11.92
1192,11.93
1193,11.94
1194,11.95
1195,11.96
1196,11.97
1197,11.98
1198,11.99
1199,12
1200,12.01
1201,12.02
1202,12.03
1203,12.04
1204,12.05
1205,12.06
1206,12.07
1207,12.08
1208,12.09
1209,12.1
1210,12.11
1211,12.12
1212,12.13
1213,12.14
1214,12.15
1215,12.16
1216,12.17
1217,12.18
1218,12.19
1219,12.2
1220,12.21
1221,12.22
1222,12.23
1223,12.24
1224,12.25
1225,12.26
1226,12.27
1227,12.28
1228,12.29
1229,12.3
1230,12.31
1231,12.32
1232,12.33
1233,12.34
1234,12.35
1235,12.36
1236,12.37
1237,12.38
1238,12.39
1239,12.4
1240,12.41
1241,12.42
1242,12.43
1243,12.44
1244,12.45
1245,12.46
1246,12.47
1247,12.48
1248,12.49
1249,12.5
1250,12.51
1251,12.52
1252,12.53
1253,12.54
1254,12.55
1255,12.56
1256,12.57
1257,12.58
1258,12.59
1259,12.6
1260,12.61
1261,12.62
1262,12.63
1263,12.64
1264,12.65
1265,12.66
1266,12.67
1267,12.68
1268,12.69
1269,12.7
1270,12.71
1271,12.72
1272,12.73
1273,12.74
1274,12.75
1275,12.76
1276,12.77
1277,12.78
1278,12.79
1279,12.8
1280,12.81
1281,12.82
1282,12.83
1283,12.84
1284,12.85
1285,12.86
1286,12.87
1287,12.88
1288,12.89
1289,12.9
1290,12.91
1291,12.92
1292,12.93
1293,12.94
1294,12.95
1295,12.96
1296,12.97
1297,12.98
1298,12.99
1299,13
1300,13.01
1301,13.02
1302,13.03
1303,13.04
1304,13.05
1305,13.06
1306,13.07
1307,13.08
1308,13.09
1309,13.1
1310,13.11
1311,13.12
1312,13.13
1313,13.14
1314,13.15
1315,13.16
1316,13.17
1317,13.18
1318,13.19
1319,13.2
1320,13.21
1321,13.22
1322,13.23
1323,13.24
1324,13.25
1325,13.26
1326,13.27
1327,13.28
1328,13.29
1329,13.3
1330,13.31
1331,13.32
1332,13.33
1333,13.34
1334,13.35
1335,13.36
1336,13.37
1337,13.38
1338,13.39
1339,13.4
1340,13.41
1341,13.42
1342,13.43
1343,13.44
1344,13.45
1345,13.46
1346,13.47
1347,13.48
1348,13.49
1349,13.5
1350,13.51
1351,13.52
1352,13.53
1353,13.54
1354,13.55
1355,13.56
1356,13.57
1357,13.58
1358,13.59
1359,13.6
1360,13.61
1361,13.62
1362,13.63
1363,13.64
1364,13.65
1365,13.66
1366,13.67
1367,13.68
1368,13.69
1369,13.7
1370,13.71
1371,13.72
1372,13.73
1373,13.74
1374,13.75
1375,13.76
1376,13.77
1377,13.78
1378,13.79
1379,13.8
1380,13.81
1381,13.82
1382,13.83
1383,13.84
1384,13.85
1385,13.86
1386,13.87
1387,13.88
1388,13.89
1389,13.9
1390,13.91
1391,13.92
1392,13.93
1393,13.94
1394,13.95
1395,13.96
1396,13.97
1397,13.98
1398,13.99
1399,14
1400,14.01
1401,14.02
1402,14.03
1403,14.04
1404,14.05
1405,14.06
1406,14.07
1407,14.08
1408,14.09
1409,14.1
1410,14.11
1411,14.12
1412,14.13
1413,14.14
1414,14.15
1415,14.16
1416,14.17
1417,14.18
1418,14.19
1419,14.2
1420,14.21
1421,14.22
1422,14.23
1423,14.24
1424,14.25
1425,14.26
1426,14.27
1427,14.28
1428,14.29
1429,14.3
1430,14.31
1431,14.32
1432,14.33
1433,14.34
1434,14.35
1435,14.36
1436,14.37
1437,14.38
1438,14.39
1439,14.4
1440,14.41
1441,14.42
1442,14.43
1443,14.44
1444,14.45
1445,14.46
1446,14.47
1447,14.48
1448,14.49
1449,14.5
1450,14.51
1451,14.52
1452,14.53
1453,14.54
1454,14.55
1455,14.56
1456,14.57
1457,14.58
1458,14.59
1459,14.6
1460,14.61
1461,14.62
1462,14.63
1463,14.64
1464,14.65
1465,14.66
1466,14.67
1467,14.68
1468,14.69
1469,14.7
1470,14.71
1471,14.72
1472,14.73
1473,14.74
1474,14.75
1475,14.76
1476,14.77
1477,14.78
1478,14.79
1479,14.8
1480,14.81
1481,14.82
1482,14.83
1483,14.84
1484,14.85
1485,14.86
1486,14.87
1487,14.88
1488,14.89
1489,14.9
1490,14.91
1491,14.92
1492,14.93
1493,14.94
1494,14.95
1495,14.96
1496,14.97
1497,14.98
1498,14.99
1499,15
1500,15.01
1501,15.02
1502,15.03
1503,15.04
1504,15.05
1505,15.06
1506,15.07
1507,15.08
1508,15.09
1509,15.1
1510,15.11
1511,15.12
1512,15.13
1513,15.14
1514,15.15
1515,15.16
1516,15.17
1517,15.18
1518,15.19
1519,15.2
1520,15.21
1521,15.22
1522,15.23
1523,15.24
1524,15.25
1525,15.26
1526,15.27
1527,15.28
1528,15.29
1529,15.3
1530,15.31
1531,15.32
1532,15.33
1533,15.34
1534,15.35
1535,15.36
1536,15.37
1537,15.38
1538,15.39
1539,15.4
1540,15.41
1541,15.42
1542,15.43
1543,15.44
1544,15.45
1545,15.46
1546,15.47
1547,15.48
1548,15.49
1549,15.5
1550,15.51
1551,15.52
1552,15.53
1553,15.54
1554,15.55
1555,15.56
1556,15.57
1557,15.58
1558,15.59
1559,15.6
1560,15.61
1561,15.62
1562,15.63
1563,15.64
1564,15.65
1565,15.66
1566,15.67
1567,15.68
1568,15.69
1569,15.7
1570,15.71
1571,15.72
1572,15.73
1573,15.74
1574,15.75
1575,15.76
1576,15.77
1577,15.78
1578,15.79
1579,15.8
1580,15.81
1581,15.82
1582,15.83
1583,15.84
1584,15.85
1585,15.86
1586,15.87
1587,15.88
1588,15.89
1589,15.9
1590,15.91
1591,15.92
1592,15.93
1593,15.94
1594,15.95
1595,15.96
1596,15.97
1597,15.98
1598,15.99
1599,16
1600,16.01
1601,16.02
1602,16.03
1603,16.04
1604,16.05
1605,16.06
1606,16.07
1607,16.08
1608,16.09
1609,16.1
1610,16.11
1611,16.12
1612,16.13
1613,16.14
1614,16.15
1615,16.16
1616,16.17
1617,16.18
1618,16.19
1619,16.2
1620,16.21
1621,16.22
1622,16.23
1623,16.24
1624,16.25
1625,16.26
1626,16.27
1627,16.28
1628,16.29
1629,16.3
1630,16.31
1631,16.32
1632,16.33
1633,16.34
1634,16.35
1635,16.36
1636,16.37
1637,16.38
1638,16.39
1639,16.4
1640,16.41
1641,16.42
1642,16.43
1643,16.44
1644,16.45
1645,16.46
1646,16.47
1647,16.48
1648,16.49
1649,16.5
1650,16.51
1651,16.52
1652,16.53
1653,16.54
1654,16.55
1655,16.56
1656,16.57
1657,16.58
1658,16.59
1659,16.6
1660,16.61
1661,16.62
1662,16.63
1663,16.64
1664,16.65
1665,16.66
1666,16.67
1667,16.68
1668,16.69
1669,16.7
1670,16.71
1671,16.72
1672,16.73
1673,16.74
1674,16.75
1675,16.76
1676,16.77
1677,16.78
1678,16.79
1679,16.8
1680,16.81
1681,16.82
1682,16.83
1683,16.84
1684,16.85
1685,16.86
1686,16.87
1687,16.88
1688,16.89
1689,16.9
1690,16.91
1691,16.92
1692,16.93
1693,16.94
1694,16.95
1695,16.96
1696,16.97
1697,16.98
1698,16.99
1699,17
1700,17.01
1701,17.02
1702,17.03
1703,17.04
1704,17.05
1705,17.06
1706,17.07
1707,17.08
1708,17.09
1709,17.1
1710,17.11
1711,17.12
1712,17.13
1713,17.14
1714,17.15
1715,17.16
1716,17.17
1717,17.18
1718,17.19
1719,17.2
1720,17.21
1721,17.22
1722,17.23
1723,17.24
1724,17.25
1725,17.26
1726,17.27
1727,17.28
1728,17.29
1729,17.3
1730,17.31
1731,17.32
1732,17.33
1733,17.34
1734,17.35
1735,17.36
1736,17.37
1737,17.38
1738,17.39
1739,17.4
1740,17.41
1741,17.42
1742,17.43
1743,17.44
1744,17.45
1745,17.46
1746,17.47
1747,17.48
1748,17.49
1749,17.5
1750,17.51
1751,17.52
1752,17.53
1753,17.54
1754,17.55
1755,17.56
1756,17.57
1757,17.58
1758,17.59
1759,17.6
1760,17.61
1761,17.62
1762,17.63
1763,17.64
1764,17.65
1765,17.66
1766,17.67
1767,17.68
1768,17.69
1769,17.7
1770,17.71
1771,17.72
1772,17.73
1773,17.74
1774,17.75
1775,17.76
1776,17.77
1777,17.78
1778,17.79
1779,17.8
1780,17.81
1781,17.82
1782,17.83
1783,17.84
1784,17.85
1785,17.86
1786,17.87
1787,17.88
1788,17.89
1789,17.9
1790,17.91
1791,17.92
1792,17.93
1793,17.94
1794,17.95
1795,17.96
1796,17.97
1797,17.98
1798,17.99
1799,18
1800,18.01
1801,18.02
1802,18.03
1803,18.04
1804,18.05
1805,18.06
1806,18.07
1807,18.08
1808,18.09
1809,18.1
1810,18.11
1811,18.12
1812,18.13
1813,18.14
1814,18.15
1815,18.16
1816,18.17
1817,18.18
1818,18.19
1819,18.2
1820,18.21
1821,18.22
1822,18.23
1823,18.24
1824,18.25
1825,18.26
1826,18.27
1827,18.28
1828,18.29
1829,18.3
1830,18.31
1831,18.32
1832,18.33
1833,18.34
1834,18.35
1835,18.36
1836,18.37
1837,18.38
1838,18.39
1839,18.4
1840,18.41
1841,18.42
1842,18.43
1843,18.44
1844,18.45
1845,18.46
1846,18.47
1847,18.48
1848,18.49
1849,18.5
1850,18.51
1851,18.52
1852,18.53
1853,18.54
1854,18.55
1855,18.56
1856,18.57
1857,18.58
1858,18.59
1859,18.6
1860,18.61
1861,18.62
1862,18.63
1863,18.64
1864,18.65
1865,18.66
1866,18.67
1867,18.68
1868,18.69
1869,18.7
1870,18.71
1871,18.72
1872,18.73
1873,18.74
1874,18.75
1875,18.76
1876,18.77
1877,18.78
1878,18.79
1879,18.8
1880,18.81
1881,18.82
1882,18.83
1883,18.84
1884,18.85
1885,18.86
1886,18.87
1887,18.88
1888,18.89
1889,18.9
1890,18.91
1891,18.92
1892,18.93
1893,18.94
1894,18.95
1895,18.96
1896,18.97
1897,18.98
1898,18.99
1899,19
1900,19.01
1901,19.02
1902,19.03
1903,19.04
1904,19.05
1905,19.06
1906,19.07
1907,19.08
1908,19.09
1909,19.1
1910,19.11
1911,19.12
1912,19.13
1913,19.14
1914,19.15
1915,19.16
1916,19.17
1917,19.18
1918,19.19
1919,19.2
1920,19.21
1921,19.22
1922,19.23
1923,19.24
1924,19.25
1925,19.26
1926,19.27
1927,19.28
1928,19.29
1929,19.3
1930,19.31
1931,19.32
1932,19.33
1933,19.34
1934,19.35
1935,19.36
1936,19.37
1937,19.38
1938,19.39
1939,19.4
1940,19.41
1941,19.42
1942,19.43
1943,19.44
1944,19.45
1945,19.46
1946,19.47
1947,19.48
1948,19.49
1949,19.5
1950,19.51
1951,19.52
1952,19.53
1953,19.54
1954,19.55
1955,19.56
1956,19.57
1957,19.58
1958,19.59
1959,19.6
1960,19.61
1961,19.62
1962,19.63
1963,19.64
1964,19.65
1965,19.66
1966,19.67
1967,19.68
1968,19.69
1969,19.7
1970,19.71
1971,19.72
1972,19.73
1973,19.74
1974,19.75
1975,19.76
1976,19.77
1977,19.78
1978,19.79
1979,19.8
1980,19.81
1981,19.82
1982,19.83
1983,19.84
1984,19.85
1985,19.86
1986,19.87
1987,19.88
1988,19.89
1989,19.9
1990,19.91
1991,19.92
1992,19.93
1993,19.94
1994,19.95
1995,19.96
1996,19.97
1997,19.98
1998,19.99
1999,20
2000,20.01
2001,20.02
2002,20.03
2003,20.04
2004,20.05
2005,20.06
2006,20.07
2007,20.08
2008,20.09
2009,20.1
2010,20.11
2011,20.12
2012,20.13
2013,20.14
2014,20.15
2015,20.16
2016,20.17
2017,20.18
2018,20.19
2019,20.2
2020,20.21
2021,20.22
2022,20.23
2023,20.24
2024,20.25
2025,20.26
2026,20.27
2027,20.28
2028,20.29
2029,20.3
2030,20.31
2031,20.32
2032,20.33
2033,20.34
2034,20.35
2035,20.36
2036,20.37
2037,20.38
2038,20.39
2039,20.4
2040,20.41
2041,20.42
2042,20.43
2043,20.44
2044,20.45
2045,20.46
2046,20.47
2047,20.48
2048,20.49
2049,20.5
2050,20.51
2051,20.52
2052,20.53
2053,20.54
2054,20.55
2055,20.56
2056,20.57
2057,20.58
2058,20.59
2059,20.6
2060,20.61
2061,20.62
2062,20.63
2063,20.64
2064,20.65
2065,20.66
2066,20.67
2067,20.68
2068,20.69
2069,20.7
2070,20.71
2071,20.72
2072,20.73
2073,20.74
2074,20.75
2075,20.76
2076,20.77
2077,20.78
2078,20.79
2079,20.8
2080,20.81
2081,20.82
2082,20.83
2083,20.84
2084,20.85
2085,20.86
2086,20.87
2087,20.88
2088,20.89
2089,20.9
2090,20.91
2091,20.92
2092,20.93
2093,20.94
2094,20.95
2095,20.96
2096,20.97
2097,20.98
2098,20.99
2099,21
2100,21.01
2101,21.02
2102,21.03
2103,21.04
2104,21.05
2105,21.06
2106,21.07
2107,21.08
2108,21.09
2109,21.1
2110,21.11
2111,21.12
2112,21.13
2113,21.14
2114,21.15
2115,21.16
2116,21.17
2117,21.18
2118,21.19
2119,21.2
2120,21.21
2121,21.22
2122,21.23
2123,21.24
2124,21.25
2125,21.26
2126,21.27
2127,21.28
2128,21.29
2129,21.3
2130,21.31
2131,21.32
2132,21.33
2133,21.34
2134,21.35
2135,21.36
2136,21.37
2137,21.38
2138,21.39
2139,21.4
2140,21.41
2141,21.42
2142,21.43
2143,21.44
2144,21.45
2145,21.46
2146,21.47
2147,21.48
2148,21.49
2149,21.5
2150,21.51
2151,21.52
2152,21.53
2153,21.54
2154,21.55
2155,21.56
2156,21.57
2157,21.58
2158,21.59
2159,21.6
2160,21.61
2161,21.62
2162,21.63
2163,21.64
2164,21.65
2165,21.66
2166,21.67
2167,21.68
2168,21.69
2169,21.7
2170,21.71
2171,21.72
2172,21.73
2173,21.74
2174,21.75
2175,21.76
2176,21.77
2177,21.78
2178,21.79
2179,21.8
2180,21.81
2181,21.82
2182,21.83
2183,21.84
2184,21.85
2185,21.86
2186,21.87
2187,21.88
2188,21.89
2189,21.9
2190,21.91
2191,21.92
2192,21.93
2193,21.94
2194,21.95
2195,21.96
2196,21.97
2197,21.98
2198,21.99
2199,22
2200,22.01
2201,22.02
2202,22.03
2203,22.04
2204,22.05
2205,22.06
2206,22.07
2207,22.08
2208,22.09
2209,22.1
2210,22.11
2211,22.12
2212,22.13
2213,22.14
2214,22.15
2215,22.16
2216,22.17
2217,22.18
2218,22.19
2219,22.2
2220,22.21
2221,22.22
2222,22.23
2223,22.24
2224,22.25
2225,22.26
2226,22.27
2227,22.28
2228,22.29
2229,22.3
2230,22.31
2231,22.32
2232,22.33
2233,22.34
2234,22.35
2235,22.36
2236,22.37
2237,22.38
2238,22.39
2239,22.4
2240,22.41
2241,22.42
2242,22.43
2243,22.44
2244,22.45
2245,22.46
2246,22.47
2247,22.48
2248,22.49
2249,22.5
2250,22.51
2251,22.52
2252,22.53
2253,22.54
2254,22.55
2255,22.56
2256,22.57
2257,22.58
2258,22.59
2259,22.6
2260,22.61
2261,22.62
2262,22.63
2263,22.64
2264,22.65
2265,22.66
2266,22.67
2267,22.68
2268,22.69
2269,22.7
2270,22.71
2271,22.72
2272,22.73
2273,22.74
2274,22.75
2275,22.76
2276,22.77
2277,22.78
2278,22.79
2279,22.8
2280,22.81
2281,22.82
2282,22.83
2283,22.84
2284,22.85
2285,22.86
2286,22.87
2287,22.88
2288,22.89
2289,22.9
2290,22.91
2291,22.92
2292,22.93
2293,22.94
2294,22.95
2295,22.96
2296,22.97
2297,22.98
2298,22.99
2299,23
2300,23.01
2301,23.02
2302,23.03
2303,23.04
2304,23.05
2305,23.06
2306,23.07
2307,23.08
2308,23.09
2309,23.1
2310,23.11
2311,23.12
2312,23.13
2313,23.14
2314,23.15
2315,23.16
2316,23.17
2317,23.18
2318,23.19
2319,23.2
2320,23.21
2321,23.22
2322,23.23
2323,23.24
2324,23.25
2325,23.26
2326,23.27
2327,23.28
2328,23.29
2329,23.3
2330,23.31
2331,23.32
2332,23.33
2333,23.34
2334,23.35
2335,23.36
2336,23.37
2337,23.38
2338,23.39
2339,23.4
2340,23.41
2341,23.42
2342,23.43
2343,23.44
2344,23.45
2345,23.46
2346,23.47
2347,23.48
2348,23.49
2349,23.5
2350,23.51
2351,23.52
2352,23.53
2353,23.54
2354,23.55
2355,23.56
2356,23.57
2357,23.58
2358,23.59
2359,23.6
2360,23.61
2361,23.62
2362,23.63
2363,23.64
2364,23.65
2365,23.66
2366,23.67
2367,23.68
2368,23.69
2369,23.7
2370,23.71
2371,23.72
2372,23.73
2373,23.74
2374,23.75
2375,23.76
2376,23.77
2377,23.78
2378,23.79
2379,23.8
2380,23.81
2381,23.82
2382,23.83
2383,23.84
2384,23.85
2385,23.86
2386,23.87
2387,23.88
2388,23.89
2389,23.9
2390,23.91
2391,23.92
2392,23.93
2393,23.94
2394,23.95
2395,23.96
2396,23.97
2397,23.98
2398,23.99
2399,24
2400,24.01
2401,24.02
2402,24.03
2403,24.04
2404,24.05
2405,24.06
2406,24.07
2407,24.08
2408,24.09
2409,24.1
2410,24.11
2411,24.12
2412,24.13
2413,24.14
2414,24.15
2415,24.16
2416,24.17
2417,24.18
2418,24.19
2419,24.2
2420,24.21
2421,24.22
2422,24.23
2423,24.24
2424,24.25
2425,24.26
2426,24.27
2427,24.28
2428,24.29
2429,24.3
2430,24.31
2431,24.32
2432,24.33
2433,24.34
2434,24.35
2435,24.36
2436,24.37
2437,24.38
2438,24.39
2439,24.4
2440,24.41
2441,24.42
2442,24.43
2443,24.44
2444,24.45
2445,24.46
2446,24.47
2447,24.48
2448,24.49
2449,24.5
2450,24.51
2451,24.52
2452,24.53
2453,24.54
2454,24.55
2455,24.56
2456,24.57
2457,24.58
2458,24.59
2459,24.6
2460,24.61
2461,24.62
2462,24.63
2463,24.64
2464,24.65
2465,24.66
2466,24.67
2467,24.68
2468,24.69
2469,24.7
2470,24.71
2471,24.72
2472,24.73
2473,24.74
2474,24.75
2475,24.76
2476,24.77
2477,24.78
2478,24.79
2479,24.8
2480,24.81
2481,24.82
2482,24.83
2483,24.84
2484,24.85
2485,24.86
2486,24.87
2487,24.88
2488,24.89
2489,24.9
2490,24.91
2491,24.92
2492,24.93
2493,24.94
2494,24.95
2495,24.96
2496,24.97
2497,24.98
2498,24.99
2499,25
2500,25.01
2501,25.02
2502,25.03
2503,25.04
2504,25.05
2505,25.06
2506,25.07
2507,25.08
2508,25.09
2509,25.1
2510,25.11
2511,25.12
2512,25.13
2513,25.14
2514,25.15
2515,25.16
2516,25.17
2517,25.18
2518,25.19
2519,25.2
2520,25.21
2521,25.22
2522,25.23
2523,25.24
2524,25.25
2525,25.26
2526,25.27
2527,25.28
2528,25.29
2529,25.3
2530,25.31
2531,25.32
2532,25.33
2533,25.34
2534,25.35
2535,25.36
2536,25.37
2537,25.38
2538,25.39
2539,25.4
2540,25.41
2541,25.42
2542,25.43
2543,25.44
2544,25.45
2545,25.46
2546,25.47
2547,25.48
2548,25.49
2549,25.5
2550,25.51
2551,25.52
2552,25.53
2553,25.54
2554,25.55
2555,25.56
2556,25.57
2557,25.58
2558,25.59
2559,25.6
2560,25.61
2561,25.62
2562,25.63
2563,25.64
2564,25.65
2565,25.66
2566,25.67
2567,25.68
2568,25.69
2569,25.7
2570,25.71
2571,25.72
2572,25.73
2573,25.74
2574,25.75
2575,25.76
2576,25.77
2577,25.78
2578,25.79
2579,25.8
2580,25.81
2581,25.82
2582,25.83
2583,25.84
2584,25.85
2585,25.86
2586,25.87
2587,25.88
2588,25.89
2589,25.9
2590,25.91
2591,25.92
2592,25.93
2593,25.94
2594,25.95
2595,25.96
2596,25.97
2597,25.98
2598,25.99
2599,26
2600,26.01
2601,26.02
2602,26.03
2603,26.04
2604,26.05
2605,26.06
2606,26.07
2607,26.08
2608,26.09
2609,26.1
2610,26.11
2611,26.12
2612,26.13
2613,26.14
2614,26.15
2615,26.16
2616,26.17
2617,26.18
2618,26.19
2619,26.2
2620,26.21
2621,26.22
2622,26.23
2623,26.24
2624,26.25
2625,26.26
2626,26.27
2627,26.28
2628,26.29
2629,26.3
2630,26.31
2631,26.32
2632,26.33
2633,26.34
2634,26.35
2635,26.36
2636,26.37
2637,26.38
2638,26.39
2639,26.4
2640,26.41
2641,26.42
2642,26.43
2643,26.44
2644,26.45
2645,26.46
2646,26.47
2647,26.48
2648,26.49
2649,26.5
2650,26.51
2651,26.52
2652,26.53
2653,26.54
2654,26.55
2655,26.56
2656,26.57
2657,26.58
2658,26.59
2659,26.6
2660,26.61
2661,26.62
2662,26.63
2663,26.64
2664,26.65
2665,26.66
2666,26.67
2667,26.68
2668,26.69
2669,26.7
2670,26.71
2671,26.72
2672,26.73
2673,26.74
2674,26.75
2675,26.76
2676,26.77
2677,26.78
2678,26.79
2679,26.8
2680,26.81
2681,26.82
2682,26.83
2683,26.84
2684,26.85
2685,26.86
2686,26.87
2687,26.88
2688,26.89
2689,26.9
2690,26.91
2691,26.92
2692,26.93
2693,26.94
2694,26.95
2695,26.96
2696,26.97
2697,26.98
2698,26.99
2699,27
2700,27.01
2701,27.02
2702,27.03
2703,27.04
2704,27.05
2705,27.06
2706,27.07
2707,27.08
2708,27.09
2709,27.1
2710,27.11
2711,27.12
2712,27.13
2713,27.14
2714,27.15
2715,27.16
2716,27.17
2717,27.18
2718,27.19
2719,27.2
2720,27.21
2721,27.22
2722,27.23
2723,27.24
2724,27.25
2725,27.26
2726,27.27
2727,27.28
2728,27.29
2729,27.3
2730,27.31
2731,27.32
2732,27.33
2733,27.34
2734,27.35
2735,27.36
2736,27.37
2737,27.38
2738,27.39
2739,27.4
2740,27.41
2741,27.42
2742,27.43
2743,27.44
2744,27.45
2745,27.46
2746,27.47
2747,27.48
2748,27.49
2749,27.5
2750,27.51
2751,27.52
2752,27.53
2753,27.54
2754,27.55
2755,27.56
2756,27.57
2757,27.58
2758,27.59
2759,27.6
2760,27.61
2761,27.62
2762,27.63
2763,27.64
2764,27.65
2765,27.66
2766,27.67
2767,27.68
2768,27.69
2769,27.7
2770,27.71
2771,27.72
2772,27.73
2773,27.74
2774,27.75
2775,27.76
2776,27.77
2777,27.78
2778,27.79
2779,27.8
2780,27.81
2781,27.82
2782,27.83
2783,27.84
2784,27.85
2785,27.86
2786,27.87
2787,27.88
2788,27.89
2789,27.9
2790,27.91
2791,27.92
2792,27.93
2793,27.94
2794,27.95
2795,27.96
2796,27.97
2797,27.98
2798,27.99
2799,28
2800,28.01
2801,28.02
2802,28.03
2803,28.04
2804,28.05
2805,28.06
2806,28.07
2807,28.08
2808,28.09
2809,28.1
2810,28.11
2811,28.12
2812,28.13
2813,28.14
2814,28.15
2815,28.16
2816,28.17
2817,28.18
2818,28.19
2819,28.2
2820,28.21
2821,28.22
2822,28.23
2823,28.24
2824,28.25
2825,28.26
2826,28.27
2827,28.28
2828,28.29
2829,28.3
2830,28.31
2831,28.32
2832,28.33
2833,28.34
2834,28.35
2835,28.36
2836,28.37
2837,28.38
2838,28.39
2839,28.4
2840,28.41
2841,28.42
2842,28.43
2843,28.44
2844,28.45
2845,28.46
2846,28.47
2847,28.48
2848,28.49
2849,28.5
2850,28.51
2851,28.52
2852,28.53
2853,28.54
2854,28.55
2855,28.56
2856,28.57
2857,28.58
2858,28.59
2859,28.6
2860,28.61
2861,28.62
2862,28.63
2863,28.64
2864,28.65
2865,28.66
2866,28.67
2867,28.68
2868,28.69
2869,28.7
2870,28.71
2871,28.72
2872,28.73
2873,28.74
2874,28.75
2875,28.76
2876,28.77
2877,28.78
2878,28.79
2879,28.8
2880,28.81
2881,28.82
2882,28.83
2883,28.84
2884,28.85
2885,28.86
2886,28.87
2887,28.88
2888,28.89
2889,28.9
2890,28.91
2891,28.92
2892,28.93
2893,28.94
2894,28.95
2895,28.96
2896,28.97
2897,28.98
2898,28.99
2899,29
2900,29.01
2901,29.02
2902,29.03
2903,29.04
2904,29.05
2905,29.06
2906,29.07
2907,29.08
2908,29.09
2909,29.1
2910,29.11
2911,29.12
2912,29.13
2913,29.14
2914,29.15
2915,29.16
2916,29.17
2917,29.18
2918,29.19
2919,29.2
2920,29.21
2921,29.22
2922,29.23
2923,29.24
2924,29.25
2925,29.26
2926,29.27
2927,29.28
2928,29.29
2929,29.3
2930,29.31
2931,29.32
2932,29.33
2933,29.34
2934,29.35
2935,29.36
2936,29.37
2937,29.38
2938,29.39
2939,29.4
2940,29.41
2941,29.42
2942,29.43
2943,29.44
2944,29.45
2945,29.46
2946,29.47
2947,29.48
2948,29.49
2949,29.5
2950,29.51
2951,29.52
2952,29.53
2953,29.54
2954,29.55
2955,29.56
2956,29.57
2957,29.58
2958,29.59
2959,29.6
2960,29.61
2961,29.62
2962,29.63
2963,29.64
2964,29.65
2965,29.66
2966,29.67
2967,29.68
2968,29.69
2969,29.7
2970,29.71
2971,29.72
2972,29.73
2973,29.74
2974,29.75
2975,29.76
2976,29.77
2977,29.78
2978,29.79
2979,29.8
2980,29.81
2981,29.82
2982,29.83
2983,29.84
2984,29.85
2985,29.86
2986,29.87
2987,29.88
2988,29.89
2989,29.9
2990,29.91
2991,29.92
2992,29.93
2993,29.94
2994,29.95
2995,29.96
2996,29.97
2997,29.98
2998,29.99
2999,30
3000,30.01
3001,30.02
3002,30.03
3003,30.04
3004,30.05
3005,30.06
3006,30.07
3007,30.08
3008,30.09
3009,30.1
3010,30.11
3011,30.12
3012,30.13
3013,30.14
3014,30.15
3015,30.16
3016,30.17
3017,30.18
3018,30.19
3019,30.2
3020,30.21
3021,30.22
3022,30.23
3023,30.24
3024,30.25
3025,30.26
3026,30.27
3027,30.28
3028,30.29
3029,30.3
3030,30.31
3031,30.32
3032,30.33
3033,30.34
3034,30.35
3035,30.36
3036,30.37
3037,30.38
3038,30.39
3039,30.4
3040,30.41
3041,30.42
3042,30.43
3043,30.44
3044,30.45
3045,30.46
3046,30.47
3047,30.48
3048,30.49
3049,30.5
3050,30.51
3051,30.52
3052,30.53
3053,30.54
3054,30.55
3055,30.56
3056,30.57
3057,30.58
3058,30.59
3059,30.6
3060,30.61
3061,30.62
3062,30.63
3063,30.64
3064,30.65
3065,30.66
3066,30.67
3067,30.68
3068,30.69
3069,30.7
3070,30.71
3071,30.72
3072,30.73
3073,30.74
3074,30.75
3075,30.76
3076,30.77
3077,30.78
3078,30.79
3079,30.8
3080,30.81
3081,30.82
3082,30.83
3083,30.84
3084,30.85
3085,30.86
3086,30.87
3087,30.88
3088,30.89
3089,30.9
3090,30.91
3091,30.92
3092,30.93
3093,30.94
3094,30.95
3095,30.96
3096,30.97
3097,30.98
3098,30.99
3099,31
3100,31.01
3101,31.02
3102,31.03
3103,31.04
3104,31.05
3105,31.06
3106,31.07
3107,31.08
3108,31.09
3109,31.1
3110,31.11
3111,31.12
3112,31.13
3113,31.14
3114,31.15
3115,31.16
3116,31.17
3117,31.18
3118,31.19
3119,31.2
3120,31.21
3121,31.22
3122,31.23
3123,31.24
3124,31.25
3125,31.26
3126,31.27
3127,31.28
3128,31.29
3129,31.3
3130,31.31
3131,31.32
3132,31.33
3133,31.34
3134,31.35
3135,31.36
3136,31.37
3137,31.38
3138,31.39
3139,31.4
3140,31.41
3141,31.42
3142,31.43
3143,31.44
3144,31.45
3145,31.46
3146,31.47
3147,31.48
3148,31.49
3149,31.5
3150,31.51
3151,31.52
3152,31.53
3153,31.54
3154,31.55
3155,31.56
3156,31.57
3157,31.58
3158,31.59
3159,31.6
3160,31.61
3161,31.62
3162,31.63
3163,31.64
3164,31.65
3165,31.66
3166,31.67
3167,31.68
3168,31.69
3169,31.7
3170,31.71
3171,31.72
3172,31.73
3173,31.74
3174,31.75
3175,31.76
3176,31.77
3177,31.78
3178,31.79
3179,31.8
3180,31.81
3181,31.82
3182,31.83
3183,31.84
3184,31.85
3185,31.86
3186,31.87
3187,31.88
3188,31.89
3189,31.9
3190,31.91
3191,31.92
3192,31.93
3193,31.94
3194,31.95
3195,31.96
3196,31.97
3197,31.98
3198,31.99
3199,32
3200,32.01
3201,32.02
3202,32.03
3203,32.04
3204,32.05
3205,32.06
3206,32.07
3207,32.08
3208,32.09
3209,32.1
3210,32.11
3211,32.12
3212,32.13
3213,32.14
3214,32.15
3215,32.16
3216,32.17
3217,32.18
3218,32.19
3219,32.2
3220,32.21
3221,32.22
3222,32.23
3223,32.24
3224,32.25
3225,32.26
3226,32.27
3227,32.28
3228,32.29
3229,32.3
3230,32.31
3231,32.32
3232,32.33
3233,32.34
3234,32.35
3235,32.36
3236,32.37
3237,32.38
3238,32.39
3239,32.4
3240,32.41
3241,32.42
3242,32.43
3243,32.44
3244,32.45
3245,32.46
3246,32.47
3247,32.48
3248,32.49
3249,32.5
3250,32.51
3251,32.52
3252,32.53
3253,32.54
3254,32.55
3255,32.56
3256,32.57
3257,32.58
3258,32.59
3259,32.6
3260,32.61
3261,32.62
3262,32.63
3263,32.64
3264,32.65
3265,32.66
3266,32.67
3267,32.68
3268,32.69
3269,32.7
3270,32.71
3271,32.72
3272,32.73
3273,32.74
3274,32.75
3275,32.76
3276,32.77
3277,32.78
3278,32.79
3279,32.8
3280,32.81
3281,32.82
3282,32.83
3283,32.84
3284,32.85
3285,32.86
3286,32.87
3287,32.88
3288,32.89
3289,32.9
3290,32.91
3291,32.92
3292,32.93
3293,32.94
3294,32.95
3295,32.96
3296,32.97
3297,32.98
3298,32.99
3299,33
3300,33.01
3301,33.02
3302,33.03
3303,33.04
3304,33.05
3305,33.06
3306,33.07
3307,33.08
3308,33.09
3309,33.1
3310,33.11
3311,33.12
3312,33.13
3313,33.14
3314,33.15
3315,33.16
3316,33.17
3317,33.18
3318,33.19
3319,33.2
3320,33.21
3321,33.22
3322,33.23
3323,33.24
3324,33.25
3325,33.26
3326,33.27
3327,33.28
3328,33.29
3329,33.3
3330,33.31
3331,33.32
3332,33.33
3333,33.34
3334,33.35
3335,33.36
3336,33.37
3337,33.38
3338,33.39
3339,33.4
3340,33.41
3341,33.42
3342,33.43
3343,33.44
3344,33.45
3345,33.46
3346,33.47
3347,33.48
3348,33.49
3349,33.5
3350,33.51
3351,33.52
3352,33.53
3353,33.54
3354,33.55
3355,33.56
3356,33.57
3357,33.58
3358,33.59
3359,33.6
3360,33.61
3361,33.62
3362,33.63
3363,33.64
3364,33.65
3365,33.66
3366,33.67
3367,33.68
3368,33.69
3369,33.7
3370,33.71
3371,33.72
3372,33.73
3373,33.74
3374,33.75
3375,33.76
3376,33.77
3377,33.78
3378,33.79
3379,33.8
3380,33.81
3381,33.82
3382,33.83
3383,33.84
3384,33.85
3385,33.86
3386,33.87
3387,33.88
3388,33.89
3389,33.9
3390,33.91
3391,33.92
3392,33.93
3393,33.94
3394,33.95
3395,33.96
3396,33.97
3397,33.98
3398,33.99
3399,34
3400,34.01
3401,34.02
3402,34.03
3403,34.04
3404,34.05
3405,34.06
3406,34.07
3407,34.08
3408,34.09
3409,34.1
3410,34.11
3411,34.12
3412,34.13
3413,34.14
3414,34.15
3415,34.16
3416,34.17
3417,34.18
3418,34.19
3419,34.2
3420,34.21
3421,34.22
3422,34.23
3423,34.24
3424,34.25
3425,34.26
3426,34.27
3427,34.28
3428,34.29
3429,34.3
3430,34.31
3431,34.32
3432,34.33
3433,34.34
3434,34.35
3435,34.36
3436,34.37
3437,34.38
3438,34.39
3439,34.4
3440,34.41
3441,34.42
3442,34.43
3443,34.44
3444,34.45
3445,34.46
3446,34.47
3447,34.48
3448,34.49
3449,34.5
3450,34.51
3451,34.52
3452,34.53
3453,34.54
3454,34.55
3455,34.56
3456,34.57
3457,34.58
3458,34.59
3459,34.6
3460,34.61
3461,34.62
3462,34.63
3463,34.64
3464,34.65
3465,34.66
3466,34.67
3467,34.68
3468,34.69
3469,34.7
3470,34.71
3471,34.72
3472,34.73
3473,34.74
3474,34.75
3475,34.76
3476,34.77
3477,34.78
3478,34.79
3479,34.8
3480,34.81
3481,34.82
3482,34.83
3483,34.84
3484,34.85
3485,34.86
3486,34.87
3487,34.88
3488,34.89
3489,34.9
3490,34.91
3491,34.92
3492,34.93
3493,34.94
3494,34.95
3495,34.96
3496,34.97
3497,34.98
3498,34.99
3499,35
3500,35.01
3501,35.02
3502,35.03
3503,35.04
3504,35.05
3505,35.06
3506,35.07
3507,35.08
3508,35.09
3509,35.1
3510,35.11
3511,35.12
3512,35.13
3513,35.14
3514,35.15
3515,35.16
3516,35.17
3517,35.18
3518,35.19
3519,35.2
3520,35.21
3521,35.22
3522,35.23
3523,35.24
3524,35.25
3525,35.26
3526,35.27
3527,35.28
3528,35.29
3529,35.3
3530,35.31
3531,35.32
3532,35.33
3533,35.34
3534,35.35
3535,35.36
3536,35.37
3537,35.38
3538,35.39
3539,35.4
3540,35.41
3541,35.42
3542,35.43
3543,35.44
3544,35.45
3545,35.46
3546,35.47
3547,35.48
3548,35.49
3549,35.5
3550,35.51
3551,35.52
3552,35.53
3553,35.54
3554,35.55
3555,35.56
3556,35.57
3557,35.58
3558,35.59
3559,35.6
3560,35.61
3561,35.62
3562,35.63
3563,35.64
3564,35.65
3565,35.66
3566,35.67
3567,35.68
3568,35.69
3569,35.7
3570,35.71
3571,35.72
3572,35.73
3573,35.74
3574,35.75
3575,35.76
3576,35.77
3577,35.78
3578,35.79
3579,35.8
3580,35.81
3581,35.82
3582,35.83
3583,35.84
3584,35.85
3585,35.86
3586,35.87
3587,35.88
3588,35.89
3589,35.9
3590,35.91
3591,35.92
3592,35.93
3593,35.94
3594,35.95
3595,35.96
3596,35.97
3597,35.98
3598,35.99
3599,36
3600,36.01
3601,36.02
3602,36.03
3603,36.04
3604,36.05
3605,36.06
3606,36.07
3607,36.08
3608,36.09
3609,36.1
3610,36.11
3611,36.12
3612,36.13
3613,36.14
3614,36.15
3615,36.16
3616,36.17
3617,36.18
3618,36.19
3619,36.2
3620,36.21
3621,36.22
3622,36.23
3623,36.24
3624,36.25
3625,36.26
3626,36.27
3627,36.28
3628,36.29
3629,36.3
3630,36.31
3631,36.32
3632,36.33
3633,36.34
3634,36.35
3635,36.36
3636,36.37
3637,36.38
3638,36.39
3639,36.4
3640,36.41
3641,36.42
3642,36.43
3643,36.44
3644,36.45
3645,36.46
3646,36.47
3647,36.48
3648,36.49
3649,36.5
3650,36.51
3651,36.52
3652,36.53
3653,36.54
3654,36.55
3655,36.56
3656,36.57
3657,36.58
3658,36.59
3659,36.6
3660,36.61
3661,36.62
3662,36.63
3663,36.64
3664,36.65
3665,36.66
3666,36.67
3667,36.68
3668,36.69
3669,36.7
3670,36.71
3671,36.72
3672,36.73
3673,36.74
3674,36.75
3675,36.76
3676,36.77
3677,36.78
3678,36.79
3679,36.8
3680,36.81
3681,36.82
3682,36.83
3683,36.84
3684,36.85
3685,36.86
3686,36.87
3687,36.88
3688,36.89
3689,36.9
3690,36.91
3691,36.92
3692,36.93
3693,36.94
3694,36.95
3695,36.96
3696,36.97
3697,36.98
3698,36.99
3699,37
3700,37.01
3701,37.02
3702,37.03
3703,37.04
3704,37.05
3705,37.06
3706,37.07
3707,37.08
3708,37.09
3709,37.1
3710,37.11
3711,37.12
3712,37.13
3713,37.14
3714,37.15
3715,37.16
3716,37.17
3717,37.18
3718,37.19
3719,37.2
3720,37.21
3721,37.22
3722,37.23
3723,37.24
3724,37.25
3725,37.26
3726,37.27
3727,37.28
3728,37.29
3729,37.3
3730,37.31
3731,37.32
3732,37.33
3733,37.34
3734,37.35
3735,37.36
3736,37.37
3737,37.38
3738,37.39
3739,37.4
3740,37.41
3741,37.42
3742,37.43
3743,37.44
3744,37.45
3745,37.46
3746,37.47
3747,37.48
3748,37.49
3749,37.5
3750,37.51
3751,37.52
3752,37.53
3753,37.54
3754,37.55
3755,37.56
3756,37.57
3757,37.58
3758,37.59
3759,37.6
3760,37.61
3761,37.62
3762,37.63
3763,37.64
3764,37.65
3765,37.66
3766,37.67
3767,37.68
3768,37.69
3769,37.7
3770,37.71
3771,37.72
3772,37.73
3773,37.74
3774,37.75
3775,37.76
3776,37.77
3777,37.78
3778,37.79
3779,37.8
3780,37.81
3781,37.82
3782,37.83
3783,37.84
3784,37.85
3785,37.86
3786,37.87
3787,37.88
3788,37.89
3789,37.9
3790,37.91
3791,37.92
3792,37.93
3793,37.94
3794,37.95
3795,37.96
3796,37.97
3797,37.98
3798,37.99
3799,38
3800,38.01
3801,38.02
3802,38.03
3803,38.04
3804,38.05
3805,38.06
3806,38.07
3807,38.08
3808,38.09
3809,38.1
3810,38.11
3811,38.12
3812,38.13
7626,38.14
7627,38.15
7628,38.16
7629,38.17
7630,38.18
7631,38.19
7632,38.2
7633,38.21
7634,38.22
7635,38.23
7636,38.24
7637,38.25
7638,38.26
7639,38.27
7640,38.28
7641,38.29
7642,38.3
7643,38.31
7644,38.32
7645,38.33
7646,38.34
7647,38.35
7648,38.36
7649,38.37
7650,38.38
7651,38.39
7652,38.4
7653,38.41
7654,38.42
7655,38.43
7656,38.44
7657,38.45
7658,38.46
7659,38.47
7660,38.48
7661,38.49
7662,38.5
7663,38.51
7664,38.52
7665,38.53
7666,38.54
7667,38.55
7668,38.56
7669,38.57
7670,38.58
7671,38.59
7672,38.6
7673,38.61
7674,38.62
7675,38.63
7676,38.64
7677,38.65
7678,38.66
7679,38.67
7680,38.68
7681,38.69
7682,38.7
7683,38.71
7684,38.72
7685,38.73
7686,38.74
7687,38.75
7688,38.76
7689,38.77
7690,38.78
7691,38.79
7692,38.8
7693,38.81
7694,38.82
7695,38.83
7696,38.84
7697,38.85
7698,38.86
7699,38.87
7700,38.88
7701,38.89
7702,38.9
7703,38.91
7704,38.92
7705,38.93
7706,38.94
7707,38.95
7708,38.96
7709,38.97
7710,38.98
7711,38.99
7712,39
7713,39.01
7714,39.02
7715,39.03
7716,39.04
7717,39.05
7718,39.06
7719,39.07
7720,39.08
7721,39.09
7722,39.1
7723,39.11
7724,39.12
7725,39.13
7726,39.14
7727,39.15
7728,39.16
7729,39.17
7730,39.18
7731,39.19
7732,39.2
7733,39.21
7734,39.22
7735,39.23
7736,39.24
7737,39.25
7738,39.26
7739,39.27
7740,39.28
7741,39.29
7742,39.3
7743,39.31
7744,39.32
7745,39.33
7746,39.34
7747,39.35
7748,39.36
7749,39.37
7750,39.38
7751,39.39
7752,39.4
7753,39.41
7754,39.42
7755,39.43
7756,39.44
7757,39.45
7758,39.46
7759,39.47
7760,39.48
7761,39.49
7762,39.5
7763,39.51
7764,39.52
7765,39.53
7766,39.54
7767,39.55
7768,39.56
7769,39.57
7770,39.58
7771,39.59
7772,39.6
7773,39.61
7774,39.62
7775,39.63
7776,39.64
7777,39.65
7778,39.66
7779,39.67
7780,39.68
7781,39.69
7782,39.7
7783,39.71
7784,39.72
7785,39.73
7786,39.74
7787,39.75
7788,39.76
7789,39.77
7790,39.78
7791,39.79
7792,39.8
7793,39.81
7794,39.82
7795,39.83
7796,39.84
7797,39.85
7798,39.86
7799,39.87
7800,39.88
7801,39.89
7802,39.9
7803,39.91
7804,39.92
7805,39.93
7806,39.94
7807,39.95
7808,39.96
7809,39.97
7810,39.98
7811,39.99
7812,40
7813,40.01
7814,40.02
7815,40.03
7816,40.04
7817,40.05
7818,40.06
7819,40.07
7820,40.08
7821,40.09
7822,40.1
7823,40.11
7824,40.12
7825,40.13
7826,40.14
7827,40.15
7828,40.16
7829,40.17
7830,40.18
7831,40.19
7832,40.2
7833,40.21
7834,40.22
7835,40.23
7836,40.24
7837,40.25
7838,40.26
7839,40.27
7840,40.28
7841,40.29
7842,40.3
7843,40.31
7844,40.32
7845,40.33
7846,40.34
7847,40.35
7848,40.36
7849,40.37
7850,40.38
7851,40.39
7852,40.4
7853,40.41
7854,40.42
7855,40.43
7856,40.44
7857,40.45
7858,40.46
7859,40.47
7860,40.48
7861,40.49
7862,40.5
7863,40.51
7864,40.52
7865,40.53
7866,40.54
7867,40.55
7868,40.56
7869,40.57
7870,40.58
7871,40.59
7872,40.6
7873,40.61
7874,40.62
7875,40.63
7876,40.64
7877,40.65
7878,40.66
7879,40.67
7880,40.68
7881,40.69
7882,40.7
7883,40.71
7884,40.72
7885,40.73
7886,40.74
7887,40.75
7888,40.76
7889,40.77
7890,40.78
7891,40.79
7892,40.8
7893,40.81
7894,40.82
7895,40.83
7896,40.84
7897,40.85
7898,40.86
7899,40.87
7900,40.88
7901,40.89
7902,40.9
7903,40.91
7904,40.92
7905,40.93
7906,40.94
7907,40.95
7908,40.96
7909,40.97
7910,40.98
7911,40.99
7912,41
7913,41.01
7914,41.02
7915,41.03
7916,41.04
7917,41.05
7918,41.06
7919,41.07
7920,41.08
7921,41.09
7922,41.1
7923,41.11
7924,41.12
7925,41.13
7926,41.14
7927,41.15
7928,41.16
7929,41.17
7930,41.18
7931,41.19
7932,41.2
7933,41.21
7934,41.22
7935,41.23
7936,41.24
7937,41.25
7938,41.26
7939,41.27
7940,41.28
7941,41.29
7942,41.3
7943,41.31
7944,41.32
7945,41.33
7946,41.34
7947,41.35
7948,41.36
7949,41.37
7950,41.38
7951,41.39
7952,41.4
7953,41.41
7954,41.42
7955,41.43
7956,41.44
7957,41.45
7958,41.46
7959,41.47
7960,41.48
7961,41.49
7962,41.5
7963,41.51
7964,41.52
7965,41.53
7966,41.54
7967,41.55
7968,41.56
7969,41.57
7970,41.58
7971,41.59
7972,41.6
7973,41.61
7974,41.62
7975,41.63
7976,41.64
7977,41.65
7978,41.66
7979,41.67
7980,41.68
7981,41.69
7982,41.7
7983,41.71
7984,41.72
7985,41.73
7986,41.74
7987,41.75
7988,41.76
7989,41.77
7990,41.78
7991,41.79
7992,41.8
7993,41.81
7994,41.82
7995,41.83
7996,41.84
7997,41.85
7998,41.86
7999,41.87
8000,41.88
8001,41.89
8002,41.9
8003,41.91
8004,41.92
8005,41.93
8006,41.94
8007,41.95
8008,41.96
8009,41.97
8010,41.98
8011,41.99
8012,42
8013,42.01
8014,42.02
8015,42.03
8016,42.04
8017,42.05
8018,42.06
8019,42.07
8020,42.08
8021,42.09
8022,42.1
8023,42.11
8024,42.12
8025,42.13
8026,42.14
8027,42.15
8028,42.16
8029,42.17
8030,42.18
8031,42.19
8032,42.2
8033,42.21
8034,42.22
8035,42.23
8036,42.24
8037,42.25
8038,42.26
8039,42.27
8040,42.28
8041,42.29
8042,42.3
8043,42.31
8044,42.32
8045,42.33
8046,42.34
8047,42.35
8048,42.36
8049,42.37
8050,42.38
8051,42.39
8052,42.4
8053,42.41
8054,42.42
8055,42.43
8056,42.44
8057,42.45
8058,42.46
8059,42.47
8060,42.48
8061,42.49
8062,42.5
8063,42.51
8064,42.52
8065,42.53
8066,42.54
8067,42.55
8068,42.56
8069,42.57
8070,42.58
8071,42.59
8072,42.6
8073,42.61
8074,42.62
8075,42.63
8076,42.64
8077,42.65
8078,42.66
8079,42.67
8080,42.68
8081,42.69
8082,42.7
8083,42.71
8084,42.72
8085,42.73
8086,42.74
8087,42.75
8088,42.76
8089,42.77
8090,42.78
8091,42.79
8092,42.8
8093,42.81
8094,42.82
8095,42.83
8096,42.84
8097,42.85
8098,42.86
8099,42.87
8100,42.88
8101,42.89
8102,42.9
8103,42.91
8104,42.92
8105,42.93
8106,42.94
8107,42.95
8108,42.96
8109,42.97
8110,42.98
8111,42.99
8112,43
8113,43.01
8114,43.02
8115,43.03
8116,43.04
8117,43.05
8118,43.06
8119,43.07
8120,43.08
8121,43.09
8122,43.1
8123,43.11
8124,43.12
8125,43.13
8126,43.14
8127,43.15
8128,43.16
8129,43.17
8130,43.18
8131,43.19
8132,43.2
8133,43.21
8134,43.22
8135,43.23
8136,43.24
8137,43.25
8138,43.26
8139,43.27
8140,43.28
8141,43.29
8142,43.3
8143,43.31
8144,43.32
8145,43.33
8146,43.34
8147,43.35
8148,43.36
8149,43.37
8150,43.38
8151,43.39
8152,43.4
8153,43.41
8154,43.42
8155,43.43
8156,43.44
8157,43.45
8158,43.46
8159,43.47
8160,43.48
8161,43.49
8162,43.5
8163,43.51
8164,43.52
8165,43.53
8166,43.54
8167,43.55
8168,43.56
8169,43.57
8170,43.58
8171,43.59
8172,43.6
8173,43.61
8174,43.62
8175,43.63
8176,43.64
8177,43.65
8178,43.66
8179,43.67
8180,43.68
8181,43.69
8182,43.7
8183,43.71
8184,43.72
8185,43.73
8186,43.74
8187,43.75
8188,43.76
8189,43.77
8190,43.78
8191,43.79
8192,43.8
8193,43.81
8194,43.82
8195,43.83
8196,43.84
8197,43.85
8198,43.86
8199,43.87
8200,43.88
8201,43.89
8202,43.9
8203,43.91
8204,43.92
8205,43.93
8206,43.94
8207,43.95
8208,43.96
8209,43.97
8210,43.98
8211,43.99
8212,44
8213,44.01
8214,44.02
8215,44.03
8216,44.04
8217,44.05
8218,44.06
8219,44.07
8220,44.08
8221,44.09
8222,44.1
8223,44.11
8224,44.12
8225,44.13
8226,44.14
8227,44.15
8228,44.16
8229,44.17
8230,44.18
8231,44.19
8232,44.2
8233,44.21
8234,44.22
8235,44.23
8236,44.24
8237,44.25
8238,44.26
8239,44.27
8240,44.28
8241,44.29
8242,44.3
8243,44.31
8244,44.32
8245,44.33
8246,44.34
8247,44.35
8248,44.36
8249,44.37
8250,44.38
8251,44.39
8252,44.4
8253,44.41
8254,44.42
8255,44.43
8256,44.44
8257,44.45
8258,44.46
8259,44.47
8260,44.48
8261,44.49
8262,44.5
8263,44.51
8264,44.52
8265,44.53
8266,44.54
8267,44.55
8268,44.56
8269,44.57
8270,44.58
8271,44.59
8272,44.6
8273,44.61
8274,44.62
8275,44.63
8276,44.64
8277,44.65
8278,44.66
8279,44.67
8280,44.68
8281,44.69
8282,44.7
8283,44.71
8284,44.72
8285,44.73
8286,44.74
8287,44.75
8288,44.76
8289,44.77
8290,44.78
8291,44.79
8292,44.8
8293,44.81
8294,44.82
8295,44.83
8296,44.84
8297,44.85
8298,44.86
8299,44.87
8300,44.88
8301,44.89
8302,44.9
8303,44.91
8304,44.92
8305,44.93
8306,44.94
8307,44.95
8308,44.96
8309,44.97
8310,44.98
8311,44.99
8312,45
8313,45.01
8314,45.02
8315,45.03
8316,45.04
8317,45.05
8318,45.06
8319,45.07
8320,45.08
8321,45.09
8322,45.1
8323,45.11
8324,45.12
8325,45.13
8326,45.14
8327,45.15
8328,45.16
8329,45.17
8330,45.18
8331,45.19
8332,45.2
8333,45.21
8334,45.22
8335,45.23
8336,45.24
8337,45.25
8338,45.26
8339,45.27
8340,45.28
8341,45.29
8342,45.3
8343,45.31
8344,45.32
8345,45.33
8346,45.34
8347,45.35
8348,45.36
8349,45.37
8350,45.38
8351,45.39
8352,45.4
8353,45.41
8354,45.42
8355,45.43
8356,45.44
8357,45.45
8358,45.46
8359,45.47
8360,45.48
8361,45.49
8362,45.5
8363,45.51
8364,45.52
8365,45.53
8366,45.54
8367,45.55
8368,45.56
8369,45.57
8370,45.58
8371,45.59
8372,45.6
8373,45.61
8374,45.62
8375,45.63
8376,45.64
8377,45.65
8378,45.66
8379,45.67
8380,45.68
8381,45.69
8382,45.7
8383,45.71
8384,45.72
8385,45.73
8386,45.74
8387,45.75
8388,45.76
8389,45.77
8390,45.78
8391,45.79
8392,45.8
8393,45.81
8394,45.82
8395,45.83
8396,45.84
8397,45.85
8398,45.86
8399,45.87
8400,45.88
8401,45.89
8402,45.9
8403,45.91
8404,45.92
8405,45.93
8406,45.94
8407,45.95
8408,45.96
8409,45.97
8410,45.98
8411,45.99
8412,46
8413,46.01
8414,46.02
8415,46.03
8416,46.04
8417,46.05
8418,46.06
8419,46.07
8420,46.08
8421,46.09
8422,46.1
8423,46.11
8424,46.12
8425,46.13
8426,46.14
8427,46.15
8428,46.16
8429,46.17
8430,46.18
8431,46.19
8432,46.2
8433,46.21
8434,46.22
8435,46.23
8436,46.24
8437,46.25
8438,46.26
8439,46.27
8440,46.28
8441,46.29
8442,46.3
8443,46.31
8444,46.32
8445,46.33
8446,46.34
8447,46.35
8448,46.36
8449,46.37
8450,46.38
8451,46.39
8452,46.4
8453,46.41
8454,46.42
8455,46.43
8456,46.44
8457,46.45
8458,46.46
8459,46.47
8460,46.48
8461,46.49
8462,46.5
8463,46.51
8464,46.52
8465,46.53
8466,46.54
8467,46.55
8468,46.56
8469,46.57
8470,46.58
8471,46.59
8472,46.6
8473,46.61
8474,46.62
8475,46.63
8476,46.64
8477,46.65
8478,46.66
8479,46.67
8480,46.68
8481,46.69
8482,46.7
8483,46.71
8484,46.72
8485,46.73
8486,46.74
8487,46.75
8488,46.76
8489,46.77
8490,46.78
8491,46.79
8492,46.8
8493,46.81
8494,46.82
8495,46.83
8496,46.84
8497,46.85
8498,46.86
8499,46.87
8500,46.88
8501,46.89
8502,46.9
8503,46.91
8504,46.92
8505,46.93
8506,46.94
8507,46.95
8508,46.96
8509,46.97
8510,46.98
8511,46.99
8512,47
8513,47.01
8514,47.02
8515,47.03
8516,47.04
8517,47.05
8518,47.06
8519,47.07
8520,47.08
8521,47.09
8522,47.1
8523,47.11
8524,47.12
8525,47.13
8526,47.14
8527,47.15
8528,47.16
8529,47.17
8530,47.18
8531,47.19
8532,47.2
8533,47.21
8534,47.22
8535,47.23
8536,47.24
8537,47.25
8538,47.26
8539,47.27
8540,47.28
8541,47.29
8542,47.3
8543,47.31
8544,47.32
8545,47.33
8546,47.34
8547,47.35
8548,47.36
8549,47.37
8550,47.38
8551,47.39
8552,47.4
8553,47.41
8554,47.42
8555,47.43
8556,47.44
8557,47.45
8558,47.46
8559,47.47
8560,47.48
8561,47.49
8562,47.5
8563,47.51
8564,47.52
8565,47.53
8566,47.54
8567,47.55
8568,47.56
8569,47.57
8570,47.58
8571,47.59
8572,47.6
8573,47.61
8574,47.62
8575,47.63
8576,47.64
8577,47.65
8578,47.66
8579,47.67
8580,47.68
8581,47.69
8582,47.7
8583,47.71
8584,47.72
8585,47.73
8586,47.74
8587,47.75
8588,47.76
8589,47.77
8590,47.78
8591,47.79
8592,47.8
8593,47.81
8594,47.82
8595,47.83
8596,47.84
8597,47.85
8598,47.86
8599,47.87
8600,47.88
8601,47.89
8602,47.9
8603,47.91
8604,47.92
8605,47.93
8606,47.94
8607,47.95
8608,47.96
8609,47.97
8610,47.98
8611,47.99
8612,48
8613,48.01
8614,48.02
8615,48.03
8616,48.04
8617,48.05
8618,48.06
8619,48.07
8620,48.08
8621,48.09
8622,48.1
8623,48.11
8624,48.12
8625,48.13
8626,48.14
8627,48.15
8628,48.16
8629,48.17
8630,48.18
8631,48.19
8632,48.2
8633,48.21
8634,48.22
8635,48.23
8636,48.24
8637,48.25
8638,48.26
8639,48.27
8640,48.28
8641,48.29
8642,48.3
8643,48.31
8644,48.32
8645,48.33
8646,48.34
8647,48.35
8648,48.36
8649,48.37
8650,48.38
8651,48.39
8652,48.4
8653,48.41
8654,48.42
8655,48.43
8656,48.44
8657,48.45
8658,48.46
8659,48.47
8660,48.48
8661,48.49
8662,48.5
8663,48.51
8664,48.52
8665,48.53
8666,48.54
8667,48.55
8668,48.56
8669,48.57
8670,48.58
8671,48.59
8672,48.6
8673,48.61
8674,48.62
8675,48.63
8676,48.64
8677,48.65
8678,48.66
8679,48.67
8680,48.68
8681,48.69
13551,48.7
13552,48.71
13553,48.72
13554,48.73
13555,48.74
13556,48.75
13557,48.76
13558,48.77
13559,48.78
13560,48.79
13561,48.8
13562,48.81
13563,48.82
13564,48.83
13565,48.84
13566,48.85
13567,48.86
13568,48.87
13569,48.88
13570,48.89
13571,48.9
13572,48.91
13573,48.92
13574,48.93
13575,48.94
13576,48.95
13577,48.96
13578,48.97
13579,48.98
18478,48.99
18479,49
18480,49.01
18481,49.02
18482,49.03
18483,49.04
18484,49.05
18485,49.06
18486,49.07
18487,49.08
18488,49.09
18489,49.1
18490,49.11
18491,49.12
18492,49.13
23406,49.14
23407,49.15
23408,49.16
23409,49.17
23410,49.18
23411,49.19
23412,49.2
23413,49.21
23414,49.22
28337,49.23
28338,49.24
28339,49.25
28340,49.26
38193,49.27
38194,49.28
48051,49.29
48052,49.3
