-101.62,216.32,263.12
-105.47,207.82,262.1
-109.26,199.58,262.39
-112.91,191.35,267.34
-116.27,183.1,252.5
-119.18,174.83,-42.056
-121.54,166.57,-88.99
-122.91,158.51,-70.543
-123.3,150.71,-67.19
-123.59,142.96,-66.765
-123.81,135.24,-66.221
-123.99,127.54,-65.803
-124.12,119.85,-65.48
-124.23,112.18,-65.229
-124.31,104.52,-65.035
-124.38,96.869,-64.883
-124.43,89.224,-64.765
-124.47,81.585,-64.673
-124.5,73.949,-64.601
-124.52,66.317,-64.545
-124.54,58.687,-64.501
-124.55,51.059,-64.466
-124.57,43.432,-64.439
-124.57,35.809,-64.216
-124.6,28.176,-66.24
-125.05,20.369,-69.429
-125.36,12.613,-64.585
-125.13,5.1063,-59.6
-124.41,-2.1068,-54.536
-123.21,-8.9818,-49.498
-121.57,-15.484,-44.577
-119.54,-21.588,-39.835
-117.17,-27.282,-35.309
-114.5,-32.561,-31.019
-111.58,-37.428,-26.974
-108.45,-41.891,-23.173
-105.16,-45.963,-19.61
-101.73,-49.66,-16.274
-98.193,-52.999,-13.153
-94.578,-55.999,-10.234
-90.906,-58.676,-7.5013
-87.193,-61.051,-4.9412
-83.455,-63.141,-2.5393
-79.705,-64.961,-0.28208
-75.953,-66.528,1.8438
-72.208,-67.856,3.8507
-68.479,-68.959,5.7503
-64.77,-69.85,7.5537
-61.089,-70.538,9.2709
-57.438,-71.035,10.912
-53.822,-71.35,12.485
-50.245,-71.491,13.998
-46.71,-71.465,15.459
-43.218,-71.279,16.874
-39.773,-70.938,18.25
-36.378,-70.449,19.593
-33.033,-69.815,20.907
-29.743,-69.04,22.197
-26.508,-68.128,23.469
-23.331,-67.082,24.726
-20.215,-65.905,25.972
-17.161,-64.599,27.211
-14.173,-63.166,28.446
-11.253,-61.607,29.68
-8.4029,-59.925,30.918
-5.6268,-58.119,32.163
-2.9275,-56.191,33.417
-0.30829,-54.142,34.684
2.2271,-51.972,35.968
4.6749,-49.68,37.272
7.0306,-47.268,38.6
9.2897,-44.735,39.956
11.447,-42.08,41.344
13.497,-39.303,42.77
15.434,-36.403,44.237
17.251,-33.381,45.752
18.94,-30.234,47.321
20.494,-26.962,48.949
21.903,-23.564,50.645
23.157,-20.039,52.417
24.245,-16.386,54.273
25.156,-12.605,56.224
25.879,-8.6986,58.092
26.354,-4.6436,62.34
26.276,-0.30254,66.649
26.068,4.1054,65.938
25.92,8.4857,65.581
25.804,12.851,65.308
25.715,17.205,65.096
25.644,21.55,64.931
25.59,25.887,64.802
25.547,30.219,64.702
25.513,34.546,64.624
25.487,38.87,64.562
25.467,43.192,64.514
25.451,47.511,64.477
25.438,51.828,64.447
25.428,56.145,64.424
25.42,60.46,64.406
25.414,64.774,64.392
25.41,69.088,64.381
25.406,73.401,64.373
25.403,77.714,64.366
25.401,82.027,64.36
25.399,86.339,64.356
25.397,90.651,64.353
25.396,94.963,64.35
25.395,99.276,64.348
25.395,103.59,64.347
25.394,107.9,64.346
25.394,112.21,64.345
25.393,116.52,64.344
25.393,120.83,64.343
25.393,125.15,64.382
25.383,129.46,64.089
25.578,133.67,60.816
25.876,137.83,62.903
25.863,142.14,66.065
25.519,146.61,69.264
24.819,151.21,72.657
23.733,155.93,76.287
22.225,160.75,80.198
20.255,165.65,84.435
17.776,170.6,89.046
14.743,175.56,94.083
11.103,180.48,99.596
6.8073,185.28,105.64
1.8091,189.89,112.26
-3.9283,194.19,119.52
-10.426,198.07,127.44
-17.679,201.36,136.06
-25.648,203.91,145.39
-34.251,205.54,155.43
-43.35,206.08,166.15
-52.753,205.39,177.49
-62.215,203.37,189.36
-71.454,199.97,201.61
-80.172,195.25,214.06
-88.091,189.34,226.48
-94.986,182.45,238.65
-100.71,174.84,253.36
-105.22,166.78,247.15
-108.11,158.56,-36.012
-109.7,150.4,-83.188
-110.86,142.35,-73.656
-111.74,134.38,-71.376
-112.4,126.49,-69.698
-112.9,118.65,-68.447
-113.28,110.86,-67.504
-113.58,103.11,-66.787
-113.81,95.384,-66.238
-113.98,87.681,-65.816
-114.12,79.996,-65.49
-114.23,72.325,-65.237
-114.31,64.665,-65.041
-114.37,57.013,-64.888
-114.42,49.368,-64.769
-114.46,41.728,-64.675
-114.48,34.098,-64.37
-114.64,26.41,-68.482
-115.17,18.569,-68.112
-115.3,10.892,-62.899
-114.9,3.4805,-57.858
-114.01,-3.62,-52.77
-112.65,-10.368,-47.75
-110.87,-16.731,-42.876
-108.71,-22.692,-38.199
-106.22,-28.238,-33.749
-103.46,-33.369,-29.542
-100.46,-38.089,-25.581
-97.268,-42.41,-21.864
-93.922,-46.345,-18.382
-90.452,-49.911,-15.123
-86.886,-53.125,-12.076
-83.249,-56.006,-9.2245
-79.559,-58.573,-6.5551
-75.836,-60.842,-4.0533
-72.092,-62.832,-1.7049
-68.34,-64.558,0.50365
-64.59,-66.037,2.5853
-60.85,-67.282,4.5522
-57.127,-68.307,6.4158
-53.428,-69.123,8.187
-49.757,-69.741,9.8755
-46.119,-70.17,11.491
-42.517,-70.421,13.041
-38.955,-70.5,14.535
-35.435,-70.415,15.978
-31.96,-70.173,17.379
-28.533,-69.777,18.742
-25.155,-69.235,20.073
-21.83,-68.549,21.379
-18.56,-67.724,22.662
-15.346,-66.763,23.928
-12.191,-65.669,25.18
-9.0969,-64.445,26.423
-6.0668,-63.093,27.66
-3.1029,-61.613,28.895
-0.20792,-60.01,30.13
2.6153,-58.282,31.37
5.3639,-56.432,32.617
8.0345,-54.46,33.876
10.624,-52.367,35.149
13.128,-50.152,36.439
15.542,-47.817,37.752
17.864,-45.361,39.089
20.086,-42.783,40.457
22.205,-40.084,41.858
24.215,-37.263,43.298
26.109,-34.318,44.782
27.88,-31.251,46.316
29.521,-28.058,47.906
31.023,-24.741,49.558
32.377,-21.296,51.28
33.573,-17.725,53.082
34.598,-14.026,54.971
35.44,-10.199,56.951
36.097,-6.2485,58.982
36.376,-2.0905,64.861
36.179,2.3106,66.411
36.002,6.7045,65.776
35.868,11.078,65.459
35.764,15.439,65.213
35.683,19.788,65.022
35.62,24.13,64.874
35.571,28.465,64.758
35.532,32.795,64.667
35.502,37.121,64.596
35.478,41.443,64.541
35.459,45.764,64.498
35.445,50.082,64.464
35.434,54.399,64.437
35.425,58.715,64.416
35.418,63.03,64.4
35.412,67.344,64.387
35.408,71.657,64.377
35.405,75.97,64.37
35.402,80.283,64.363
35.4,84.595,64.359
35.398,88.908,64.355
35.397,93.22,64.352
35.396,97.532,64.35
35.395,101.84,64.348
35.395,106.16,64.346
35.394,110.47,64.345
35.394,114.78,64.344
35.393,119.09,64.344
35.393,123.4,64.343
35.389,127.72,64.492
35.409,132.02,62.946
35.706,136.17,60.954
35.906,140.38,64.096
35.775,144.75,67.205
35.305,149.27,70.471
34.468,153.91,73.946
33.234,158.67,77.674
31.562,163.52,81.698
29.412,168.45,86.066
26.738,173.4,90.827
23.49,178.36,96.031
19.617,183.24,101.73
15.07,187.99,107.98
9.8066,192.5,114.83
3.7938,196.66,122.32
-2.9808,200.34,130.5
-10.501,203.38,139.37
-18.714,205.62,148.97
-27.516,206.87,159.26
-36.751,206.98,170.21
-46.206,205.81,181.76
-55.621,203.29,193.78
-64.704,199.4,206.13
-73.161,194.23,218.6
-80.73,187.94,230.95
-87.212,180.75,242.97
-92.496,172.94,265.97
-96.493,164.79,164.93
-98.771,156.57,-87.342
-100.17,148.46,-76.055
-101.22,140.44,-72.732
-102,132.5,-70.699
-102.6,124.63,-69.195
-103.05,116.81,-68.068
-103.4,109.04,-67.217
-103.67,101.29,-66.567
-103.88,93.578,-66.07
-104.04,85.883,-65.686
-104.16,78.203,-65.389
-104.26,70.537,-65.159
-104.33,62.88,-64.98
-104.39,55.231,-64.841
-104.44,47.588,-64.732
-104.48,39.95,-64.579
-104.49,32.321,-65.049
-104.83,24.562,-69.714
-105.27,16.749,-66.175
-105.21,9.1636,-61.088
-104.63,1.8593,-56.012
-103.56,-5.1175,-50.936
-102.05,-11.729,-45.96
-100.12,-17.948,-41.152
-97.838,-23.758,-36.554
-95.245,-29.153,-32.191
-92.39,-34.134,-28.073
-89.317,-38.708,-24.201
-86.066,-42.887,-20.57
-82.671,-46.685,-17.171
-79.163,-50.121,-13.991
-75.568,-53.212,-11.016
-71.91,-55.976,-8.2325
-68.206,-58.432,-5.6257
-64.474,-60.598,-3.1813
-60.726,-62.49,-0.88526
-56.973,-64.125,1.2757
-53.226,-65.517,3.3142
-49.492,-66.68,5.2422
-45.777,-67.627,7.071
-42.088,-68.37,8.811
-38.428,-68.918,10.472
-34.803,-69.282,12.062
-31.215,-69.469,13.591
-27.668,-69.488,15.066
-24.164,-69.345,16.493
-20.706,-69.046,17.879
-17.297,-68.597,19.23
-13.938,-68.001,20.552
-10.633,-67.264,21.848
-7.3824,-66.39,23.125
-4.1896,-65.38,24.385
-1.0566,-64.238,25.634
2.0142,-62.967,26.874
5.0205,-61.568,28.11
7.9596,-60.044,29.344
10.829,-58.395,30.581
13.625,-56.623,31.823
16.346,-54.728,33.074
18.987,-52.712,34.337
21.546,-50.574,35.616
24.018,-48.316,36.914
26.399,-45.936,38.236
28.685,-43.436,39.584
30.87,-40.814,40.963
32.95,-38.071,42.378
34.919,-35.205,43.833
36.769,-32.215,45.335
38.493,-29.102,46.888
40.085,-25.864,48.5
41.534,-22.501,50.177
42.832,-19.011,51.927
43.966,-15.393,53.759
44.927,-11.647,55.683
45.7,-7.7733,57.611
46.271,-3.7713,60.638
46.331,0.49914,66.322
46.11,4.9128,66.09
45.952,9.2978,65.658
45.83,13.666,65.368
45.734,18.023,65.142
45.66,22.369,64.967
45.602,26.709,64.83
45.556,31.042,64.724
45.521,35.37,64.641
45.493,39.695,64.576
45.471,44.017,64.525
45.454,48.336,64.485
45.441,52.654,64.454
45.43,56.971,64.43
45.422,61.286,64.41
45.416,65.601,64.395
45.411,69.915,64.384
45.407,74.228,64.374
45.404,78.541,64.367
45.401,82.853,64.362
45.399,87.166,64.357
45.398,91.478,64.354
45.397,95.79,64.351
45.396,100.1,64.349
45.395,104.41,64.347
45.394,108.73,64.346
45.394,113.04,64.345
45.394,117.35,64.344
45.393,121.66,64.343
45.393,125.97,64.345
45.383,130.29,64.466
45.493,134.54,61.406
45.828,138.68,61.985
45.904,142.95,65.231
45.651,147.38,68.382
45.05,151.94,71.717
44.072,156.63,75.277
42.683,161.43,79.106
40.842,166.31,83.248
38.506,171.25,87.752
35.629,176.21,92.667
32.159,181.15,98.045
28.047,185.99,103.94
23.244,190.66,110.4
17.711,195.06,117.48
11.421,199.06,125.21
4.3719,202.53,133.64
-3.4087,205.3,142.78
-11.85,207.2,152.62
-20.83,208.05,163.16
-30.173,207.71,174.34
-39.646,206.06,186.08
-48.975,203.03,198.24
-57.864,198.66,210.66
-66.026,193.06,223.11
-73.218,186.42,235.37
-79.271,178.97,247.34
-84.117,171.01,271.18
-87.516,162.8,46.719
-89.329,154.62,-91.128
-90.588,146.54,-74.39
-91.532,138.55,-71.912
-92.242,130.64,-70.095
-92.78,122.79,-68.744
-93.191,114.99,-67.728
-93.507,107.22,-66.958
-93.751,99.49,-66.369
-93.939,91.783,-65.917
-94.086,84.093,-65.568
-94.2,76.419,-65.298
-94.289,68.756,-65.088
-94.358,61.103,-64.925
-94.412,53.456,-64.798
-94.455,45.815,-64.698
-94.482,38.181,-64.392
-94.545,30.533,-66.772
-95.028,22.711,-69.32
-95.307,14.968,-64.281
-95.052,7.4785,-59.262
-94.294,0.28758,-54.17
-93.06,-6.5607,-49.119
-91.39,-13.032,-44.196
-89.33,-19.105,-39.46
-86.928,-24.765,-34.944
-84.235,-30.009,-30.669
-81.297,-34.841,-26.64
-78.155,-39.27,-22.856
-74.847,-43.309,-19.31
-71.408,-46.974,-15.992
-67.866,-50.283,-12.888
-64.246,-53.253,-9.984
-60.569,-55.903,-7.2663
-56.853,-58.251,-4.72
-53.113,-60.316,-2.331
-49.363,-62.113,-0.085538
-45.611,-63.658,2.0295
-41.868,-64.965,4.0266
-38.14,-66.049,5.9173
-34.434,-66.92,7.7127
-30.755,-67.591,9.4229
-27.107,-68.071,11.057
-23.495,-68.37,12.625
-19.921,-68.495,14.133
-16.39,-68.454,15.589
-12.902,-68.254,17.001
-9.4617,-67.9,18.374
-6.0707,-67.397,19.713
-2.7311,-66.75,21.025
0.55455,-65.962,22.314
3.7842,-65.038,23.584
6.9555,-63.981,24.84
10.066,-62.792,26.085
13.114,-61.474,27.323
16.096,-60.029,28.558
19.01,-58.459,29.793
21.853,-56.765,31.031
24.622,-54.948,32.276
27.315,-53.01,33.532
29.926,-50.949,34.8
32.454,-48.768,36.086
34.893,-46.465,37.392
37.241,-44.042,38.722
39.491,-41.498,40.081
41.638,-38.832,41.473
43.679,-36.044,42.902
45.605,-33.133,44.373
47.41,-30.099,45.893
49.087,-26.941,47.467
50.628,-23.657,49.101
52.024,-20.248,50.803
53.263,-16.711,52.582
54.336,-13.047,54.447
55.229,-9.2543,56.407
55.937,-5.3368,58.269
56.37,-1.2592,63
56.251,3.102,66.638
56.051,7.5063,65.894
55.906,11.885,65.55
55.794,16.249,65.284
55.707,20.602,65.077
55.638,24.946,64.916
55.585,29.283,64.791
55.543,33.614,64.693
55.51,37.941,64.616
55.485,42.265,64.557
55.465,46.586,64.51
55.449,50.905,64.474
55.437,55.222,64.445
55.427,59.538,64.422
55.42,63.853,64.405
55.414,68.167,64.391
55.409,72.481,64.38
55.405,76.794,64.372
55.403,81.107,64.365
55.4,85.42,64.36
55.399,89.732,64.356
55.397,94.044,64.353
55.396,98.356,64.35
55.395,102.67,64.348
55.395,106.98,64.347
55.394,111.29,64.345
55.394,115.6,64.344
55.393,119.91,64.344
55.393,124.23,64.343
55.392,128.54,64.409
55.386,132.85,63.844
55.613,137.04,60.729
55.891,141.21,63.219
55.848,145.54,66.352
55.472,150.02,69.567
54.738,154.63,72.979
53.615,159.36,76.633
52.067,164.19,80.571
50.051,169.1,84.84
47.525,174.05,89.487
44.438,179.01,94.565
40.74,183.92,100.12
36.382,188.71,106.22
31.318,193.3,112.9
25.512,197.57,120.21
18.946,201.39,128.19
11.625,204.62,136.88
3.5936,207.1,146.27
-5.0605,208.63,156.38
-14.196,209.07,167.16
-23.615,208.26,178.55
-33.07,206.11,190.46
-42.273,202.6,202.74
-50.929,197.76,215.19
-58.763,191.75,227.6
-65.557,184.79,239.74
-71.172,177.12,256.37
-75.558,169.03,230.53
-78.283,160.81,-55.852
-79.811,152.67,-80.653
-80.953,144.62,-73.424
-81.806,136.66,-71.207
-82.449,128.77,-69.572
-82.938,120.94,-68.352
-83.312,113.15,-67.432
-83.6,105.4,-66.732
-83.823,97.681,-66.196
-83.995,89.98,-65.784
-84.129,82.297,-65.465
-84.234,74.627,-65.218
-84.315,66.967,-65.026
-84.379,59.316,-64.876
-84.429,51.672,-64.76
-84.467,44.032,-64.663
-84.482,36.404,-64.45
-84.689,28.698,-68.965
-85.207,20.858,-67.626
-85.283,13.204,-62.439
-84.84,5.8192,-57.39
-83.904,-1.2504,-52.305
-82.505,-7.9639,-47.296
-80.686,-14.291,-42.439
-78.495,-20.214,-37.782
-75.982,-25.722,-33.355
-73.194,-30.815,-29.17
-70.177,-35.499,-25.232
-66.97,-39.784,-21.537
-63.611,-43.685,-18.076
-60.131,-47.218,-14.837
-56.558,-50.401,-11.808
-52.915,-53.253,-8.9741
-49.222,-55.791,-6.3207
-45.496,-58.034,-3.8334
-41.751,-59.999,-1.4983
-37.998,-61.703,0.69814
-34.249,-63.16,2.7688
-30.511,-64.384,4.7258
-26.79,-65.389,6.5806
-23.093,-66.187,8.3438
-19.425,-66.787,10.025
-15.79,-67.201,11.634
-12.191,-67.435,13.179
-8.6327,-67.499,14.668
-5.1167,-67.4,16.107
-1.6461,-67.143,17.504
1.7766,-66.734,18.864
5.1493,-66.178,20.193
8.4695,-65.48,21.496
11.735,-64.642,22.778
14.944,-63.669,24.042
18.093,-62.563,25.294
21.181,-61.327,26.536
24.206,-59.963,27.772
27.163,-58.473,29.007
30.052,-56.858,30.243
32.869,-55.119,31.483
35.61,-53.258,32.731
38.273,-51.275,33.991
40.855,-49.17,35.265
43.351,-46.945,36.558
45.757,-44.599,37.872
48.07,-42.131,39.212
50.283,-39.543,40.583
52.393,-36.832,41.988
54.392,-34,43.431
56.275,-31.044,44.92
58.035,-27.965,46.458
59.664,-24.762,48.053
61.153,-21.432,49.711
62.493,-17.977,51.441
63.673,-14.394,53.25
64.682,-10.683,55.147
65.507,-6.844,57.128
66.146,-2.8825,59.272
66.381,1.2987,65.246
66.172,5.7057,66.362
65.997,10.098,65.765
65.865,14.472,65.45
65.762,18.831,65.206
65.681,23.181,65.017
65.618,27.522,64.869
65.569,31.857,64.754
65.531,36.187,64.665
65.501,40.512,64.594
65.477,44.835,64.539
65.459,49.155,64.496
65.445,53.474,64.463
65.433,57.791,64.436
65.424,62.106,64.416
65.417,66.421,64.4
65.412,70.735,64.387
65.408,75.049,64.377
65.404,79.362,64.369
65.402,83.675,64.363
65.4,87.987,64.358
65.398,92.299,64.355
65.397,96.611,64.352
65.396,100.92,64.349
65.395,105.24,64.348
65.395,109.55,64.346
65.394,113.86,64.345
65.394,118.17,64.344
65.393,122.48,64.344
65.393,126.79,64.343
65.388,131.11,64.515
65.424,135.4,62.552
65.74,139.55,61.149
65.91,143.77,64.383
65.748,148.16,67.496
65.246,152.68,70.779
64.375,157.34,74.275
63.102,162.11,78.027
61.389,166.97,82.081
59.193,171.9,86.482
56.469,176.86,91.28
53.166,181.81,96.527
49.234,186.68,102.28
44.624,191.41,108.58
39.293,195.89,115.48
33.212,200.02,123.03
26.368,203.64,131.27
18.782,206.62,140.21
10.511,208.77,149.87
1.6628,209.93,160.22
-7.6017,209.93,171.23
-17.065,208.64,182.83
-26.462,205.99,194.89
-35.501,201.98,207.26
-43.887,196.7,219.73
-51.364,190.32,232.06
-57.74,183.07,244.04
-62.916,175.22,268.98
-66.769,167.04,134.36
-68.911,158.84,-91.715
-70.271,150.73,-75.342
-71.296,142.72,-72.527
-72.063,134.79,-70.548
-72.644,126.92,-69.082
-73.087,119.11,-67.984
-73.427,111.33,-67.152
-73.689,103.59,-66.518
-73.891,95.879,-66.032
-74.049,88.185,-65.657
-74.171,80.507,-65.367
-74.266,72.841,-65.141
-74.34,65.185,-64.966
-74.399,57.537,-64.83
-74.444,49.894,-64.724
-74.478,42.257,-64.532
-74.499,34.626,-65.427
-74.883,26.847,-69.789
-75.293,19.048,-65.675
-75.177,11.487,-60.625
-74.553,4.2114,-55.546
-73.445,-2.7334,-50.476
-71.888,-9.3098,-45.514
-69.929,-15.492,-40.724
-67.615,-21.265,-36.147
-64.997,-26.622,-31.806
-62.12,-31.565,-27.711
-59.03,-36.103,-23.862
-55.764,-40.246,-20.252
-52.357,-44.012,-16.873
-48.841,-47.415,-13.713
-45.24,-50.476,-10.756
-41.576,-53.211,-7.9891
-37.869,-55.64,-5.3976
-34.135,-57.78,-2.9673
-30.386,-59.649,-0.68407
-26.634,-61.261,1.4652
-22.887,-62.631,3.4932
-19.154,-63.775,5.4118
-15.442,-64.703,7.2321
-11.755,-65.428,8.9645
-8.0984,-65.959,10.619
-4.4762,-66.306,12.203
-0.89184,-66.478,13.727
2.6516,-66.482,15.197
6.1513,-66.324,16.62
9.6048,-66.011,18.003
13.01,-65.549,19.351
16.363,-64.94,20.67
19.664,-64.191,21.965
22.909,-63.304,23.239
26.097,-62.282,24.499
29.224,-61.129,25.746
32.289,-59.846,26.986
35.289,-58.436,28.222
38.222,-56.9,29.456
41.085,-55.239,30.693
43.875,-53.456,31.936
46.588,-51.55,33.188
49.222,-49.523,34.453
51.773,-47.375,35.733
54.237,-45.105,37.033
56.61,-42.715,38.357
58.887,-40.203,39.707
61.063,-37.571,41.09
63.133,-34.816,42.508
65.091,-31.939,43.967
66.93,-28.939,45.473
68.643,-25.814,47.032
70.222,-22.565,48.649
71.658,-19.19,50.332
72.941,-15.688,52.089
74.061,-12.059,53.929
75.004,-8.3013,55.862
75.761,-4.4166,57.763
76.302,-0.39807,61.214
76.309,3.8999,66.503
76.092,8.312,66.019
75.938,12.695,65.625
75.819,17.062,65.342
75.726,21.417,65.122
75.653,25.763,64.951
75.596,30.102,64.818
75.552,34.434,64.714
75.518,38.762,64.633
75.49,43.086,64.57
75.469,47.408,64.52
75.453,51.728,64.481
75.44,56.045,64.451
75.429,60.362,64.427
75.421,64.677,64.409
75.415,68.991,64.394
75.41,73.305,64.383
75.406,77.618,64.374
75.403,81.931,64.367
75.401,86.244,64.361
75.399,90.556,64.357
75.398,94.869,64.353
75.396,99.181,64.351
75.396,103.49,64.349
75.395,107.8,64.347
75.394,112.12,64.346
75.394,116.43,64.345
75.394,120.74,64.344
75.393,125.05,64.343
75.393,129.36,64.353
75.382,133.68,64.373
75.523,137.92,61.109
75.851,142.06,62.299
75.897,146.35,65.513
75.613,150.78,68.678
74.979,155.36,72.031
73.965,160.06,75.613
72.536,164.86,79.468
70.652,169.75,83.641
68.27,174.7,88.18
65.341,179.66,93.134
61.815,184.59,98.556
57.642,189.42,104.5
52.775,194.07,111.01
47.174,198.44,118.15
40.815,202.4,125.95
33.698,205.81,134.44
25.854,208.51,143.64
17.359,210.32,153.55
8.3374,211.07,164.15
-1.0272,210.62,175.38
-10.499,208.84,187.16
-19.801,205.69,199.36
-28.635,201.21,211.79
-36.718,195.5,224.23
-43.814,188.77,236.46
-49.759,181.27,248.84
-54.494,173.27,267.21
-57.727,165.05,16.112
-59.453,156.88,-88.765
-60.682,148.81,-74.14
-61.603,140.83,-71.729
-62.295,132.92,-69.96
-62.821,125.08,-68.643
-63.222,117.28,-67.652
-63.531,109.52,-66.9
-63.769,101.79,-66.325
-63.954,94.086,-65.883
-64.097,86.398,-65.542
-64.209,78.725,-65.277
-64.295,71.063,-65.072
-64.363,63.41,-64.912
-64.416,55.764,-64.788
-64.458,48.123,-64.691
-64.482,40.49,-64.357
-64.572,32.832,-67.349
-65.078,25,-68.983
-65.307,17.277,-63.819
-65.006,9.8137,-58.797
-64.203,2.6524,-53.705
-62.928,-4.1628,-48.664
-61.22,-10.599,-43.757
-59.127,-16.634,-39.04
-56.697,-22.256,-34.546
-53.98,-27.463,-30.293
-51.021,-32.258,-26.287
-47.862,-36.651,-22.525
-44.542,-40.656,-19.001
-41.092,-44.288,-15.702
-37.542,-47.565,-12.617
-33.916,-50.505,-9.7307
-30.235,-53.127,-7.0292
-26.516,-55.449,-4.4978
-22.775,-57.489,-2.1223
-19.024,-59.263,0.1108
-15.272,-60.785,2.2147
-11.53,-62.072,4.2016
-7.8041,-63.136,6.0833
-4.1002,-63.989,7.8706
-0.42385,-64.642,9.5735
3.2207,-65.106,11.201
6.8295,-65.388,12.763
10.399,-65.498,14.266
13.927,-65.443,15.719
17.411,-65.228,17.126
20.847,-64.861,18.496
24.233,-64.344,19.833
27.568,-63.684,21.143
30.849,-62.884,22.429
34.073,-61.948,23.698
37.239,-60.878,24.953
40.344,-59.678,26.197
43.386,-58.348,27.435
46.362,-56.892,28.67
49.27,-55.311,29.905
52.106,-53.606,31.144
54.869,-51.778,32.389
57.554,-49.828,33.645
60.158,-47.757,34.915
62.678,-45.565,36.202
65.109,-43.251,37.511
67.448,-40.817,38.844
69.689,-38.262,40.205
71.827,-35.585,41.6
73.857,-32.786,43.033
75.773,-29.864,44.509
77.567,-26.819,46.033
79.232,-23.649,47.612
80.76,-20.354,49.252
82.142,-16.933,50.961
83.367,-13.385,52.747
84.424,-9.7096,54.62
85.301,-5.9054,56.589
85.992,-1.9773,58.466
86.378,2.125,63.655
86.226,6.5029,66.584
86.034,10.904,65.853
85.893,15.281,65.519
85.784,19.643,65.26
85.699,23.995,65.058
85.632,28.338,64.902
85.58,32.674,64.779
85.539,37.005,64.684
85.507,41.332,64.61
85.482,45.655,64.551
85.463,49.976,64.506
85.448,54.295,64.47
85.436,58.612,64.442
85.426,62.928,64.42
85.419,67.243,64.403
85.413,71.557,64.39
85.409,75.871,64.379
85.405,80.184,64.371
85.402,84.497,64.365
85.4,88.809,64.359
85.399,93.122,64.356
85.397,97.434,64.352
85.396,101.75,64.35
85.395,106.06,64.348
85.395,110.37,64.347
85.394,114.68,64.345
85.394,118.99,64.344
85.393,123.3,64.344
85.393,127.62,64.343
85.391,131.93,64.44
85.392,136.24,63.544
85.65,140.41,60.724
85.903,144.6,63.525
85.83,148.94,66.639
85.422,153.43,69.869
84.655,158.05,73.301
83.495,162.79,76.977
81.906,167.63,80.943
79.846,172.54,85.243
77.271,177.5,89.928
74.131,182.46,95.046
70.376,187.36,100.65
65.956,192.13,106.8
60.826,196.7,113.53
54.952,200.93,120.9
48.317,204.71,128.95
40.93,207.88,137.7
32.838,210.28,147.16
24.134,211.72,157.32
14.964,212.05,168.16
5.5302,211.13,179.6
-3.9136,208.85,191.55
-13.08,205.21,203.86
-21.672,200.27,216.32
-29.421,194.16,228.71
-36.113,187.12,240.81
-41.619,179.41,259.73
-45.879,171.29,209.48
-48.443,163.07,-71.275
-49.925,154.94,-78.554
-51.038,146.9,-73.201
-51.869,138.95,-71.044
-52.497,131.06,-69.451
-52.974,123.24,-68.261
-53.34,115.45,-67.363
-53.622,107.71,-66.679
-53.84,99.985,-66.156
-54.008,92.286,-65.752
-54.14,84.604,-65.441
-54.242,76.935,-65.199
-54.321,69.276,-65.011
-54.384,61.626,-64.865
-54.432,53.982,-64.751
-54.47,46.343,-64.647
-54.483,38.715,-64.546
-54.721,30.996,-69.197
-55.221,23.163,-67.194
-55.252,15.53,-62.018
-54.767,8.17,-56.952
-53.789,1.1297,-51.865
-52.352,-5.5511,-46.863
-50.498,-11.844,-42.018
-48.277,-17.73,-37.379
-45.737,-23.201,-32.971
-42.927,-28.257,-28.807
-39.89,-32.904,-24.89
-36.669,-37.154,-21.215
-33.298,-41.021,-17.774
-29.808,-44.522,-14.555
-26.228,-47.674,-11.544
-22.58,-50.496,-8.7261
-18.883,-53.007,-6.0881
-15.155,-55.224,-3.6151
-11.408,-57.165,-1.293
-7.656,-58.846,0.89162
-3.9072,-60.281,2.9516
-0.17004,-61.485,4.8989
3.5486,-62.471,6.745
7.243,-63.25,8.5004
10.908,-63.833,10.175
14.54,-64.229,11.778
18.135,-64.448,13.317
21.69,-64.497,14.801
25.202,-64.383,16.236
28.668,-64.112,17.63
32.087,-63.689,18.987
35.454,-63.12,20.313
38.77,-62.409,21.614
42.03,-61.559,22.894
45.234,-60.574,24.157
48.378,-59.456,25.407
51.46,-58.208,26.649
54.478,-56.832,27.885
57.43,-55.331,29.12
60.312,-53.704,30.356
63.122,-51.954,31.597
65.856,-50.082,32.846
68.513,-48.088,34.106
71.087,-45.972,35.382
73.575,-43.736,36.677
75.973,-41.378,37.993
78.276,-38.9,39.336
80.48,-36.3,40.709
82.58,-33.579,42.118
84.569,-30.735,43.565
86.441,-27.769,45.058
88.189,-24.678,46.601
89.805,-21.463,48.202
91.281,-18.122,49.866
92.607,-14.655,51.603
93.773,-11.061,53.419
94.765,-7.3381,55.326
95.573,-3.4873,57.296
96.192,0.48646,59.66
96.368,4.6976,65.691
96.151,9.1092,66.266
95.982,13.499,65.729
95.853,17.871,65.422
95.752,22.229,65.185
95.674,26.578,65
95.613,30.918,64.856
95.565,35.253,64.744
95.527,39.582,64.657
95.498,43.907,64.588
95.475,48.23,64.534
95.457,52.55,64.493
95.443,56.868,64.46
95.432,61.185,64.434
95.424,65.5,64.414
95.417,69.815,64.398
95.412,74.129,64.386
95.407,78.443,64.376
95.404,82.756,64.369
95.402,87.068,64.363
95.4,91.381,64.358
95.398,95.693,64.354
95.397,100.01,64.351
95.396,104.32,64.349
95.395,108.63,64.347
95.394,112.94,64.346
95.394,117.25,64.345
95.394,121.56,64.344
95.393,125.88,64.344
95.393,130.19,64.343
95.386,134.5,64.524
95.443,138.78,62.151
95.771,142.92,61.398
95.91,147.16,64.666
95.718,151.56,67.791
95.183,156.1,71.09
94.277,160.77,74.607
92.965,165.55,78.385
91.21,170.42,82.468
88.968,175.35,86.903
86.193,180.31,91.74
82.835,185.25,97.03
78.843,190.12,102.83
74.169,194.83,109.18
68.771,199.28,116.14
62.62,203.37,123.76
55.707,206.95,132.06
48.056,209.85,141.06
39.727,211.92,150.78
30.833,212.98,161.2
21.541,212.87,172.27
12.072,211.46,183.91
2.6949,208.68,196.01
-6.2958,204.55,208.39
-14.609,199.16,220.86
-21.993,192.69,233.17
-28.262,185.37,245.11
-33.328,177.48,271.11
-37.03,169.29,101.96
-39.047,161.09,-93.097
-40.374,153,-74.96
-41.373,144.99,-72.325
-42.122,137.07,-70.4
-42.689,129.21,-68.972
-43.121,121.4,-67.9
-43.453,113.63,-67.089
-43.709,105.89,-66.47
-43.907,98.177,-65.994
-44.061,90.484,-65.628
-44.18,82.807,-65.344
-44.273,75.142,-65.124
-44.346,67.487,-64.953
-44.403,59.839,-64.819
-44.447,52.197,-64.715
-44.479,44.561,-64.479
-44.512,36.925,-65.881
-44.939,29.128,-69.74
-45.307,21.347,-65.183
-45.143,13.81,-60.159
-44.473,6.5627,-55.077
-43.322,-0.34954,-50.015
-41.726,-6.8907,-45.067
-39.732,-13.036,-40.295
-37.389,-18.771,-35.74
-34.745,-24.09,-31.422
-31.847,-28.996,-27.349
-28.739,-33.497,-23.522
-25.459,-37.605,-19.935
-22.041,-41.337,-16.576
-18.516,-44.708,-13.435
-14.908,-47.738,-10.496
-11.24,-50.445,-7.7457
-7.5301,-52.847,-5.1696
-3.7938,-54.962,-2.7533
-0.044108,-56.806,-0.48284
3.708,-58.395,1.6549
7.4535,-59.745,3.6724
11.185,-60.868,5.5816
14.895,-61.777,7.3934
18.579,-62.484,9.1183
22.233,-62.998,10.766
25.852,-63.329,12.345
29.433,-63.485,13.863
32.972,-63.474,15.328
36.468,-63.302,16.748
39.917,-62.975,18.127
43.317,-62.499,19.472
46.666,-61.878,20.789
49.962,-61.116,22.082
53.202,-60.216,23.355
56.384,-59.182,24.613
59.506,-58.017,25.86
62.565,-56.723,27.099
65.559,-55.301,28.334
68.486,-53.754,29.569
71.342,-52.082,30.806
74.125,-50.288,32.05
76.832,-48.371,33.303
79.458,-46.332,34.569
82.001,-44.173,35.851
84.457,-41.892,37.153
86.821,-39.491,38.478
89.089,-36.969,39.832
91.256,-34.325,41.217
93.316,-31.559,42.639
95.264,-28.671,44.103
97.091,-25.659,45.613
98.793,-22.524,47.176
100.36,-19.263,48.799
101.78,-15.876,50.489
103.05,-12.363,52.253
104.15,-8.7218,54.101
105.08,-4.9527,56.043
105.82,-1.057,57.92
106.33,2.9803,61.837
106.28,7.3036,66.604
106.07,11.713,65.959
105.92,16.094,65.592
105.81,20.46,65.316
105.72,24.814,65.102
105.65,29.159,64.936
105.59,33.497,64.806
105.55,37.829,64.705
105.51,42.156,64.626
105.49,46.481,64.564
105.47,50.802,64.516
105.45,55.121,64.478
105.44,59.439,64.448
105.43,63.755,64.425
105.42,68.07,64.407
105.41,72.384,64.393
105.41,76.698,64.382
105.41,81.012,64.373
105.4,85.324,64.366
105.4,89.637,64.361
105.4,93.949,64.356
105.4,98.261,64.353
105.4,102.57,64.351
105.4,106.89,64.348
105.39,111.2,64.347
105.39,115.51,64.346
105.39,119.82,64.345
105.39,124.13,64.344
105.39,128.44,64.343
105.39,132.76,64.362
105.38,137.07,64.278
105.54,141.3,60.99
105.86,145.45,62.584
105.88,149.75,65.78
105.56,154.2,68.965
104.9,158.79,72.34
103.85,163.5,75.947
102.38,168.31,79.831
100.45,173.21,84.037
98.021,178.16,88.613
95.039,183.12,93.609
91.457,188.04,99.078
87.222,192.86,105.07
82.289,197.48,111.64
76.619,201.82,118.84
70.191,205.74,126.7
63.005,209.09,135.25
55.097,211.71,144.52
46.546,213.43,154.5
37.485,214.08,165.16
28.1,213.51,176.45
18.632,211.6,188.27
9.3609,208.33,200.5
0.58436,203.73,212.94
-7.4169,197.92,225.37
-14.412,191.11,237.57
-20.245,183.55,250.84
-24.867,175.52,259.44
-27.928,167.29,-11.606
-29.578,159.13,-86
-30.777,151.07,-73.889
-31.674,143.1,-71.547
-32.349,135.2,-69.824
-32.861,127.36,-68.541
-33.254,119.56,-67.575
-33.555,111.81,-66.841
-33.788,104.08,-66.28
-33.968,96.375,-65.848
-34.108,88.689,-65.515
-34.217,81.017,-65.256
-34.302,73.356,-65.056
-34.369,65.704,-64.9
-34.421,58.058,-64.778
-34.461,50.418,-64.683
-34.482,42.786,-64.345
-34.605,35.114,-67.926
-35.125,27.276,-68.569
-35.303,19.576,-63.356
-34.953,12.138,-58.324
-34.106,5.0077,-53.233
-32.788,-1.7736,-48.202
-31.043,-8.1733,-43.311
-28.916,-14.171,-38.614
-26.458,-19.755,-34.142
-23.716,-24.923,-29.912
-20.737,-29.68,-25.929
-17.562,-34.037,-22.19
-14.228,-38.006,-18.687
-10.768,-41.605,-15.409
-7.2103,-44.85,-12.342
-3.5784,-47.76,-9.4739
0.1069,-50.354,-6.7887
3.8281,-52.649,-4.2723
7.5707,-54.664,-1.9106
11.322,-56.413,0.3101
15.073,-57.914,2.4027
18.814,-59.179,4.3795
22.539,-60.223,6.252
26.24,-61.057,8.031
29.914,-61.693,9.7266
33.555,-62.139,11.348
37.16,-62.406,12.904
40.727,-62.5,14.402
44.25,-62.43,15.85
47.729,-62.201,17.254
51.161,-61.819,18.621
54.543,-61.289,19.955
57.873,-60.616,21.262
61.148,-59.804,22.547
64.367,-58.855,23.814
67.528,-57.773,25.068
70.627,-56.561,26.312
73.663,-55.219,27.549
76.633,-53.752,28.783
79.534,-52.159,30.019
82.364,-50.443,31.258
85.12,-48.604,32.505
87.797,-46.642,33.762
90.394,-44.56,35.033
92.906,-42.356,36.322
95.329,-40.032,37.632
97.659,-37.587,38.968
99.891,-35.02,40.332
102.02,-32.332,41.731
104.04,-29.521,43.167
105.94,-26.588,44.647
107.73,-23.532,46.176
109.38,-20.351,47.76
110.89,-17.044,49.406
112.26,-13.612,51.122
113.47,-10.052,52.916
114.51,-6.3642,54.797
115.37,-2.5482,56.774
116.05,1.3908,58.701
116.38,5.5201,64.282
116.2,9.9115,66.506
116.02,14.309,65.815
115.88,18.684,65.489
115.77,23.046,65.237
115.69,27.396,65.041
115.63,31.739,64.888
115.58,36.074,64.769
115.54,40.405,64.676
115.5,44.731,64.603
115.48,49.054,64.546
115.46,53.375,64.502
115.45,57.693,64.467
115.43,62.01,64.44
115.43,66.326,64.418
115.42,70.641,64.402
115.41,74.955,64.389
115.41,79.269,64.378
115.4,83.582,64.37
115.4,87.895,64.364
115.4,92.207,64.359
115.4,96.519,64.355
115.4,100.83,64.352
115.4,105.14,64.35
115.4,109.46,64.348
115.39,113.77,64.346
115.39,118.08,64.345
115.39,122.39,64.344
115.39,126.7,64.344
115.39,131.01,64.343
115.39,135.33,64.472
115.4,139.63,63.197
115.69,143.79,60.802
115.91,147.99,63.828
115.81,152.35,66.931
115.37,156.85,70.177
114.57,161.48,73.63
113.37,166.23,77.331
111.74,171.08,81.325
109.63,176,85.659
107.01,180.96,90.381
103.81,185.91,95.542
99.998,190.8,101.19
95.514,195.57,107.39
90.317,200.1,114.18
84.373,204.3,121.61
77.667,208.03,129.72
70.213,211.14,138.54
62.06,213.45,148.06
53.306,214.8,158.29
44.103,215.02,169.19
34.657,213.97,180.69
25.226,211.58,192.67
16.101,207.81,205
7.5753,202.75,217.47
-0.083671,196.55,229.84
-6.6704,189.44,241.9
-12.065,181.67,262.48
-16.199,173.54,192.97
-18.625,165.32,-79.077
-20.057,157.2,-77.266
-21.137,149.17,-72.942
-21.944,141.22,-70.854
-22.553,133.35,-69.31
-23.018,125.52,-68.155
-23.373,117.74,-67.283
-23.647,110,-66.618
-23.859,102.28,-66.108
-24.024,94.584,-65.716
-24.151,86.903,-65.412
-24.251,79.236,-65.177
-24.329,71.578,-64.994
-24.389,63.928,-64.852
-24.437,56.285,-64.74
-24.473,48.647,-64.618
-24.486,41.018,-64.752
-24.772,33.28,-69.511
-25.25,25.455,-66.686
-25.231,17.846,-61.554
-24.7,10.514,-56.483
-23.678,3.5049,-51.401
-22.2,-3.1413,-46.411
-20.311,-9.3971,-41.585
-18.059,-15.245,-36.966
-15.492,-20.678,-32.58
-12.659,-25.697,-28.439
-9.6047,-30.308,-24.545
-6.368,-34.522,-20.892
-2.9848,-38.355,-17.472
0.51388,-41.823,-14.272
4.1014,-44.944,-11.279
7.7549,-47.737,-8.4787
11.455,-50.221,-5.8563
15.186,-52.412,-3.3976
18.933,-54.329,-1.0886
22.685,-55.986,1.0841
26.433,-57.4,3.1332
30.169,-58.584,5.0709
33.886,-59.55,6.9083
37.578,-60.311,8.6559
41.24,-60.876,10.324
44.869,-61.256,11.92
48.46,-61.459,13.454
52.011,-61.493,14.934
55.519,-61.365,16.365
58.981,-61.08,17.755
62.395,-60.644,19.109
65.758,-60.061,20.432
69.069,-59.337,21.731
72.324,-58.475,23.009
75.522,-57.477,24.271
78.661,-56.348,25.521
81.737,-55.088,26.761
84.75,-53.701,27.997
87.695,-52.188,29.232
90.571,-50.55,30.468
93.374,-48.789,31.71
96.101,-46.905,32.96
98.75,-44.9,34.222
101.32,-42.774,35.499
103.8,-40.526,36.795
106.19,-38.158,38.114
108.48,-35.669,39.46
110.68,-33.058,40.836
112.77,-30.325,42.248
114.74,-27.471,43.699
116.61,-24.493,45.196
118.34,-21.391,46.745
119.94,-18.164,48.35
121.41,-14.812,50.021
122.72,-11.333,51.764
123.87,-7.7273,53.588
124.85,-3.9931,55.504
125.64,-0.13084,57.456
126.23,3.8562,60.114
126.35,8.0973,66.05
126.13,12.511,66.175
125.97,16.898,65.693
125.84,21.268,65.395
125.74,25.626,65.164
125.67,29.974,64.984
125.61,34.313,64.843
125.56,38.647,64.734
125.52,42.976,64.649
125.5,47.301,64.582
125.47,51.623,64.53
125.46,55.943,64.489
125.44,60.261,64.457
125.43,64.578,64.432
125.42,68.893,64.412
125.42,73.208,64.397
125.41,77.522,64.385
125.41,81.835,64.375
125.4,86.148,64.368
125.4,90.461,64.362
125.4,94.773,64.358
125.4,99.086,64.354
125.4,103.4,64.351
125.4,107.71,64.349
125.39,112.02,64.347
125.39,116.33,64.346
125.39,120.64,64.345
125.39,124.96,64.344
125.39,129.27,64.343
125.39,133.58,64.343
125.38,137.9,64.512
125.46,142.16,61.764
125.8,146.3,61.68
125.91,150.56,64.947
125.69,154.97,68.085
125.12,159.52,71.402
124.18,164.2,74.941
122.83,168.98,78.744
121.03,173.86,82.856
118.74,178.8,87.326
115.91,183.76,92.202
112.5,188.7,97.535
108.45,193.55,103.38
103.71,198.24,109.79
98.244,202.67,116.81
92.024,206.72,124.48
85.043,210.24,132.85
77.326,213.08,141.92
68.941,215.06,151.7
60.003,216.02,162.18
50.685,215.79,173.3
41.213,214.26,184.99
31.858,211.36,197.12
22.917,207.11,209.53
14.679,201.62,221.99
7.3897,195.06,234.27
1.2282,187.68,246.18
-3.7285,179.75,271.78
-7.2727,171.54,69.037
-9.179,163.35,-92.479
-10.475,155.27,-74.691
-11.448,147.27,-72.131
-12.178,139.35,-70.256
-12.732,131.49,-68.865
-13.154,123.69,-67.819
-13.478,115.92,-67.027
-13.728,108.19,-66.423
-13.922,100.48,-65.958
-14.073,92.786,-65.6
-14.189,85.11,-65.322
-14.281,77.446,-65.107
-14.352,69.791,-64.94
-14.407,62.144,-64.809
-14.451,54.502,-64.707
-14.48,46.867,-64.426
-14.529,39.225,-66.4
-14.994,31.412,-69.574
-15.316,23.649,-64.704
-15.104,16.138,-59.694
-14.389,8.9191,-54.61
-13.196,2.0396,-49.556
-11.562,-4.4663,-44.623
-9.5339,-10.574,-39.87
-7.161,-16.271,-35.336
-4.492,-21.553,-31.04
-1.5734,-26.421,-26.991
1.5521,-30.886,-23.186
4.846,-34.959,-19.62
8.2746,-38.657,-16.282
11.809,-41.997,-13.159
15.423,-44.997,-10.238
19.095,-47.675,-7.5047
22.808,-50.05,-4.9437
26.546,-52.14,-2.5412
30.296,-53.96,-0.28343
34.048,-55.528,1.8428
37.793,-56.856,3.85
41.522,-57.959,5.7499
45.231,-58.85,7.5534
48.912,-59.538,9.2709
52.563,-60.036,10.912
56.178,-60.35,12.485
59.756,-60.491,13.998
63.291,-60.465,15.459
66.783,-60.279,16.874
70.228,-59.938,18.25
73.623,-59.449,19.593
76.968,-58.814,20.907
80.258,-58.04,22.198
83.493,-57.128,23.469
86.67,-56.082,24.726
89.786,-54.905,25.972
92.84,-53.599,27.211
95.828,-52.166,28.446
98.748,-50.607,29.681
101.6,-48.924,30.919
104.37,-47.118,32.163
107.07,-45.191,33.417
109.69,-43.141,34.684
112.23,-40.971,35.968
114.68,-38.68,37.272
117.03,-36.267,38.6
119.29,-33.734,39.956
121.45,-31.079,41.345
123.5,-28.302,42.77
125.43,-25.403,44.238
127.25,-22.38,45.753
128.94,-19.233,47.321
130.49,-15.961,48.95
131.9,-12.563,50.646
133.16,-9.0377,52.417
134.25,-5.3851,54.273
135.16,-1.6043,56.224
135.88,2.3025,58.093
136.36,6.3575,62.333
136.28,10.698,66.65
136.07,15.106,65.94
135.92,19.487,65.582
135.8,23.852,65.309
135.72,28.206,65.096
135.64,32.551,64.931
135.59,36.888,64.803
135.55,41.22,64.702
135.51,45.547,64.624
135.49,49.871,64.562
135.47,54.193,64.515
135.45,58.512,64.477
135.44,62.829,64.448
135.43,67.146,64.424
135.42,71.461,64.407
135.41,75.775,64.392
135.41,80.089,64.381
135.41,84.402,64.373
135.4,88.715,64.366
135.4,93.028,64.36
135.4,97.34,64.356
135.4,101.65,64.353
135.4,105.96,64.35
135.4,110.28,64.348
135.39,114.59,64.347
135.39,118.9,64.346
135.39,123.21,64.345
135.39,127.52,64.344
135.39,131.83,64.343
135.39,136.15,64.382
135.38,140.46,64.092
135.58,144.67,60.82
135.88,148.83,62.902
135.86,153.14,66.065
135.52,157.61,69.264
134.82,162.21,72.658
133.73,166.93,76.288
132.22,171.75,80.199
130.25,176.65,84.436
127.78,181.6,89.048
124.74,186.56,94.084
121.1,191.48,99.598
116.81,196.28,105.64
111.81,200.89,112.27
106.07,205.19,119.52
99.572,209.07,127.44
92.319,212.36,136.06
84.349,214.91,145.39
75.746,216.54,155.43
66.647,217.08,166.15
57.244,216.39,177.49
47.781,214.37,189.36
38.543,210.97,201.61
29.825,206.25,214.06
21.907,200.34,226.49
15.012,193.45,238.65
9.287,185.84,253.34
4.7813,177.78,247.37
1.8884,169.55,-35.684
0.30405,161.4,-83.218
-0.86621,153.35,-73.653
-1.7408,145.38,-71.374
-2.3995,137.49,-69.697
-2.9001,129.65,-68.446
-3.2831,121.86,-67.503
-3.5778,114.11,-66.786
-3.8054,106.38,-66.237
-3.9819,98.679,-65.815
-4.1189,90.994,-65.489
-4.2257,83.323,-65.237
-4.3089,75.663,-65.041
-4.3739,68.011,-64.888
-4.4246,60.366,-64.769
-4.4643,52.726,-64.675
-4.4814,45.096,-64.369
-4.6438,37.408,-68.473
-5.1677,29.567,-68.114
-5.2946,21.89,-62.9
-4.8989,14.479,-57.858
-4.0067,7.3782,-52.77
-2.6486,0.63061,-47.75
-0.86624,-5.7332,-42.875
1.2926,-11.693,-38.198
3.7786,-17.239,-33.748
6.5434,-22.37,-29.541
9.5419,-27.091,-25.58
12.733,-31.412,-21.863
16.079,-35.347,-18.381
19.549,-38.912,-15.123
23.115,-42.126,-12.075
26.753,-45.007,-9.2236
30.442,-47.573,-6.5543
34.166,-49.843,-4.0525
37.91,-51.832,-1.7042
41.661,-53.559,0.50436
45.412,-55.038,2.5859
49.151,-56.283,4.5528
52.874,-57.307,6.4164
56.573,-58.123,8.1875
60.244,-58.741,9.8761
63.882,-59.171,11.491
67.484,-59.421,13.042
71.047,-59.5,14.535
74.567,-59.415,15.979
78.041,-59.172,17.379
81.469,-58.777,18.742
84.846,-58.234,20.074
88.171,-57.549,21.379
91.442,-56.724,22.662
94.655,-55.763,23.928
97.81,-54.669,25.181
100.9,-53.445,26.424
103.93,-52.092,27.661
106.9,-50.613,28.895
109.79,-49.009,30.131
112.62,-47.282,31.37
115.36,-45.431,32.618
118.04,-43.459,33.876
120.62,-41.366,35.149
123.13,-39.151,36.44
125.54,-36.816,37.752
127.86,-34.36,39.09
130.09,-31.782,40.457
132.21,-29.083,41.859
134.22,-26.262,43.299
136.11,-23.317,44.783
137.88,-20.249,46.317
139.52,-17.057,47.906
141.02,-13.739,49.559
142.38,-10.295,51.281
143.57,-6.7239,53.082
144.6,-3.0247,54.972
145.44,0.80289,56.952
146.1,4.7529,58.981
146.38,8.9107,64.855
146.18,13.312,66.414
146,17.706,65.778
145.87,22.08,65.46
145.76,26.44,65.214
145.68,30.79,65.023
145.62,35.131,64.874
145.57,39.466,64.758
145.53,43.796,64.667
145.5,48.122,64.596
145.48,52.445,64.541
145.46,56.765,64.498
145.44,61.083,64.464
145.43,65.4,64.437
145.42,69.716,64.417
145.42,74.031,64.4
145.41,78.345,64.387
145.41,82.659,64.377
145.4,86.972,64.37
145.4,91.284,64.363
145.4,95.597,64.359
145.4,99.909,64.355
145.4,104.22,64.352
145.4,108.53,64.35
145.4,112.85,64.348
145.39,117.16,64.346
145.39,121.47,64.345
145.39,125.78,64.344
145.39,130.09,64.344
145.39,134.4,64.343
145.39,138.72,64.491
145.41,143.02,62.952
145.71,147.17,60.955
145.91,151.38,64.095
145.77,155.76,67.205
145.3,160.27,70.471
144.47,164.91,73.947
143.23,169.67,77.675
141.56,174.53,81.7
139.41,179.45,86.068
136.74,184.41,90.829
133.49,189.36,96.033
129.61,194.24,101.73
125.07,198.99,107.98
119.8,203.5,114.83
113.79,207.66,122.33
107.02,211.34,130.5
99.495,214.38,139.38
91.283,216.62,148.97
82.481,217.87,159.26
73.245,217.98,170.22
63.79,216.81,181.76
54.375,214.29,193.79
45.292,210.4,206.14
36.835,205.23,218.6
29.267,198.93,230.96
22.786,191.75,242.98
17.502,183.94,265.94
13.505,175.78,165.36
11.227,167.57,-87.242
9.8333,159.46,-76.061
8.7817,151.44,-72.728
7.9948,143.5,-70.697
7.4,135.63,-69.193
6.9468,127.81,-68.067
6.5992,120.03,-67.216
6.3314,112.29,-66.567
6.1243,104.58,-66.069
5.9636,96.88,-65.686
5.8386,89.201,-65.389
5.7412,81.534,-65.159
5.6653,73.877,-64.98
5.606,66.228,-64.841
5.5596,58.585,-64.732
5.5241,50.947,-64.579
5.509,43.318,-65.044
5.1738,35.559,-69.708
4.7265,27.746,-66.177
4.7944,20.161,-61.089
5.3725,12.857,-56.012
6.438,5.8802,-50.936
7.9553,-0.73107,-45.959
9.8801,-6.95,-41.151
12.164,-12.76,-36.553
14.756,-18.155,-32.19
17.611,-23.136,-28.072
20.684,-27.71,-24.2
23.936,-31.888,-20.569
27.331,-35.687,-17.17
30.839,-39.123,-13.99
34.433,-42.213,-11.015
38.092,-44.977,-8.2314
41.795,-47.433,-5.6247
45.528,-49.599,-3.1803
49.276,-51.491,-0.88437
53.028,-53.125,1.2765
56.776,-54.517,3.315
60.51,-55.681,5.243
64.224,-56.628,7.0717
67.914,-57.37,8.8116
71.573,-57.919,10.472
75.199,-58.282,12.063
78.787,-58.469,13.592
82.334,-58.488,15.066
85.838,-58.345,16.493
89.295,-58.046,17.88
92.705,-57.596,19.231
96.063,-57.001,20.552
99.369,-56.264,21.849
102.62,-55.389,23.125
105.81,-54.38,24.386
108.94,-53.238,25.634
112.02,-51.967,26.875
115.02,-50.568,28.11
117.96,-49.043,29.345
120.83,-47.394,30.581
123.63,-45.622,31.824
126.35,-43.727,33.075
128.99,-41.711,34.338
131.55,-39.573,35.617
134.02,-37.315,36.915
136.4,-34.935,38.236
138.69,-32.435,39.584
140.87,-29.813,40.964
142.95,-27.069,42.379
144.92,-24.203,43.834
146.77,-21.214,45.336
148.49,-18.101,46.889
150.09,-14.863,48.501
151.53,-11.499,50.177
152.83,-8.009,51.928
153.97,-4.3912,53.76
154.93,-0.64523,55.684
155.7,3.2284,57.612
156.27,7.2304,60.633
156.33,11.501,66.321
156.11,15.914,66.093
155.95,20.299,65.659
155.83,24.668,65.369
155.73,29.024,65.143
155.66,33.371,64.968
155.6,37.71,64.831
155.56,42.043,64.724
155.52,46.372,64.641
155.49,50.696,64.576
155.47,55.018,64.525
155.45,59.338,64.485
155.44,63.656,64.454
155.43,67.972,64.43
155.42,72.288,64.41
155.42,76.602,64.395
155.41,80.916,64.384
155.41,85.23,64.374
155.4,89.543,64.367
155.4,93.855,64.362
155.4,98.167,64.357
155.4,102.48,64.354
155.4,106.79,64.351
155.4,111.1,64.349
155.39,115.42,64.347
155.39,119.73,64.346
155.39,124.04,64.345
155.39,128.35,64.344
155.39,132.66,64.343
155.39,136.97,64.345
155.38,141.29,64.467
155.49,145.54,61.413
155.83,149.68,61.985
155.9,153.95,65.231
155.65,158.38,68.383
155.05,162.94,71.718
154.07,167.63,75.278
152.68,172.43,79.107
150.84,177.31,83.25
148.5,182.25,87.754
145.63,187.21,92.669
142.16,192.15,98.047
138.04,196.99,103.94
133.24,201.66,110.4
127.71,206.06,117.48
121.42,210.06,125.22
114.37,213.53,133.64
106.59,216.3,142.78
98.145,218.2,152.63
89.165,219.05,163.17
79.823,218.71,174.35
70.349,217.05,186.09
61.021,214.03,198.25
52.132,209.66,210.67
43.971,204.06,223.12
36.779,197.41,235.38
30.726,189.97,247.44
25.88,182,270.05
22.5,173.79,37.047
20.692,165.61,-90.643
19.427,157.53,-74.428
18.478,149.54,-71.94
17.766,141.63,-70.115
17.226,133.78,-68.759
16.814,125.98,-67.74
16.497,118.21,-66.967
16.252,110.48,-66.376
16.063,102.77,-65.922
15.916,95.083,-65.572
15.801,87.409,-65.301
15.712,79.746,-65.091
15.643,72.092,-64.927
15.588,64.445,-64.799
15.546,56.804,-64.699
15.519,49.17,-64.394
15.455,41.522,-66.763
14.974,33.701,-69.317
14.695,25.957,-64.279
14.95,18.468,-59.258
15.708,11.278,-54.165
16.942,4.4297,-49.113
18.613,-2.0416,-44.19
20.674,-8.1134,-39.454
23.076,-13.773,-34.938
25.769,-19.017,-30.663
28.708,-23.848,-26.635
31.851,-28.277,-22.851
35.158,-32.315,-19.305
38.598,-35.98,-15.987
42.14,-39.287,-12.883
45.76,-42.257,-9.9798
49.437,-44.907,-7.2623
53.153,-47.255,-4.7163
56.893,-49.319,-2.3275
60.643,-51.115,-0.082177
64.395,-52.66,2.0327
68.138,-53.967,4.0296
71.866,-55.05,5.9202
75.572,-55.921,7.7155
79.251,-56.592,9.4255
82.899,-57.072,11.06
86.511,-57.37,12.627
90.084,-57.495,14.135
93.616,-57.454,15.591
97.103,-57.254,17.003
100.54,-56.899,18.376
103.93,-56.396,19.715
107.28,-55.749,21.027
110.56,-54.961,22.316
113.79,-54.037,23.586
116.96,-52.979,24.842
120.07,-51.79,26.087
123.12,-50.472,27.325
126.1,-49.027,28.56
129.01,-47.457,29.795
131.86,-45.762,31.033
134.63,-43.945,32.278
137.32,-42.006,33.533
139.93,-39.946,34.802
142.46,-37.764,36.088
144.9,-35.462,37.394
147.24,-33.038,38.724
149.49,-30.493,40.083
151.64,-27.827,41.475
153.68,-25.039,42.904
155.61,-22.128,44.376
157.41,-19.094,45.895
159.09,-15.936,47.469
160.63,-12.652,49.104
162.02,-9.2421,50.806
163.27,-5.7054,52.585
164.34,-2.0409,54.45
165.23,1.7518,56.41
165.94,5.6695,58.273
166.37,9.7471,62.996
166.25,14.108,66.64
166.05,18.513,65.896
165.91,22.891,65.551
165.79,27.256,65.285
165.71,31.608,65.078
165.64,35.952,64.917
165.58,40.289,64.791
165.54,44.621,64.693
165.51,48.948,64.617
165.48,53.271,64.557
165.46,57.592,64.51
165.45,61.911,64.474
165.44,66.229,64.445
165.43,70.545,64.423
165.42,74.86,64.405
165.41,79.174,64.391
165.41,83.488,64.38
165.41,87.801,64.372
165.4,92.114,64.365
165.4,96.427,64.36
165.4,100.74,64.356
165.4,105.05,64.353
165.4,109.36,64.35
165.4,113.67,64.348
165.39,117.99,64.347
165.39,122.3,64.345
165.39,126.61,64.345
165.39,130.92,64.344
165.39,135.23,64.343
165.39,139.56,64.343
165.39,144.02,64.342
