0.1812,38.906,38.857,20.544,12.423,-3.2235,3.5543,-3.5561,2.3351,-2.4188
0.59806,36.21,36.175,33.023,-1.1977,-10.964,2.9818,-2.6097,1.3676,-1.8385
1.0025,35.083,35.09,39.516,-1.171,2.81,-3.1639,1.0029,-0.091044,0.049622
1.4056,35.187,35.194,35.027,-2.4309,0.51007,3.6784,-1.2021,-1.0802,2.4126
1.8086,36.449,36.436,36.806,2.655,4.2762,-4.5393,1.8008,1.5144,-6.576
2.2116,37.614,37.637,34.824,3.1053,-3.8041,3.6699,-0.9513,-3.9625,11.244
2.6146,38.227,38.203,34.434,-3.1037,-2.887,-3.6038,0.89655,10.477,-11.224
3.0176,38.381,38.384,39.968,3.3332,2.4198,9.2251,1.3055,-14.142,0.72274
3.4207,38.243,38.253,35.881,-1.011,-3.1226,-4.025,-10.459,7.4075,12.681
3.8237,37.959,37.944,37.612,-0.95133,-0.095595,-9.4163,3.8452,10.699,-12.896
4.2267,37.571,37.57,41.054,3.6081,2.405,5.5207,10.618,-12.613,-8.3571
4.6297,37.152,37.166,38.176,1.0153,-2.1913,8.6176,-2.1959,-10.642,13.717
5.0327,36.841,36.846,34.521,-4.7444,-4.8315,-2.4812,-9.6974,9.5509,11.681
5.4358,36.67,36.66,35.622,-5.2963,-1.042,-8.2788,-2.5416,14.613,-7.4696
5.8388,36.609,36.599,39.284,-0.89582,4.1194,-2.4942,6.6617,0.70432,-15.796
6.2418,36.615,36.615,40.96,2.9239,5.2882,5.6001,6.9181,-12.869,-5.8153
6.6448,36.652,36.66,39.347,2.921,2.4069,6.9726,-0.14843,-12.581,9.069
7.0478,36.694,36.702,36.423,0.20737,-1.141,1.3865,-6.4976,-1.3146,14.663
7.4509,36.728,36.731,34.643,-2.2926,-2.522,-5.4427,-6.824,9.8231,8.201
7.8539,36.752,36.748,34.941,-2.6951,-1.3376,-8.2338,-1.7398,12.736,-3.449
8.2569,36.764,36.759,36.613,-1.0926,0.96908,-5.6774,4.5599,6.9161,-11.688
8.6599,36.77,36.766,38.299,1.1642,2.6471,-0.035504,8.0682,-2.6622,-12.125
9.0629,36.77,36.77,38.979,2.657,2.7562,5.2231,7.2218,-10.089,-5.7823
9.466,36.769,36.772,38.408,2.6857,1.4231,7.5864,3.0173,-11.907,3.0583
9.869,36.767,36.772,37.011,1.4121,-0.5327,6.4311,-2.1892,-8.0821,9.8793
10.272,36.765,36.77,35.502,-0.44879,-2.1687,2.7723,-6.0999,-1.056,12.014
10.675,36.764,36.766,34.505,-2.0752,-2.8528,-1.5964,-7.4007,5.9331,9.2483
11.078,36.764,36.763,34.332,-2.8847,-2.4324,-4.9909,-6.0029,10.307,3.2587
11.481,36.764,36.761,34.949,-2.6857,-1.1729,-6.4044,-2.7608,10.901,-3.4734
11.884,36.764,36.76,36.072,-1.6475,0.431,-5.6701,1.0466,8.0056,-8.6912
12.287,36.764,36.76,37.31,-0.16394,1.8639,-3.3057,4.215,2.9199,-11.014
12.69,36.764,36.761,38.308,1.3128,2.7448,-0.19816,5.9468,-2.6619,-10.137
13.093,36.764,36.763,38.837,2.4081,2.9016,2.7267,5.9746,-7.2088,-6.6669
13.496,36.765,36.766,38.82,2.9042,2.3706,4.7536,4.5098,-9.7117,-1.7644
13.899,36.759,36.761,38.321,2.7554,1.34,5.5032,2.0811,-9.819,3.2586
14.302,36.619,36.622,37.474,2.0366,0.055381,4.9195,-0.67322,-7.8081,7.2591
14.705,36.348,36.351,36.486,0.94761,-1.1971,3.2615,-3.1178,-4.3434,9.53
15.108,36.027,36.029,35.568,-0.2613,-2.1747,0.98147,-4.7743,-0.25828,9.8282
15.511,35.69,35.692,34.871,-1.3695,-2.7347,-1.4259,-5.4029,3.6155,8.3083
15.914,35.355,35.356,34.482,-2.2134,-2.8322,-3.5184,-4.9908,6.6053,5.4282
16.317,35.029,35.029,34.418,-2.7024,-2.5064,-4.9738,-3.7084,8.2868,1.8129
16.72,34.713,34.712,34.64,-2.8187,-1.8575,-5.6203,-1.8457,8.5109,-1.8793
17.123,34.407,34.405,35.071,-2.6061,-1.0185,-5.437,0.25679,7.3779,-5.0689
17.526,34.109,34.108,35.61,-2.1514,-0.12954,-4.5296,2.269,5.1788,-7.3294
17.929,33.821,33.82,36.157,-1.5638,0.68393,-3.0929,3.918,2.3195,-8.4237
18.332,33.545,33.544,36.623,-0.95533,1.326,-1.3683,5.0159,-0.75576,-8.3057
18.735,33.284,33.283,36.942,-0.42496,1.738,0.39637,5.4714,-3.6301,-7.0941
19.138,33.042,33.042,37.073,-0.047746,1.8996,1.98,5.2848,-5.9635,-5.0311
19.541,32.825,32.826,37.006,0.13098,1.8249,3.2109,4.5339,-7.5224,-2.4322
19.944,32.638,32.639,36.753,0.096519,1.5555,3.9797,3.3523,-8.1907,0.36246
20.348,32.486,32.487,36.348,-0.138,1.1507,4.2421,1.9056,-7.9646,3.0309
20.751,32.374,32.376,35.835,-0.53711,0.6788,4.0138,0.36796,-6.936,5.3014
21.154,32.309,32.31,35.269,-1.05,0.20773,3.3601,-1.0968,-5.269,6.9739
21.557,32.292,32.294,34.702,-1.6178,-0.20171,2.3816,-2.3512,-3.1722,7.9295
21.96,32.326,32.328,34.182,-2.1807,-0.5012,1.1993,-3.2933,-0.87232,8.1307
22.363,32.411,32.412,33.747,-2.6838,-0.65792,-0.059698,-3.8616,1.4093,7.6129
22.766,32.544,32.545,33.425,-3.0814,-0.6556,-1.275,-4.0349,3.4766,6.4716
23.169,32.72,32.72,33.231,-3.34,-0.49389,-2.3426,-3.8289,5.1716,4.8455
23.572,32.933,32.933,33.17,-3.4395,-0.18631,-3.1816,-3.2892,6.3835,2.8992
23.975,33.176,33.176,33.235,-3.3732,0.2426,-3.7376,-2.4843,7.0512,0.80664
24.378,33.443,33.442,33.411,-3.1465,0.76061,-3.9838,-1.4964,7.1618,-1.2643
24.781,33.727,33.726,33.675,-2.7752,1.3312,-3.9193,-0.41357,6.7453,-3.1635
25.184,34.022,34.021,34.003,-2.283,1.9166,-3.5662,0.67754,5.8673,-4.7675
25.587,34.325,34.324,34.368,-1.6991,2.4808,-2.9648,1.6978,4.6199,-5.9855
25.99,34.629,34.628,34.742,-1.0558,2.9912,-2.1693,2.58,3.1111,-6.7617
26.393,34.95,34.949,35.106,-0.38139,3.4252,-1.2372,3.2766,1.4612,-7.0701
26.796,35.362,35.361,35.456,0.31235,3.7794,-0.21356,3.7678,-0.19397,-6.9071
27.199,35.847,35.847,35.77,0.99304,4.032,0.83454,4.0249,-1.751,-6.3239
27.602,36.306,36.305,36.011,1.6138,4.153,1.8239,4.0212,-3.144,-5.4059
28.005,36.652,36.652,36.157,2.1373,4.1272,2.682,3.7558,-4.3244,-4.2404
28.408,36.856,36.856,36.201,2.5455,3.9608,3.3598,3.2563,-5.2498,-2.9051
28.811,36.939,36.939,36.154,2.8373,3.6752,3.8322,2.5712,-5.8842,-1.47
29.214,36.942,36.942,36.033,3.0213,3.2982,4.0918,1.7566,-6.2036,-0.0030485
29.617,36.905,36.906,35.855,3.1093,2.8567,4.1426,0.86825,-6.2012,1.428
30.02,36.859,36.859,35.637,3.114,2.3744,3.9964,-0.042985,-5.8886,2.7575
30.423,36.817,36.818,35.393,3.0478,1.8717,3.6712,-0.93212,-5.2942,3.9263
30.826,36.787,36.788,35.134,2.9232,1.3661,3.1903,-1.7604,-4.4597,4.8849
31.229,36.77,36.77,34.873,2.753,0.87272,2.5811,-2.4952,-3.4367,5.5969
31.632,36.761,36.762,34.619,2.5503,0.40482,1.8746,-3.1103,-2.2819,6.0401
32.035,36.758,36.759,34.381,2.3281,-0.026388,1.1036,-3.5861,-1.0542,6.2063
32.438,36.759,36.759,34.17,2.0992,-0.41182,0.3017,-3.9095,0.1886,6.101
32.841,36.76,36.761,33.991,1.8754,-0.74468,-0.49823,-4.0741,1.3927,5.7413
33.244,36.762,36.763,33.851,1.6674,-1.0206,-1.2654,-4.08,2.5098,5.1544
33.647,36.764,36.764,33.753,1.4838,-1.2376,-1.972,-3.9332,3.4991,4.375
34.05,36.764,36.764,33.7,1.3317,-1.3962,-2.5944,-3.6451,4.3277,3.443
34.453,36.765,36.765,33.691,1.2158,-1.4988,-3.1136,-3.2316,4.9716,2.4019
34.856,36.765,36.765,33.725,1.1389,-1.5501,-3.5152,-2.7121,5.4155,1.296
35.259,36.765,36.765,33.8,1.1016,-1.5558,-3.7901,-2.1088,5.6527,0.16901
35.662,36.765,36.765,33.912,1.1028,-1.5231,-3.9342,-1.445,5.6844,-0.93737
36.065,36.777,36.776,34.057,1.1424,-1.4574,-3.9451,-0.74299,5.5222,-1.983
36.468,36.544,36.544,34.168,1.1533,-1.427,-3.8917,-0.083825,5.1142,-2.994
36.871,36.209,36.209,34.281,1.168,-1.3938,-3.7462,0.56537,4.5055,-3.8909
37.274,36.247,36.246,34.503,1.297,-1.2575,-3.3962,1.2883,3.8423,-4.5464
37.677,36.49,36.489,34.777,1.4894,-1.0806,-2.8927,2.0032,3.1148,-5.0048
38.08,36.812,36.811,35.064,1.7067,-0.90572,-2.2808,2.6524,2.3216,-5.2916
38.483,37.145,37.144,35.34,1.925,-0.75654,-1.5953,3.2005,1.4745,-5.4168
38.886,37.453,37.453,35.593,2.1296,-0.64509,-0.86433,3.6265,0.59446,-5.3836
39.289,37.725,37.725,35.817,2.3114,-0.57625,-0.11197,3.9198,-0.29181,-5.194
39.692,37.96,37.959,36.009,2.4646,-0.55099,0.6401,4.0759,-1.1547,-4.8524
40.095,38.161,38.161,36.168,2.5852,-0.56828,1.3716,4.0954,-1.9643,-4.3679
40.499,38.336,38.335,36.294,2.6698,-0.62603,2.0634,3.9819,-2.6923,-3.7549
40.902,38.487,38.487,36.387,2.7159,-0.72149,2.6975,3.7425,-3.3137,-3.0329
41.305,38.62,38.619,36.447,2.7217,-0.85127,3.2575,3.387,-3.8073,-2.2259
41.708,38.735,38.735,36.477,2.6861,-1.0113,3.7294,2.9279,-4.1568,-1.3612
42.111,38.835,38.835,36.476,2.6089,-1.1968,4.1016,2.3803,-4.3512,-0.46829
42.514,38.921,38.921,36.449,2.4915,-1.4021,4.3655,1.7614,-4.3851,0.4224
42.917,38.992,38.992,36.399,2.3359,-1.6212,4.5158,1.09,-4.2586,1.2805
43.32,39.048,39.049,36.33,2.1456,-1.8473,4.5509,0.38652,-3.9773,2.0772
43.723,39.091,39.091,36.246,1.9251,-2.0734,4.4723,-0.32848,-3.5521,2.7856
44.126,39.119,39.119,36.153,1.6798,-2.2925,4.2851,-1.0342,-2.9987,3.3825
44.529,39.132,39.133,36.056,1.416,-2.4973,3.9974,-1.7104,-2.3371,3.8484
44.932,39.131,39.132,35.962,1.1405,-2.6815,3.6203,-2.3384,-1.5907,4.1685
45.335,39.116,39.116,35.874,0.86035,-2.8388,3.1672,-2.901,-0.7856,4.3331
45.738,39.086,39.086,35.8,0.58292,-2.964,2.6534,-3.3835,0.050336,4.338
46.141,39.041,39.042,35.742,0.31527,-3.0529,2.0958,-3.7737,0.88838,4.1844
46.544,38.982,38.982,35.706,0.06412,-3.1023,1.5118,-4.0628,1.7,3.8788
46.947,38.907,38.907,35.695,-0.1644,-3.1102,0.91945,-4.245,2.4577,3.4328
47.35,38.818,38.818,35.71,-0.36498,-3.0761,0.33615,-4.3178,3.1362,2.8628
47.753,38.713,38.712,35.754,-0.53332,-3.0007,-0.22145,-4.2824,3.7127,2.189
48.156,38.592,38.591,35.827,-0.66623,-2.886,-0.73813,-4.1431,4.1684,1.4353
48.559,38.455,38.454,35.928,-0.76177,-2.7351,-1.2005,-3.9071,4.4885,0.62772
48.962,38.302,38.301,36.055,-0.81932,-2.5526,-1.5976,-3.5846,4.6626,-0.20583
49.365,38.132,38.132,36.206,-0.83956,-2.3438,-1.9208,-3.188,4.6856,-1.0369
49.768,37.946,37.945,36.377,-0.82451,-2.1148,-2.1643,-2.7317,4.5572,-1.8374
50.171,37.744,37.744,36.564,-0.77715,-1.8722,-2.3251,-2.2313,4.2824,-2.5801
50.574,37.517,37.516,36.759,-0.70443,-1.6257,-2.4058,-1.7058,3.8681,-3.2428
50.977,37.226,37.225,36.947,-0.62107,-1.3908,-2.4192,-1.1798,3.3181,-3.8109
51.38,36.945,36.944,37.143,-0.51465,-1.1556,-2.3523,-0.6505,2.6688,-4.2459
51.783,36.753,36.753,37.356,-0.37327,-0.91091,-2.1929,-0.11863,1.9627,-4.5205
52.186,36.658,36.657,37.581,-0.20313,-0.66555,-1.9485,0.39659,1.2275,-4.6322
52.589,36.634,36.633,37.805,-0.017998,-0.43442,-1.6364,0.8711,0.48297,-4.5905
52.992,36.651,36.65,38.013,0.16739,-0.23127,-1.2771,1.2836,-0.25323,-4.4083
53.395,36.683,36.683,38.196,0.34047,-0.065903,-0.89055,1.6187,-0.96338,-4.0994
53.798,36.716,36.716,38.348,0.49177,0.056246,-0.49496,1.8672,-1.629,-3.6777
54.201,36.741,36.741,38.464,0.61468,0.13344,-0.10622,2.0255,-2.2315,-3.158
54.604,36.757,36.757,38.543,0.70487,0.16662,0.26187,2.0942,-2.7531,-2.5566
55.007,36.765,36.765,38.586,0.7597,0.1585,0.59739,2.0775,-3.1783,-1.8917
55.41,36.768,36.768,38.595,0.77776,0.11295,0.89019,1.9819,-3.4944,-1.1834
55.813,36.768,36.768,38.57,0.75868,0.034654,1.1319,1.8161,-3.6924,-0.45357
56.216,36.767,36.767,38.516,0.70302,-0.071151,1.3161,1.5904,-3.7675,0.2752
56.619,36.766,36.766,38.434,0.61229,-0.19873,1.4384,1.3162,-3.7189,0.98021
57.022,36.764,36.765,38.33,0.48889,-0.342,1.4966,1.0062,-3.5502,1.6396
57.425,36.764,36.764,38.206,0.33616,-0.49457,1.4908,0.67354,-3.2688,2.233
57.828,36.763,36.764,38.068,0.15823,-0.64998,1.4234,0.33153,-2.8858,2.7426
58.231,36.763,36.764,37.92,-0.040003,-0.80178,1.2988,-0.0066287,-2.4155,3.1532
58.634,36.763,36.764,37.768,-0.25309,-0.94374,1.1233,-0.32839,-1.8749,3.4533
59.037,36.763,36.764,37.617,-0.47516,-1.0701,0.90518,-0.6222,-1.283,3.635
59.44,36.763,36.764,37.47,-0.70009,-1.1755,0.65376,-0.87793,-0.66021,3.6945
59.843,36.763,36.764,37.334,-0.92176,-1.2555,0.37951,-1.0871,-0.027658,3.6319
60.246,36.767,36.767,37.212,-1.1334,-1.3057,0.094328,-1.2425,0.59439,3.4522
60.65,36.737,36.737,37.099,-1.3383,-1.3323,-0.1997,-1.3484,1.1763,3.1547
61.053,36.539,36.54,36.967,-1.5643,-1.3631,-0.52598,-1.4303,1.663,2.7251
61.456,36.224,36.224,36.834,-1.794,-1.3795,-0.86278,-1.4673,2.0476,2.2026
61.859,35.874,35.874,36.72,-2.0033,-1.3602,-1.18,-1.438,2.3374,1.6294
62.262,35.523,35.523,36.634,-2.1824,-1.2999,-1.4609,-1.3394,2.5318,1.0327
62.665,35.183,35.183,36.577,-2.3276,-1.1999,-1.6952,-1.1763,2.629,0.43332
63.068,34.857,34.857,36.545,-2.4388,-1.0652,-1.8771,-0.95834,2.6279,-0.15061
63.471,34.543,34.543,36.535,-2.5177,-0.90191,-2.0034,-0.69686,2.5294,-0.70248
63.874,34.24,34.24,36.543,-2.5667,-0.71664,-2.0734,-0.40405,2.3375,-1.2066
64.277,33.946,33.946,36.564,-2.5891,-0.51562,-2.0877,-0.092031,2.0594,-1.6483
64.68,33.663,33.663,36.594,-2.5878,-0.30468,-2.0487,0.2275,1.7056,-2.0147
65.083,33.393,33.393,36.629,-2.5661,-0.089105,-1.9597,0.54356,1.2891,-2.2948
65.486,33.14,33.14,36.667,-2.5274,0.12632,-1.8254,0.846,0.8254,-2.4807
65.889,32.908,32.908,36.703,-2.475,0.33735,-1.6515,1.1257,0.33165,-2.5673
66.292,32.705,32.705,36.736,-2.4122,0.54035,-1.4446,1.3748,-0.17395,-2.5529
66.695,32.535,32.535,36.761,-2.3419,0.7323,-1.2117,1.5868,-0.67275,-2.4394
67.098,32.405,32.405,36.779,-2.267,0.91086,-0.96044,1.7567,-1.1464,-2.232
67.501,32.321,32.321,36.787,-2.1899,1.0743,-0.69833,1.8808,-1.5776,-1.9392
67.904,32.287,32.287,36.784,-2.1129,1.2215,-0.43303,1.9572,-1.9505,-1.5726
68.307,32.307,32.307,36.769,-2.0378,1.3518,-0.17201,1.9851,-2.252,-1.1466
68.71,32.381,32.381,36.742,-1.9664,1.4647,0.077429,1.9651,-2.4718,-0.6778
69.113,32.508,32.508,36.703,-1.9002,1.5603,0.30832,1.899,-2.6032,-0.18443
69.516,32.681,32.681,36.651,-1.8407,1.6388,0.51426,1.7895,-2.6431,0.31446
69.919,32.895,32.895,36.586,-1.7888,1.7009,0.6897,1.6409,-2.5921,0.79995
70.322,33.141,33.141,36.51,-1.7447,1.748,0.83029,1.4584,-2.454,1.2541
70.725,33.412,33.413,36.423,-1.7081,1.782,0.93319,1.2486,-2.2356,1.6607
71.128,33.701,33.702,36.328,-1.6776,1.8056,0.99723,1.0189,-1.9463,2.0061
71.531,34.003,34.003,36.228,-1.6511,1.8218,1.0229,0.7776,-1.5972,2.2793
71.934,34.311,34.311,36.126,-1.6259,1.834,1.0123,0.53295,-1.2013,2.472
72.337,34.621,34.621,36.025,-1.5991,1.8452,0.96859,0.29282,-0.77279,2.579
72.74,34.946,34.946,35.932,-1.5631,1.8626,0.90074,0.06944,-0.32319,2.6024
73.143,35.343,35.343,35.865,-1.4995,1.9025,0.83115,-0.11619,0.14601,2.5564
73.546,35.801,35.801,35.825,-1.408,1.9618,0.76474,-0.26544,0.61893,2.439
73.949,36.243,36.243,35.794,-1.3044,2.0225,0.6892,-0.39491,1.0637,2.2381
74.352,36.591,36.591,35.757,-1.205,2.0691,0.59098,-0.5182,1.4482,1.9488
74.755,36.81,36.81,35.708,-1.1159,2.0973,0.46605,-0.63709,1.7518,1.5824
75.158,36.911,36.911,35.654,-1.0324,2.1134,0.32131,-0.74324,1.9685,1.1622
75.561,36.93,36.93,35.604,-0.94536,2.1274,0.16931,-0.82537,2.102,0.71582
75.964,36.903,36.904,35.566,-0.84574,2.1477,0.022667,-0.87505,2.1602,0.26783
76.367,36.862,36.862,35.547,-0.72787,2.1786,-0.10892,-0.88885,2.1515,-0.16278
76.77,36.822,36.822,35.547,-0.58959,2.2204,-0.21944,-0.86796,2.0838,-0.56267
77.173,36.792,36.792,35.566,-0.43157,2.2708,-0.30614,-0.81677,1.9639,-0.92296
77.576,36.773,36.773,35.6,-0.2563,2.3259,-0.36862,-0.74136,1.7982,-1.2379
77.979,36.763,36.763,35.645,-0.067195,2.3815,-0.40803,-0.64834,1.5929,-1.5037
78.382,36.759,36.759,35.699,0.13201,2.4335,-0.42646,-0.54408,1.3546,-1.7181
78.785,36.759,36.759,35.758,0.33764,2.4782,-0.42645,-0.43432,1.0901,-1.8799
79.188,36.76,36.76,35.818,0.54627,2.5128,-0.41079,-0.32396,0.80652,-1.9889
79.591,36.762,36.762,35.878,0.75477,2.535,-0.38234,-0.21709,0.51098,-2.0456
79.994,36.763,36.763,35.936,0.96032,2.543,-0.344,-0.11702,0.2107,-2.0516
80.397,36.764,36.764,35.99,1.1604,2.5355,-0.29862,-0.026346,-0.087417,-2.0094
80.801,36.765,36.765,36.038,1.3527,2.5119,-0.24901,0.052993,-0.37687,-1.9222
81.204,36.765,36.765,36.079,1.5351,2.4716,-0.19781,0.11964,-0.65174,-1.794
81.607,36.765,36.765,36.113,1.7061,2.4145,-0.14753,0.1728,-0.90674,-1.6294
82.01,36.766,36.765,36.139,1.8642,2.341,-0.10028,0.21232,-1.1372,-1.4334
82.413,36.774,36.774,36.158,2.01,2.2534,-0.056112,0.23995,-1.3372,-1.21
82.816,36.534,36.534,36.107,2.079,2.0906,-0.081707,0.19606,-1.5705,-1.0232
83.219,36.218,36.218,36.035,2.1155,1.904,-0.13671,0.13627,-1.796,-0.81837
83.622,36.264,36.264,36.045,2.2263,1.7955,-0.11118,0.16029,-1.8963,-0.50442
84.025,36.512,36.512,36.091,2.3688,1.7164,-0.044367,0.2154,-1.9041,-0.1455
84.428,36.837,36.837,36.142,2.511,1.6336,0.032677,0.26663,-1.8483,0.21349
84.831,37.172,37.171,36.18,2.6363,1.5314,0.10231,0.29773,-1.7475,0.54756
85.234,37.48,37.48,36.201,2.7371,1.4048,0.15574,0.3038,-1.6131,0.84407
85.637,37.752,37.752,36.202,2.8117,1.2547,0.18995,0.28648,-1.4521,1.0978
86.04,37.986,37.986,36.188,2.8616,1.0853,0.2052,0.25048,-1.269,1.3073
86.443,38.187,38.187,36.161,2.8894,0.90144,0.20339,0.20139,-1.0674,1.473
86.846,38.36,38.36,36.126,2.8981,0.70779,0.18697,0.14455,-0.85097,1.5956
87.249,38.511,38.511,36.085,2.8905,0.50854,0.15855,0.084599,-0.62335,1.6761
87.652,38.642,38.642,36.041,2.869,0.30717,0.12066,0.025366,-0.38872,1.7159
88.055,38.756,38.756,35.997,2.8357,0.10653,0.075699,-0.030089,-0.15153,1.7161
88.458,38.855,38.855,35.953,2.7926,-0.091037,0.025975,-0.079371,0.083634,1.6785
88.861,38.938,38.939,35.912,2.7411,-0.28361,-0.026312,-0.12065,0.31216,1.6052
89.264,39.007,39.007,35.874,2.6829,-0.4696,-0.079045,-0.15261,0.52956,1.4988
89.667,39.061,39.061,35.841,2.6192,-0.64775,-0.1302,-0.17434,0.73161,1.3624
90.07,39.101,39.101,35.813,2.5514,-0.81702,-0.17789,-0.18539,0.91441,1.1997
90.473,39.125,39.125,35.791,2.4803,-0.97666,-0.22036,-0.18565,1.0745,1.0146
90.876,39.135,39.135,35.775,2.4071,-1.1261,-0.25606,-0.1754,1.209,0.81144
91.279,39.13,39.13,35.765,2.3323,-1.2651,-0.28367,-0.15524,1.3155,0.59486
91.682,39.109,39.109,35.763,2.2567,-1.3936,-0.30213,-0.12611,1.3922,0.36961
92.085,39.074,39.074,35.766,2.1807,-1.5116,-0.31064,-0.08917,1.4379,0.14057
92.488,39.023,39.023,35.775,2.1044,-1.6195,-0.30889,-0.045995,1.4519,-0.087604
92.891,38.943,38.943,35.787,2.0248,-1.7209,-0.29989,-0.0010538,1.4311,-0.31296
93.294,38.842,38.842,35.807,1.9424,-1.8152,-0.28335,0.045133,1.3765,-0.52953
93.697,38.758,38.758,35.861,1.8606,-1.8994,-0.25602,0.094488,1.2932,-0.72927
94.1,36.734,36.734,33.988,1.7798,-1.974,-0.21795,0.1455,1.1841,-0.90803
94.503,35.878,35.878,33.298,1.6988,-2.0404,-0.17054,0.19561,1.0512,-1.0632
94.906,35.803,35.803,33.405,1.6166,-2.1002,-0.11569,0.24224,0.89709,-1.1927
95.309,35.637,35.637,33.436,1.5318,-2.1549,-0.05544,0.28315,0.72447,-1.2948
95.712,35.455,35.455,33.467,1.4433,-2.2056,0.0081221,0.31651,0.53662,-1.3682
96.115,35.257,35.257,33.496,1.3506,-2.253,0.073209,0.34117,0.33746,-1.4114
96.518,35.031,35.031,33.519,1.2494,-2.301,0.13459,0.35298,0.12774,-1.427
96.921,34.723,34.723,33.523,1.1259,-2.3623,0.17649,0.33969,-0.10267,-1.4259
97.324,34.419,34.419,33.524,1.002,-2.4137,0.21946,0.325,-0.32719,-1.3841
97.727,34.235,34.234,33.566,0.89951,-2.4355,0.28523,0.32788,-0.51673,-1.2846
98.13,35.143,35.143,34.617,0.81762,-2.4312,0.3731,0.34329,-0.66481,-1.1363
98.533,35.402,35.402,34.955,0.74763,-2.4117,0.47403,0.35951,-0.77452,-0.95576
98.936,35.395,35.395,34.988,0.6805,-2.3868,0.5779,0.36605,-0.85149,-0.75829
99.339,35.432,35.432,35.047,0.60956,-2.3633,0.67651,0.35631,-0.90067,-0.55562
99.742,35.467,35.467,35.097,0.53118,-2.3444,0.76443,0.32772,-0.92536,-0.35548
100.15,35.493,35.493,35.138,0.44414,-2.3304,0.83868,0.2807,-0.92733,-0.16263
100.55,35.509,35.509,35.17,0.34888,-2.3204,0.89801,0.21749,-0.90735,0.01992
100.95,35.517,35.517,35.194,0.24662,-2.3124,0.94221,0.14114,-0.86589,0.19001
101.35,35.519,35.519,35.212,0.13889,-2.3046,0.97161,0.054866,-0.80356,0.34574
101.76,35.519,35.519,35.226,0.027181,-2.2952,0.98675,-0.038285,-0.72141,0.48522
102.16,35.518,35.517,35.237,-0.087113,-2.2828,0.98827,-0.13553,-0.62099,0.60658
102.56,35.516,35.516,35.246,-0.20274,-2.2662,0.97695,-0.23436,-0.50435,0.70803
102.97,35.515,35.515,35.254,-0.31853,-2.2445,0.95363,-0.3325,-0.37398,0.78801
103.37,35.514,35.514,35.261,-0.43338,-2.2169,0.9193,-0.4279,-0.23269,0.8453
103.77,35.514,35.514,35.268,-0.5462,-2.1827,0.87512,-0.51867,-0.083536,0.87909
104.18,35.514,35.514,35.277,-0.65593,-2.1414,0.82239,-0.6031,0.070299,0.88904
104.58,35.514,35.514,35.287,-0.7615,-2.0925,0.76251,-0.67968,0.22556,0.87528
104.98,35.514,35.514,35.299,-0.8619,-2.0357,0.69704,-0.74711,0.379,0.83845
105.38,35.528,35.528,35.33,-0.95615,-1.9707,0.62757,-0.80433,0.52746,0.77964
105.79,35.427,35.427,35.247,-1.0433,-1.8975,0.55572,-0.85052,0.66792,0.70037
106.19,34.383,34.383,34.222,-1.1218,-1.8152,0.48395,-0.88435,0.79841,0.60333
106.59,34.218,34.218,34.107,-1.2001,-1.7333,0.4044,-0.91468,0.90683,0.48171
107,34.045,34.045,34.11,-1.3086,-1.6802,0.28639,-0.96824,0.95755,0.31282
107.4,33.733,33.733,34.059,-1.4321,-1.6381,0.14464,-1.0248,0.96089,0.12235
107.8,33.535,33.535,34.157,-1.5529,-1.589,-0.0022697,-1.0652,0.93325,-0.065802
108.21,34.25,34.25,35.179,-1.6644,-1.5272,-0.14613,-1.0834,0.88198,-0.24117
108.61,34.029,34.029,35.265,-1.7642,-1.4518,-0.28282,-1.0783,0.81126,-0.39865
109.01,33.699,33.699,35.239,-1.8525,-1.3641,-0.41062,-1.0516,0.72346,-0.536
109.41,33.374,33.374,35.213,-1.9301,-1.2664,-0.52901,-1.006,0.62027,-0.65226
109.82,33.24,33.24,35.373,-1.9986,-1.161,-0.63786,-0.94425,0.50342,-0.74683
110.22,33.995,33.995,36.416,-2.059,-1.0499,-0.73705,-0.86898,0.375,-0.81911
110.62,33.795,33.795,36.495,-2.1121,-0.9347,-0.82629,-0.78232,0.23764,-0.8685
111.03,33.515,33.515,36.485,-2.1584,-0.81635,-0.90515,-0.68605,0.094434,-0.89445
111.43,33.264,33.264,36.486,-2.1982,-0.69563,-0.97302,-0.58173,-0.051122,-0.89668
111.83,33.032,33.032,36.488,-2.2315,-0.57306,-1.0293,-0.47075,-0.19529,-0.87523
112.24,32.823,32.823,36.489,-2.2582,-0.44897,-1.0732,-0.3544,-0.33422,-0.83064
112.64,32.644,32.644,36.49,-2.278,-0.32361,-1.1042,-0.23394,-0.46405,-0.76395
113.04,32.498,32.498,36.492,-2.2908,-0.19718,-1.1217,-0.11062,-0.5811,-0.67676
113.45,32.39,32.39,36.494,-2.2963,-0.069852,-1.1252,0.01425,-0.68197,-0.57124
113.85,32.324,32.324,36.496,-2.2942,0.058103,-1.1146,0.13928,-0.76371,-0.45014
114.25,32.301,32.301,36.499,-2.2846,0.18631,-1.0897,0.26295,-0.82399,-0.31676
114.65,32.323,32.323,36.503,-2.2676,0.31423,-1.051,0.3836,-0.86123,-0.17488
115.06,32.389,32.389,36.506,-2.2434,0.44115,-0.9993,0.49944,-0.87466,-0.02867
115.46,32.497,32.497,36.51,-2.2127,0.56624,-0.93556,0.60864,-0.8644,0.11751
115.86,32.643,32.643,36.512,-2.1761,0.68861,-0.8612,0.70941,-0.83134,0.25928
116.27,32.824,32.824,36.513,-2.1344,0.8074,-0.77778,0.80011,-0.77711,0.39248
116.67,33.033,33.033,36.512,-2.0882,0.9219,-0.68694,0.8794,-0.70385,0.51334
117.07,33.266,33.266,36.509,-2.038,1.0316,-0.59025,0.94626,-0.61415,0.61868
117.48,33.519,33.519,36.503,-1.9841,1.1362,-0.48919,1.0001,-0.51084,0.70593
117.88,33.787,33.787,36.496,-1.9268,1.2357,-0.38507,1.0405,-0.39691,0.77325
118.28,34.066,34.066,36.487,-1.866,1.3302,-0.27901,1.0678,-0.27539,0.81946
118.68,34.353,34.353,36.476,-1.8015,1.4199,-0.17199,1.082,-0.14934,0.84403
119.09,34.641,34.641,36.464,-1.7341,1.5041,-0.066006,1.0827,-0.022936,0.84594
119.49,35.059,35.058,36.539,-1.649,1.5973,0.052691,1.0844,0.11554,0.8396
119.89,34.908,34.908,35.882,-1.5061,1.7359,0.2251,1.1218,0.30664,0.85796
120.3,33.628,33.628,34.043,-1.3424,1.8786,0.41467,1.1518,0.51289,0.85568
120.7,34.144,34.144,34.104,-1.2075,1.9775,0.56916,1.127,0.67804,0.78674
121.1,34.425,34.425,34.092,-1.1159,2.0229,0.67034,1.0409,0.77889,0.64869
121.51,34.565,34.565,34.08,-1.0578,2.0296,0.72478,0.91178,0.81818,0.46446
121.91,34.156,34.156,33.613,-1.0154,2.0181,0.74829,0.76293,0.80988,0.2623
122.31,33.175,33.175,32.624,-0.97344,2.0046,0.75557,0.61274,0.76878,0.064563
122.71,33.133,33.133,32.592,-0.92245,1.9982,0.75652,0.4718,0.70625,-0.11497
123.12,33.077,33.077,32.549,-0.85809,2.0021,0.75621,0.34425,0.62967,-0.26964
123.52,33.038,33.038,32.518,-0.77975,2.0156,0.75621,0.23021,0.54339,-0.39746
123.92,33.015,33.016,32.498,-0.68881,2.0361,0.75604,0.12781,0.44995,-0.49891
124.33,33.006,33.006,32.488,-0.58748,2.0605,0.75435,0.034622,0.35105,-0.57544
124.73,33.003,33.003,32.484,-0.47808,2.0858,0.74956,-0.05155,0.24817,-0.62874
125.13,33.005,33.005,32.484,-0.3627,2.1096,0.74028,-0.13235,0.14295,-0.66035
125.54,33.008,33.008,32.488,-0.24308,2.13,0.72543,-0.20883,0.037222,-0.67161
125.94,33.01,33.01,32.494,-0.12065,2.1456,0.70424,-0.28154,-0.066995,-0.66381
126.34,33.012,33.012,32.5,0.0033756,2.1553,0.6762,-0.35067,-0.16759,-0.63828
126.74,33.013,33.013,32.507,0.12794,2.1584,0.64097,-0.41617,-0.2625,-0.5965
127.15,33.014,33.014,32.513,0.25208,2.1543,0.59836,-0.47784,-0.34979,-0.54016
127.55,33.014,33.014,32.518,0.37486,2.1425,0.5483,-0.53538,-0.42772,-0.47115
127.95,33.014,33.014,32.522,0.49542,2.1227,0.49083,-0.58842,-0.49482,-0.39156
128.36,33.014,33.014,32.524,0.61294,2.0947,0.42607,-0.63651,-0.54992,-0.30365
128.76,33.014,33.014,32.525,0.72671,2.0583,0.35431,-0.67917,-0.5921,-0.20973
129.16,33.018,33.018,32.523,0.83673,2.0146,0.27715,-0.71488,-0.61975,-0.11155
129.57,32.955,32.955,32.504,0.92448,1.9468,0.17754,-0.75999,-0.65078,-0.028515
129.97,32.749,32.749,32.448,0.97168,1.8399,0.036024,-0.82729,-0.70666,0.026344
130.37,32.666,32.666,32.423,1.0441,1.7607,-0.080365,-0.84942,-0.72083,0.11847
130.77,32.807,32.807,32.45,1.1651,1.7277,-0.14414,-0.81037,-0.66422,0.25857
131.18,33.08,33.079,32.502,1.3108,1.7132,-0.17596,-0.74056,-0.55755,0.41089
131.58,33.449,33.449,32.61,1.4591,1.694,-0.19623,-0.66457,-0.42363,0.54692
131.98,33.128,33.127,32.025,1.5977,1.6588,-0.21677,-0.59468,-0.27819,0.65188
132.39,32.688,32.688,31.339,1.7217,1.6043,-0.24249,-0.53452,-0.13079,0.72074
132.79,32.984,32.984,31.414,1.8303,1.5316,-0.27408,-0.48312,0.013057,0.75401
133.19,33.193,33.193,31.428,1.925,1.4437,-0.31007,-0.43766,0.15004,0.7548
133.6,33.373,33.373,31.435,2.0076,1.3442,-0.34822,-0.39506,0.27792,0.72712
134,33.527,33.527,31.438,2.0802,1.236,-0.38624,-0.35274,0.39488,0.67507
134.4,33.659,33.66,31.438,2.1443,1.1217,-0.42206,-0.30884,0.49923,0.60254
134.81,33.774,33.774,31.437,2.2011,1.0031,-0.45397,-0.26225,0.58943,0.51316
135.21,33.871,33.871,31.436,2.2514,0.88162,-0.48062,-0.21242,0.66402,0.41037
135.61,33.953,33.953,31.436,2.2958,0.75831,-0.50098,-0.15932,0.72178,0.2975
136.01,34.019,34.019,31.437,2.3346,0.63386,-0.51431,-0.10325,0.76173,0.17775
136.42,34.071,34.071,31.44,2.368,0.50878,-0.52009,-0.044802,0.78321,0.054297
136.82,34.107,34.107,31.443,2.396,0.38342,-0.51805,0.015245,0.78592,-0.069776
137.22,34.129,34.129,31.448,2.4185,0.25801,-0.50814,0.075974,0.76994,-0.19149
137.63,34.135,34.135,31.455,2.4354,0.13267,-0.4905,0.13636,0.73569,-0.308
138.03,34.126,34.126,31.462,2.4463,0.007462,-0.46551,0.19533,0.68397,-0.41666
138.43,34.103,34.102,31.469,2.451,-0.11763,-0.43369,0.25177,0.61592,-0.51506
138.84,34.063,34.063,31.477,2.4491,-0.24268,-0.39581,0.30457,0.53297,-0.60106
139.24,34.009,34.009,31.484,2.4401,-0.36776,-0.35277,0.35265,0.43681,-0.67283
139.64,33.938,33.938,31.491,2.4235,-0.493,-0.30567,0.39501,0.32937,-0.72889
140.04,33.852,33.852,31.496,2.3986,-0.61851,-0.2557,0.4307,0.21275,-0.76811
140.45,33.749,33.749,31.499,2.365,-0.7444,-0.20422,0.45894,0.089171,-0.78975
140.85,33.631,33.631,31.5,2.3221,-0.87075,-0.15263,0.47905,-0.039034,-0.79342
141.25,33.495,33.495,31.498,2.2692,-0.99761,-0.10241,0.49054,-0.16951,-0.77912
141.66,33.342,33.342,31.492,2.2057,-1.125,-0.05506,0.49309,-0.2999,-0.74722
142.06,33.173,33.173,31.482,2.1312,-1.2527,-0.012068,0.48658,-0.42792,-0.69842
142.46,32.986,32.986,31.467,2.0451,-1.3808,0.025125,0.4711,-0.55135,-0.63375
142.87,32.782,32.782,31.447,1.9475,-1.5085,0.055479,0.44726,-0.66779,-0.55422
143.27,32.55,32.55,31.42,1.8346,-1.6389,0.074511,0.41237,-0.77859,-0.46457
143.67,32.237,32.237,31.371,1.6936,-1.783,0.067914,0.35611,-0.8957,-0.37704
144.07,31.933,31.933,31.325,1.5469,-1.9172,0.057092,0.30312,-0.99539,-0.26934
144.48,31.732,31.732,31.302,1.4169,-2.0207,0.064908,0.27353,-1.0515,-0.12559
144.88,31.637,31.637,31.3,1.3039,-2.0958,0.092563,0.26384,-1.06,0.045295
145.28,31.618,31.618,31.312,1.2004,-2.1522,0.13266,0.2633,-1.0267,0.22701
145.69,31.641,31.641,31.327,1.0978,-2.1992,0.17653,0.26192,-0.96021,0.40434
146.09,31.679,31.679,31.34,0.99029,-2.2431,0.21734,0.25334,-0.86858,0.56621
146.49,31.715,31.715,31.347,0.8747,-2.2866,0.25103,0.23503,-0.75802,0.70596
146.9,31.741,31.741,31.348,0.75051,-2.3299,0.27597,0.20728,-0.63297,0.8203
147.3,31.758,31.758,31.343,0.61876,-2.3715,0.29225,0.17207,-0.49668,0.90816
147.7,31.766,31.766,31.336,0.48129,-2.4094,0.30086,0.13196,-0.35178,0.9696
148.1,31.769,31.769,31.326,0.34017,-2.4414,0.30323,0.089501,-0.20069,1.0052
148.51,31.768,31.768,31.316,0.19735,-2.4659,0.30083,0.046911,-0.045962,1.0158
148.91,31.767,31.767,31.307,0.054606,-2.4815,0.29505,0.0059391,0.10974,1.0023
149.31,31.765,31.765,31.301,-0.086524,-2.4872,0.28718,-0.032089,0.2636,0.96574
149.72,31.764,31.764,31.297,-0.22469,-2.4823,0.27839,-0.066217,0.41279,0.90752
150.12,31.763,31.763,31.298,-0.35869,-2.4664,0.26975,-0.095786,0.55451,0.8292
150.52,31.763,31.763,31.302,-0.48744,-2.4393,0.26226,-0.12038,0.68613,0.7327
150.93,31.763,31.763,31.311,-0.60995,-2.4009,0.25684,-0.13981,0.80523,0.62021
151.33,31.763,31.763,31.324,-0.72535,-2.3514,0.25435,-0.15407,0.9097,0.49423
151.73,31.763,31.763,31.342,-0.83283,-2.2908,0.25551,-0.16332,0.99773,0.35746
152.14,31.763,31.763,31.366,-0.93174,-2.2197,0.26094,-0.1679,1.0679,0.21279
152.54,31.763,31.763,31.394,-1.0215,-2.1384,0.27113,-0.16831,1.1191,0.063215
152.94,31.767,31.767,31.428,-1.1007,-2.0467,0.28736,-0.16428,1.1518,-0.087357
153.34,31.727,31.727,31.457,-1.1809,-1.9568,0.29782,-0.16807,1.1535,-0.24731
153.75,31.526,31.526,31.451,-1.2907,-1.8955,0.27242,-0.20477,1.0931,-0.43631
154.15,31.23,31.23,31.43,-1.4129,-1.8432,0.22686,-0.25275,0.98606,-0.62677
154.55,30.9,30.9,31.409,-1.5329,-1.785,0.17542,-0.29625,0.84856,-0.79811
154.96,30.562,30.562,31.392,-1.6447,-1.7158,0.12459,-0.32938,0.69021,-0.94055
155.36,30.23,30.23,31.381,-1.7462,-1.6345,0.07708,-0.35088,0.51761,-1.0498
155.76,29.907,29.907,31.376,-1.8375,-1.5425,0.033287,-0.36197,0.33546,-1.1247
156.17,29.595,29.595,31.375,-1.9198,-1.4421,-0.0075271,-0.36477,0.14755,-1.1657
156.57,29.292,29.292,31.375,-1.9946,-1.3356,-0.046423,-0.36138,-0.042544,-1.1741
156.97,28.997,28.997,31.376,-2.0633,-1.2248,-0.084354,-0.35349,-0.23117,-1.1514
157.37,28.701,28.701,31.364,-2.1265,-1.1112,-0.12197,-0.34224,-0.41445,-1.099
157.78,28.51,28.51,31.443,-2.1849,-0.99559,-0.15957,-0.32825,-0.58835,-1.0189
158.18,29.3,29.3,32.484,-2.2386,-0.87856,-0.19711,-0.31178,-0.74876,-0.91318
158.58,29.225,29.225,32.638,-2.2874,-0.76027,-0.23425,-0.29277,-0.89162,-0.78419
158.99,28.998,28.998,32.613,-2.331,-0.64066,-0.27038,-0.27098,-1.013,-0.63481
159.39,28.824,28.824,32.606,-2.3687,-0.51951,-0.30466,-0.24602,-1.1095,-0.4683
159.79,28.687,28.687,32.6,-2.3998,-0.39651,-0.33607,-0.21752,-1.1777,-0.28834
160.2,28.592,28.592,32.595,-2.4235,-0.27134,-0.3635,-0.18512,-1.2152,-0.098999
160.6,28.545,28.545,32.59,-2.439,-0.14374,-0.38586,-0.14867,-1.2201,0.095212
161,28.549,28.549,32.588,-2.4458,-0.013704,-0.40222,-0.10828,-1.1916,0.28941
161.4,28.585,28.585,32.57,-2.4433,0.11851,-0.41196,-0.0644,-1.1297,0.47837
161.81,28.826,28.826,32.708,-2.4317,0.25231,-0.41483,-0.017877,-1.036,0.65667
162.21,30.024,30.024,33.759,-2.4112,0.38678,-0.41102,0.030143,-0.9129,0.8189
162.61,30.314,30.314,33.861,-2.3826,0.52086,-0.40105,0.078351,-0.76412,0.95996
163.02,30.525,30.525,33.851,-2.3464,0.65346,-0.38563,0.12546,-0.59412,1.0754
163.42,30.8,30.8,33.877,-2.3034,0.78365,-0.36548,0.17037,-0.4079,1.1615
163.82,30.905,30.905,33.711,-2.254,0.91076,-0.3412,0.2123,-0.21075,1.2159
164.23,30.153,30.153,32.672,-2.1984,1.0344,-0.31316,0.25078,-0.0079988,1.2371
164.63,30.38,30.38,32.603,-2.1366,1.1545,-0.28154,0.28565,0.19515,1.2248
165.03,30.696,30.696,32.617,-2.0684,1.2711,-0.24634,0.31688,0.39368,1.1798
165.43,31.026,31.026,32.645,-1.9937,1.384,-0.20772,0.34437,0.58262,1.1035
165.84,31.171,31.171,32.456,-1.9006,1.5047,-0.15371,0.37926,0.76962,1.009
166.24,30.589,30.589,31.465,-1.7744,1.6455,-0.068804,0.43267,0.967,0.90929
166.64,31.026,31.026,31.467,-1.6304,1.7888,0.032029,0.48571,1.1567,0.7876
167.05,31.456,31.456,31.514,-1.4926,1.9109,0.12405,0.51465,1.31,0.62417
167.45,31.746,31.746,31.525,-1.3757,1.9994,0.19062,0.50821,1.4062,0.41352
167.85,31.898,31.899,31.51,-1.2804,2.0566,0.22924,0.47061,1.4395,0.1668
168.26,31.945,31.945,31.48,-1.198,2.0938,0.24726,0.41464,1.4157,-0.096046
168.66,31.929,31.929,31.446,-1.1178,2.1226,0.25498,0.35349,1.3454,-0.35504
169.06,31.886,31.886,31.417,-1.0312,2.1518,0.26102,0.29644,1.2391,-0.59484
169.46,31.84,31.84,31.397,-0.93341,2.1855,0.27078,0.24802,1.1055,-0.80566
169.87,31.803,31.803,31.388,-0.82291,2.2243,0.28657,0.20898,0.95113,-0.9823
170.27,31.778,31.778,31.389,-0.70032,2.2667,0.30847,0.17777,0.78078,-1.1226
170.67,31.764,31.764,31.398,-0.56749,2.31,0.33519,0.15181,0.59844,-1.2264
171.08,31.758,31.758,31.413,-0.42676,2.3515,0.36484,0.12834,0.40767,-1.2943
171.48,31.757,31.757,31.43,-0.28054,2.3885,0.39534,0.10495,0.212,-1.3273
171.88,31.758,31.758,31.45,-0.13103,2.419,0.42466,0.079738,0.015085,-1.327
172.29,31.76,31.76,31.469,0.019803,2.4412,0.45097,0.051379,-0.17935,-1.2949
172.69,31.762,31.762,31.487,0.17023,2.4539,0.47264,0.019038,-0.36755,-1.233
173.09,31.763,31.763,31.502,0.31871,2.4561,0.48822,-0.017699,-0.54584,-1.1436
173.5,31.764,31.764,31.514,0.46386,2.4472,0.49641,-0.058901,-0.71075,-1.0294
173.9,31.764,31.764,31.523,0.60441,2.4268,0.4961,-0.10435,-0.85914,-0.89342
174.3,31.764,31.764,31.527,0.73922,2.3945,0.48633,-0.15359,-0.98826,-0.73915
174.7,31.764,31.764,31.526,0.86727,2.3505,0.46635,-0.20593,-1.0958,-0.57026
175.11,31.769,31.769,31.522,0.98891,2.296,0.43689,-0.25925,-1.1787,-0.38948
175.51,31.738,31.738,31.503,1.0931,2.2207,0.38723,-0.32314,-1.2459,-0.21125
175.91,31.341,31.341,31.392,1.099,2.0494,0.23325,-0.46902,-1.3831,-0.10755
176.32,31.126,31.126,31.327,1.1422,1.9233,0.11093,-0.55223,-1.4542,0.062307
176.72,31.266,31.266,31.344,1.2627,1.8744,0.067039,-0.54493,-1.4075,0.3154
177.12,31.565,31.565,31.389,1.4099,1.8466,0.054642,-0.50623,-1.2888,0.58314
177.53,31.916,31.916,31.436,1.5572,1.8124,0.04849,-0.465,-1.1257,0.82919
177.93,32.261,32.26,31.471,1.6908,1.759,0.034967,-0.43414,-0.93668,1.0348
178.33,32.572,32.572,31.491,1.8052,1.6832,0.0084726,-0.41672,-0.7333,1.1925
178.73,32.842,32.842,31.497,1.9001,1.5868,-0.031638,-0.41051,-0.52284,1.3013
179.14,33.073,33.073,31.49,1.9772,1.4738,-0.083403,-0.41116,-0.31021,1.3634
179.54,33.271,33.271,31.475,2.0395,1.3487,-0.14379,-0.41401,-0.099297,1.3823
179.94,33.441,33.441,31.454,2.0895,1.2153,-0.20953,-0.41503,0.1064,1.3618
180.35,33.587,33.587,31.432,2.1297,1.0771,-0.27756,-0.41111,0.30341,1.3058
180.75,33.714,33.714,31.409,2.1619,0.93653,-0.34512,-0.40005,0.48829,1.2179
181.15,33.822,33.822,31.387,2.1877,0.79563,-0.40979,-0.38051,0.65768,1.1022
181.56,33.914,33.914,31.367,2.2081,0.65582,-0.46948,-0.35177,0.80842,0.96235
181.96,33.99,33.99,31.351,2.224,0.51815,-0.52239,-0.31373,0.93766,0.80258
182.36,34.05,34.05,31.338,2.2361,0.38334,-0.567,-0.26667,1.043,0.62709
182.76,34.095,34.095,31.33,2.2448,0.25191,-0.60205,-0.2113,1.1225,0.44028
183.17,34.124,34.124,31.325,2.2505,0.12412,-0.62658,-0.14859,1.1747,0.24662
183.57,34.137,34.137,31.324,2.2533,9.649e-05,-0.6399,-0.079804,1.1988,0.050603
183.97,34.134,34.134,31.327,2.2532,-0.12022,-0.64164,-0.0063885,1.1947,-0.14333
184.38,34.115,34.115,31.334,2.2501,-0.23701,-0.6317,0.070029,1.1626,-0.33089
184.78,34.08,34.08,31.344,2.2436,-0.35058,-0.61034,0.14771,1.1034,-0.50804
185.18,34.029,34.029,31.355,2.2333,-0.46132,-0.57811,0.22483,1.0185,-0.67101
185.59,33.962,33.962,31.369,2.2188,-0.5697,-0.53586,0.29955,0.90997,-0.81643
185.99,33.878,33.878,31.384,2.1992,-0.67625,-0.48472,0.37007,0.78003,-0.94136
186.39,33.777,33.777,31.398,2.1739,-0.78151,-0.42609,0.43464,0.63143,-1.0433
186.79,33.66,33.66,31.412,2.1421,-0.88603,-0.36158,0.49165,0.46724,-1.1204
187.2,33.524,33.524,31.424,2.1028,-0.99032,-0.29302,0.53965,0.29076,-1.1712
187.6,33.372,33.372,31.433,2.0552,-1.0949,-0.22236,0.57739,0.10548,-1.1948
188,33.201,33.201,31.439,1.9983,-1.2,-0.15166,0.60387,-0.084988,-1.191
188.41,33.012,33.012,31.441,1.9314,-1.3062,-0.083036,0.61837,-0.277,-1.1601
188.81,32.806,32.806,31.438,1.8537,-1.4132,-0.018356,0.62069,-0.46668,-1.1026
189.21,32.574,32.574,31.426,1.7622,-1.5236,0.037988,0.60839,-0.65282,-1.0221
189.62,32.268,32.269,31.396,1.6448,-1.6476,0.072212,0.57164,-0.84428,-0.93012
190.02,31.965,31.965,31.364,1.5198,-1.7659,0.10096,0.53078,-1.0196,-0.80836
190.42,31.756,31.756,31.352,1.4087,-1.8578,0.14586,0.50578,-1.1514,-0.64129
190.82,31.65,31.65,31.361,1.3133,-1.9242,0.2088,0.49476,-1.2326,-0.43673
191.23,31.623,31.623,31.381,1.2264,-1.9739,0.28254,0.48785,-1.2665,-0.21104
191.63,31.641,31.641,31.403,1.1397,-2.0163,0.35797,0.47535,-1.2601,0.019547
192.03,31.676,31.676,31.422,1.0468,-2.0577,0.42749,0.45093,-1.2202,0.2424
192.44,31.711,31.711,31.433,0.94416,-2.1011,0.4862,0.41207,-1.1523,0.44903
192.84,31.738,31.738,31.436,0.8309,-2.1468,0.53168,0.35928,-1.0603,0.63433
193.24,31.756,31.756,31.432,0.70774,-2.1934,0.56336,0.2949,-0.94714,0.79546
193.65,31.765,31.765,31.422,0.57638,-2.2386,0.58183,0.2221,-0.81524,0.93079
194.05,31.768,31.768,31.408,0.43884,-2.2803,0.58823,0.14416,-0.66704,1.0393
194.45,31.768,31.768,31.392,0.29714,-2.3164,0.58395,0.064091,-0.5052,1.1204
194.86,31.767,31.767,31.376,0.15319,-2.3451,0.57042,-0.015474,-0.33275,1.1735
195.26,31.765,31.765,31.36,0.0087003,-2.365,0.54911,-0.092325,-0.15303,1.1984
195.66,31.764,31.764,31.347,-0.13476,-2.3753,0.52147,-0.16463,0.030404,1.1953
196.06,31.763,31.763,31.336,-0.27575,-2.3749,0.48899,-0.23088,0.21389,1.1648
196.47,31.763,31.763,31.329,-0.41289,-2.3634,0.45315,-0.28985,0.39375,1.1079
196.87,31.762,31.762,31.325,-0.54492,-2.3404,0.41547,-0.34062,0.56643,1.0261
197.27,31.762,31.762,31.327,-0.67063,-2.3056,0.37745,-0.38249,0.72856,0.92144
197.68,31.763,31.763,31.334,-0.78891,-2.2588,0.34053,-0.41506,0.87702,0.7964
198.08,31.763,31.763,31.346,-0.89878,-2.2003,0.3061,-0.43818,1.009,0.65379
198.48,31.763,31.763,31.364,-0.99935,-2.1303,0.27542,-0.45193,1.1222,0.49672
198.89,31.766,31.766,31.389,-1.0891,-2.0483,0.25046,-0.45592,1.2154,0.32935
199.29,31.737,31.737,31.412,-1.1761,-1.9636,0.22333,-0.45931,1.2782,0.14669
199.69,31.544,31.544,31.401,-1.2926,-1.9067,0.16098,-0.49133,1.2744,-0.074546
200.09,31.239,31.239,31.373,-1.4245,-1.8611,0.076149,-0.53318,1.2146,-0.3084
200.5,30.898,30.898,31.345,-1.5529,-1.8074,-0.011923,-0.56458,1.1182,-0.52844
200.9,30.552,30.553,31.324,-1.6709,-1.7398,-0.095438,-0.5794,0.9946,-0.72324
201.3,30.215,30.215,31.312,-1.7761,-1.6575,-0.17106,-0.57693,0.85002,-0.88744
201.71,29.889,29.889,31.307,-1.8691,-1.5623,-0.23805,-0.55913,0.68859,-1.019
202.11,29.574,29.574,31.308,-1.951,-1.4568,-0.29691,-0.52897,0.51369,-1.1174
202.51,29.269,29.269,31.313,-2.0235,-1.3437,-0.34857,-0.48938,0.32864,-1.1829
202.92,28.974,28.974,31.318,-2.0881,-1.2253,-0.39388,-0.44287,0.13706,-1.2157
203.32,28.688,28.688,31.325,-2.1458,-1.1031,-0.43348,-0.39137,-0.057003,-1.2165
203.72,28.416,28.416,31.33,-2.1971,-0.97848,-0.46769,-0.33628,-0.24913,-1.186
204.12,28.162,28.162,31.335,-2.2425,-0.85202,-0.49659,-0.27859,-0.43467,-1.1252
204.53,27.928,27.928,31.339,-2.2818,-0.72421,-0.52002,-0.21898,-0.60885,-1.0357
204.93,27.723,27.723,31.342,-2.3149,-0.59519,-0.53763,-0.1579,-0.76696,-0.91965
205.33,27.55,27.55,31.345,-2.3414,-0.46496,-0.54892,-0.095644,-0.90447,-0.7796
205.74,27.417,27.417,31.348,-2.3606,-0.33339,-0.55324,-0.032435,-1.0172,-0.6188
206.14,27.328,27.328,31.351,-2.3718,-0.20031,-0.54993,0.031507,-1.1013,-0.44107
206.54,27.289,27.289,31.356,-2.3746,-0.065655,-0.53841,0.095835,-1.1541,-0.2508
206.95,27.302,27.302,31.362,-2.3684,0.070423,-0.51833,0.15996,-1.1734,-0.05302
207.35,27.368,27.368,31.37,-2.3532,0.20745,-0.48975,0.22294,-1.1584,0.14671
207.75,27.486,27.486,31.379,-2.3293,0.34456,-0.45322,0.28353,-1.1096,0.34241
208.15,27.651,27.651,31.388,-2.2975,0.48062,-0.40979,0.34019,-1.029,0.52798
208.56,27.858,27.858,31.397,-2.2587,0.61432,-0.36085,0.39137,-0.91953,0.69751
208.96,28.097,28.097,31.404,-2.214,0.74444,-0.30796,0.43567,-0.78513,0.84572
209.36,28.363,28.363,31.41,-2.1642,0.87004,-0.25256,0.47209,-0.63032,0.9682
209.77,28.647,28.647,31.413,-2.11,0.99052,-0.19589,0.50012,-0.45993,1.0617
210.17,28.945,28.945,31.414,-2.0514,1.1057,-0.13882,0.51969,-0.27888,1.124
210.57,29.251,29.251,31.414,-1.9886,1.2157,-0.081914,0.53114,-0.092032,1.1542
210.98,29.56,29.56,31.411,-1.9214,1.3206,-0.02569,0.53488,0.095668,1.152
211.38,29.877,29.877,31.41,-1.8474,1.4229,0.031804,0.53366,0.28173,1.1204
211.78,30.259,30.258,31.426,-1.7511,1.5371,0.10599,0.54181,0.47768,1.074
212.19,30.713,30.713,31.46,-1.6298,1.6636,0.20006,0.55901,0.6834,1.0127
212.59,31.168,31.168,31.494,-1.5005,1.7841,0.2967,0.56658,0.87773,0.91923
212.99,31.54,31.54,31.512,-1.3827,1.8804,0.3754,0.54697,1.0356,0.77904
213.39,31.783,31.784,31.504,-1.286,1.9454,0.42472,0.49485,1.1411,0.59157
213.8,31.903,31.903,31.474,-1.2078,1.9842,0.4454,0.41749,1.1913,0.36984
214.2,31.932,31.932,31.433,-1.1392,2.0078,0.44563,0.32789,1.1923,0.13277
214.6,31.91,31.911,31.392,-1.0702,2.0269,0.43517,0.23815,1.1537,-0.10194
215.01,31.869,31.869,31.357,-0.99361,2.0486,0.42183,0.15632,1.0841,-0.32115
215.41,31.828,31.828,31.332,-0.90536,2.0761,0.4104,0.086131,0.99057,-0.51669
215.81,31.796,31.796,31.319,-0.80437,2.1095,0.40303,0.028039,0.87822,-0.68424
216.22,31.775,31.775,31.315,-0.69138,2.147,0.39992,-0.01945,0.75078,-0.82207
216.62,31.763,31.763,31.32,-0.56815,2.1862,0.40023,-0.058671,0.61125,-0.92983
217.02,31.759,31.759,31.33,-0.43679,2.2245,0.40256,-0.092069,0.4624,-1.0079
217.42,31.758,31.758,31.345,-0.29944,2.2593,0.40543,-0.12179,0.30703,-1.057
217.83,31.759,31.759,31.362,-0.15807,2.2887,0.40741,-0.14956,0.14812,-1.078
218.23,31.761,31.761,31.379,-0.014447,2.3111,0.40722,-0.17661,-0.011241,-1.0719
218.63,31.762,31.762,31.397,0.12985,2.3253,0.40372,-0.20382,-0.16787,-1.0402
219.04,31.763,31.763,31.413,0.2734,2.3304,0.39593,-0.2317,-0.31863,-0.98452
219.44,31.764,31.764,31.427,0.41488,2.3255,0.38295,-0.26053,-0.46053,-0.90677
219.84,31.764,31.764,31.438,0.55308,2.3102,0.36402,-0.29037,-0.59077,-0.80933
220.25,31.764,31.764,31.446,0.68687,2.2842,0.33847,-0.32107,-0.7069,-0.69486
220.65,31.764,31.764,31.45,0.81523,2.2473,0.30582,-0.35229,-0.80676,-0.5663
221.05,31.778,31.778,31.453,0.94071,2.2029,0.26928,-0.3803,-0.88498,-0.42362
221.45,31.59,31.591,31.403,1.0092,2.0984,0.17396,-0.45623,-0.9956,-0.32033
221.86,31.178,31.178,31.299,1.0163,1.9383,0.012003,-0.57063,-1.1486,-0.24594
222.26,31.155,31.155,31.289,1.1122,1.8707,-0.061489,-0.57633,-1.1848,-0.059824
222.66,31.387,31.387,31.335,1.2602,1.8504,-0.0775,-0.52327,-1.1305,0.17846
223.07,31.722,31.722,31.394,1.4217,1.8357,-0.07226,-0.45555,-1.0218,0.4172
223.47,32.077,32.077,31.448,1.5762,1.8063,-0.0656,-0.39444,-0.88116,0.62925
223.87,32.41,32.41,31.487,1.714,1.7543,-0.067485,-0.34817,-0.72298,0.80189
224.28,32.704,32.704,31.51,1.832,1.6791,-0.08132,-0.31723,-0.55588,0.93128
224.68,32.957,32.957,31.518,1.931,1.5835,-0.10673,-0.29839,-0.38507,1.0183
225.08,33.173,33.173,31.516,2.0132,1.4719,-0.14156,-0.28723,-0.21411,1.0659
225.48,33.358,33.358,31.506,2.0813,1.3485,-0.18304,-0.27946,-0.045853,1.0777
225.89,33.517,33.517,31.491,2.1375,1.217,-0.2284,-0.27158,0.11697,1.0573
226.29,33.654,33.654,31.473,2.184,1.0802,-0.27515,-0.26097,0.27163,1.008
226.69,33.772,33.772,31.456,2.2222,0.94044,-0.32113,-0.24584,0.41537,0.93332
227.1,33.873,33.873,31.438,2.2532,0.79943,-0.36448,-0.22508,0.54554,0.83648
227.5,33.957,33.957,31.423,2.278,0.65846,-0.40362,-0.19817,0.65964,0.72086
227.9,34.025,34.025,31.409,2.2973,0.51847,-0.43724,-0.16501,0.75547,0.58996
228.31,34.077,34.077,31.399,2.3114,0.38017,-0.46424,-0.12587,0.83121,0.44737
228.71,34.113,34.113,31.391,2.3208,0.24407,-0.48375,-0.08128,0.88542,0.29678
229.11,34.133,34.134,31.386,2.3257,0.11049,-0.49514,-0.032048,0.91717,0.14191
229.51,34.138,34.138,31.384,2.3261,-0.020389,-0.49801,0.02084,0.92598,-0.013522
229.92,34.126,34.126,31.384,2.3221,-0.14851,-0.49221,0.076237,0.91185,-0.1659
230.32,34.098,34.098,31.387,2.3133,-0.27393,-0.47786,0.13287,0.87526,-0.31176
230.72,34.053,34.053,31.392,2.2996,-0.39681,-0.45531,0.18939,0.81712,-0.44788
231.13,33.992,33.992,31.398,2.2806,-0.5174,-0.42517,0.24439,0.73878,-0.57129
231.53,33.914,33.914,31.405,2.2557,-0.63599,-0.3883,0.29648,0.64195,-0.67937
231.93,33.819,33.819,31.412,2.2245,-0.7529,-0.34575,0.34429,0.5287,-0.7699
232.34,33.707,33.707,31.418,2.1862,-0.86851,-0.29881,0.38654,0.40136,-0.84106
232.74,33.577,33.577,31.424,2.1402,-0.98314,-0.24889,0.42208,0.26251,-0.89146
233.14,33.43,33.43,31.427,2.0857,-1.0971,-0.19758,0.44988,0.11492,-0.92018
233.55,33.264,33.264,31.427,2.0221,-1.2107,-0.14652,0.46913,-0.038526,-0.92675
233.95,33.08,33.08,31.423,1.9486,-1.3241,-0.097436,0.47921,-0.19488,-0.91117
234.35,32.877,32.877,31.416,1.8645,-1.4374,-0.051972,0.47983,-0.35112,-0.87381
234.75,32.656,32.656,31.403,1.7693,-1.5508,-0.011951,0.47068,-0.50443,-0.81573
235.16,32.377,32.377,31.375,1.6525,-1.6733,0.011113,0.44289,-0.66213,-0.74699
235.56,32.064,32.064,31.339,1.52,-1.7976,0.021544,0.40473,-0.81609,-0.66069
235.96,31.822,31.822,31.318,1.3969,-1.899,0.044109,0.38061,-0.93698,-0.53551
236.37,31.683,31.683,31.319,1.2904,-1.9727,0.086439,0.3743,-1.0124,-0.37253
236.77,31.631,31.631,31.335,1.1958,-2.0255,0.14403,0.37771,-1.0433,-0.18541
237.17,31.635,31.635,31.357,1.105,-2.0668,0.20848,0.3807,-1.0358,0.010035
237.58,31.665,31.665,31.379,1.0111,-2.104,0.27191,0.37557,-0.99713,0.20064
237.98,31.7,31.7,31.395,0.90964,-2.1413,0.32868,0.35831,-0.93325,0.37728
238.38,31.73,31.73,31.404,0.79899,-2.1798,0.37571,0.32816,-0.84871,0.53448
238.78,31.75,31.75,31.406,0.67932,-2.2189,0.41188,0.28653,-0.74674,0.66934
239.19,31.762,31.762,31.402,0.552,-2.2566,0.43742,0.23597,-0.6298,0.78053
239.59,31.767,31.767,31.395,0.4189,-2.2908,0.45323,0.17935,-0.50015,0.86749
239.99,31.768,31.768,31.385,0.28198,-2.3196,0.46052,0.1194,-0.3601,0.92999
240.4,31.767,31.767,31.376,0.1431,-2.3414,0.46053,0.05849,-0.21221,0.96801
240.8,31.765,31.765,31.366,0.0039174,-2.3548,0.45454,-0.0014006,-0.059297,0.98172
241.2,31.764,31.764,31.359,-0.13406,-2.3587,0.44373,-0.058668,0.095646,0.97153
241.61,31.763,31.763,31.354,-0.26948,-2.3527,0.42931,-0.11202,0.24953,0.93816
242.01,31.763,31.763,31.352,-0.40108,-2.336,0.41243,-0.16045,0.39926,0.88273
242.41,31.762,31.762,31.354,-0.5277,-2.3084,0.39426,-0.20318,0.54187,0.80673
242.81,31.762,31.762,31.36,-0.64827,-2.2698,0.37593,-0.23966,0.67456,0.71204
243.22,31.762,31.762,31.371,-0.7618,-2.22,0.35852,-0.26955,0.79477,0.60089
243.62,31.762,31.762,31.387,-0.8674,-2.1593,0.34304,-0.29274,0.90026,0.47581
244.02,31.763,31.762,31.407,-0.96429,-2.088,0.33043,-0.30932,0.98911,0.33959
244.43,31.764,31.764,31.433,-1.0515,-2.0061,0.32174,-0.31929,1.0601,0.19546
244.83,31.761,31.761,31.464,-1.1298,-1.9155,0.3165,-0.3244,1.1109,0.045215
245.23,31.636,31.636,31.469,-1.2282,-1.8451,0.2849,-0.35267,1.1099,-0.13465
245.64,31.352,31.352,31.444,-1.3546,-1.7993,0.21746,-0.40628,1.0454,-0.33987
246.04,31.009,31.009,31.413,-1.484,-1.7518,0.13862,-0.45708,0.94172,-0.53638
246.44,30.655,30.655,31.387,-1.6049,-1.6919,0.060354,-0.49364,0.81281,-0.70803
246.84,30.31,30.31,31.37,-1.7137,-1.6171,-0.01258,-0.51337,0.66637,-0.84834
247.25,29.979,29.979,31.361,-1.8101,-1.5289,-0.079003,-0.51755,0.50715,-0.95544
247.65,29.661,29.661,31.357,-1.8955,-1.4298,-0.13943,-0.509,0.33857,-1.0296
248.05,29.354,29.354,31.357,-1.9719,-1.323,-0.19497,-0.49065,0.16368,-1.0718
248.46,29.057,29.057,31.358,-2.0408,-1.2107,-0.24666,-0.46497,-0.014311,-1.0833
248.86,28.769,28.769,31.36,-2.1035,-1.0948,-0.29522,-0.43377,-0.19184,-1.0653
249.26,28.494,28.494,31.36,-2.1605,-0.97647,-0.341,-0.39825,-0.36497,-1.019
249.67,28.233,28.233,31.359,-2.2123,-0.85645,-0.38395,-0.35912,-0.52953,-0.9459
250.07,27.993,27.993,31.357,-2.2587,-0.73504,-0.42373,-0.31674,-0.68125,-0.84779
250.47,27.778,27.778,31.353,-2.2994,-0.61231,-0.45975,-0.27125,-0.81589,-0.72692
250.87,27.595,27.595,31.349,-2.334,-0.48809,-0.49117,-0.2226,-0.92941,-0.58594
251.28,27.449,27.449,31.345,-2.3615,-0.36208,-0.51696,-0.17071,-1.018,-0.42802
251.68,27.347,27.347,31.342,-2.3812,-0.23394,-0.53602,-0.11551,-1.0785,-0.25682
252.08,27.293,27.293,31.341,-2.3922,-0.10339,-0.54724,-0.057061,-1.1082,-0.076491
252.49,27.292,27.292,31.341,-2.3938,0.029613,-0.54973,0.0042639,-1.1054,0.10825
252.89,27.346,27.346,31.344,-2.3857,0.16478,-0.54296,0.067699,-1.0696,0.29219
253.29,27.453,27.453,31.349,-2.3678,0.30137,-0.52698,0.13202,-1.0016,0.4697
253.7,27.609,27.609,31.356,-2.3409,0.43826,-0.50235,0.19564,-0.90347,0.63497
254.1,27.809,27.809,31.363,-2.3058,0.5741,-0.47014,0.25677,-0.77861,0.78239
254.5,28.044,28.044,31.37,-2.2634,0.70753,-0.43164,0.31372,-0.63133,0.90695
254.91,28.306,28.306,31.376,-2.2148,0.83743,-0.38815,0.36511,-0.46653,1.0045
255.31,28.59,28.59,31.38,-2.1606,0.96303,-0.34076,0.41002,-0.28936,1.0723
255.71,28.887,28.887,31.383,-2.101,1.084,-0.29029,0.44801,-0.105,1.1084
256.11,29.193,29.193,31.385,-2.0361,1.2002,-0.23724,0.47903,0.081508,1.1125
256.52,29.503,29.503,31.386,-1.9658,1.3119,-0.18199,0.50318,0.26525,1.0848
256.92,29.817,29.817,31.387,-1.8889,1.42,-0.12393,0.5216,0.44243,1.0278
257.32,30.182,30.182,31.402,-1.7924,1.5369,-0.050098,0.5464,0.62215,0.95473
257.73,30.624,30.624,31.437,-1.6691,1.6676,0.047018,0.58157,0.8089,0.87101
258.13,31.082,31.082,31.477,-1.5333,1.7962,0.1531,0.61052,0.98518,0.76201
258.53,31.473,31.473,31.503,-1.4046,1.9038,0.24748,0.61452,1.1265,0.61259
258.94,31.742,31.742,31.505,-1.295,1.9805,0.31623,0.58518,1.2152,0.41963
259.34,31.884,31.884,31.485,-1.2046,2.0291,0.35753,0.52722,1.2464,0.19412
259.74,31.929,31.929,31.451,-1.1252,2.0598,0.37807,0.45261,1.2253,-0.045507
260.14,31.916,31.916,31.414,-1.0473,2.0833,0.38714,0.37357,1.1618,-0.28092
260.55,31.877,31.877,31.382,-0.96316,2.1073,0.39262,0.29875,1.0655,-0.49803
260.95,31.835,31.836,31.36,-0.86832,2.1356,0.3995,0.23249,0.94447,-0.68786
261.35,31.801,31.801,31.348,-0.76136,2.1688,0.40997,0.17568,0.80493,-0.84563
261.76,31.778,31.778,31.345,-0.64289,2.2053,0.42421,0.12706,0.65153,-0.96952
262.16,31.765,31.765,31.35,-0.51466,2.2426,0.44112,0.084396,0.48804,-1.0594
262.56,31.759,31.759,31.361,-0.37887,2.2781,0.45905,0.045299,0.31787,-1.116
262.97,31.758,31.758,31.375,-0.23781,2.3094,0.47616,0.0076542,0.14432,-1.1407
263.37,31.759,31.759,31.391,-0.093582,2.3344,0.49072,-0.030165,-0.029233,-1.1349
263.77,31.761,31.761,31.407,0.051936,2.3515,0.50114,-0.069273,-0.19936,-1.1004
264.17,31.762,31.762,31.422,0.19708,2.3594,0.50605,-0.11032,-0.36265,-1.0392
264.58,31.763,31.763,31.434,0.34037,2.3574,0.50427,-0.15359,-0.51582,-0.95376
264.98,31.764,31.764,31.444,0.48048,2.3447,0.4948,-0.19903,-0.65579,-0.84667
265.38,31.764,31.764,31.451,0.61621,2.321,0.47681,-0.24634,-0.77983,-0.72097
265.79,31.764,31.764,31.454,0.74646,2.286,0.44964,-0.29503,-0.88558,-0.57998
266.19,31.764,31.764,31.452,0.87027,2.2399,0.41282,-0.34439,-0.97113,-0.42725
266.59,31.776,31.776,31.449,0.98967,2.1854,0.36905,-0.39082,-1.0321,-0.26377
267,31.659,31.66,31.41,1.0694,2.0888,0.28328,-0.46715,-1.1028,-0.12669
267.4,31.229,31.23,31.293,1.064,1.9133,0.10702,-0.60538,-1.2347,-0.048201
267.8,31.138,31.138,31.261,1.1349,1.8204,0.0043172,-0.64313,-1.2622,0.12921
268.2,31.339,31.339,31.294,1.2675,1.7865,-0.032935,-0.60864,-1.189,0.3671
268.61,31.664,31.664,31.346,1.4185,1.7644,-0.045104,-0.55195,-1.0557,0.60717
269.01,32.02,32.02,31.395,1.5652,1.7311,-0.053779,-0.49709,-0.88726,0.81907
269.41,32.358,32.358,31.432,1.6964,1.677,-0.070011,-0.45393,-0.69994,0.9882
269.82,32.668,32.668,31.455,1.8105,1.6026,-0.095612,-0.42192,-0.5017,1.1117
270.22,32.944,32.944,31.466,1.9078,1.51,-0.13042,-0.39883,-0.29886,1.1895
270.62,33.18,33.18,31.465,1.9881,1.4012,-0.17443,-0.38269,-0.098132,1.2222
271.03,33.381,33.381,31.456,2.0538,1.2802,-0.22503,-0.36944,0.096458,1.2139
271.43,33.552,33.552,31.442,2.1075,1.1507,-0.27928,-0.35546,0.28147,1.1687
271.83,33.696,33.696,31.426,2.1512,1.016,-0.33436,-0.33793,0.45372,1.0912
272.24,33.818,33.818,31.409,2.1869,0.87854,-0.38775,-0.3149,0.61018,0.98567
272.64,33.919,33.919,31.393,2.2158,0.74023,-0.43729,-0.2852,0.74803,0.8565
273.04,34.001,34.001,31.378,2.239,0.60244,-0.48118,-0.24832,0.8647,0.70803
273.44,34.064,34.064,31.367,2.2573,0.46614,-0.51793,-0.20429,0.95803,0.54464
273.85,34.109,34.11,31.359,2.2711,0.332,-0.54637,-0.15358,1.0263,0.37076
274.25,34.137,34.137,31.353,2.2807,0.20042,-0.56564,-0.096997,1.0682,0.19083
274.65,34.146,34.146,31.351,2.2863,0.071579,-0.57518,-0.035629,1.0832,0.0092735
275.06,34.136,34.136,31.352,2.2878,-0.054488,-0.57472,0.029227,1.0711,-0.16961
275.46,34.109,34.109,31.356,2.2849,-0.1779,-0.56432,0.096108,1.0323,-0.34169
275.86,34.062,34.062,31.361,2.2775,-0.29891,-0.54432,0.16344,0.9678,-0.50307
276.27,33.997,33.997,31.369,2.2648,-0.41783,-0.51536,0.22958,0.87906,-0.65019
276.67,33.913,33.913,31.377,2.2465,-0.53509,-0.47837,0.29288,0.76802,-0.77987
277.07,33.809,33.809,31.385,2.2217,-0.65112,-0.43455,0.35173,0.63701,-0.88937
277.47,33.685,33.685,31.392,2.1897,-0.7664,-0.38532,0.40459,0.48874,-0.97642
277.88,33.541,33.541,31.397,2.1495,-0.88138,-0.33231,0.45006,0.32622,-1.0393
278.28,33.376,33.376,31.4,2.1004,-0.9965,-0.27732,0.48692,0.15266,-1.0767
278.68,33.19,33.19,31.4,2.0414,-1.1121,-0.22225,0.51416,-0.028524,-1.0881
279.09,32.984,32.984,31.395,1.9716,-1.2285,-0.16905,0.53104,-0.21381,-1.0732
279.49,32.757,32.757,31.385,1.8905,-1.3456,-0.11943,0.53731,-0.39937,-1.0323
279.89,32.48,32.48,31.363,1.7898,-1.4706,-0.082825,0.52581,-0.58932,-0.97302
280.3,32.153,32.153,31.327,1.6689,-1.6024,-0.061635,0.4982,-0.78121,-0.89472
280.7,31.879,31.879,31.303,1.5528,-1.7157,-0.031388,0.47973,-0.94506,-0.77456
281.1,31.71,31.71,31.301,1.4529,-1.8013,0.019459,0.47845,-1.0634,-0.60908
281.5,31.636,31.636,31.316,1.3661,-1.8646,0.088051,0.48768,-1.1341,-0.41062
281.91,31.628,31.627,31.339,1.2844,-1.915,0.16597,0.49689,-1.1619,-0.19579
282.31,31.653,31.653,31.362,1.2,-1.9609,0.24447,0.49731,-1.1536,0.020623
282.71,31.689,31.689,31.38,1.1076,-2.0074,0.31683,0.48385,-1.1154,0.22772
283.12,31.721,31.721,31.39,1.0047,-2.0564,0.37896,0.455,-1.0519,0.41846
283.52,31.745,31.745,31.391,0.8909,-2.1074,0.42902,0.41183,-0.96636,0.58874
283.92,31.759,31.759,31.386,0.76734,-2.1587,0.4667,0.35689,-0.86116,0.73626
284.33,31.766,31.766,31.376,0.63583,-2.2081,0.49263,0.29327,-0.7385,0.85967
284.73,31.768,31.768,31.362,0.49836,-2.2533,0.50784,0.22405,-0.60063,0.95807
285.13,31.767,31.767,31.347,0.35689,-2.2924,0.51354,0.15202,-0.45009,1.0308
285.53,31.766,31.766,31.331,0.21323,-2.3238,0.51097,0.079592,-0.28979,1.0774
285.94,31.764,31.764,31.317,0.069008,-2.3463,0.50139,0.0087931,-0.1229,1.0977
286.34,31.763,31.763,31.304,-0.074245,-2.3588,0.48606,-0.058677,0.047177,1.0918
286.74,31.763,31.763,31.295,-0.21512,-2.3607,0.46628,-0.12141,0.21698,1.0603
287.15,31.762,31.762,31.288,-0.35228,-2.3513,0.44335,-0.17826,0.38305,1.0043
287.55,31.762,31.762,31.286,-0.48447,-2.3303,0.41862,-0.22832,0.54205,0.92533
287.95,31.762,31.762,31.289,-0.61051,-2.2974,0.39339,-0.27093,0.69083,0.8253
288.36,31.762,31.762,31.296,-0.72929,-2.2527,0.36897,-0.30568,0.82651,0.70661
288.76,31.762,31.762,31.309,-0.83985,-2.1962,0.34655,-0.33241,0.94652,0.57197
289.16,31.763,31.763,31.328,-0.9412,-2.128,0.32735,-0.35106,1.0488,0.4245
289.56,31.766,31.766,31.353,-1.0322,-2.0482,0.3128,-0.36162,1.1319,0.26771
289.97,31.678,31.678,31.362,-1.1352,-1.9796,0.28032,-0.38629,1.1709,0.083746
290.37,31.417,31.417,31.336,-1.2695,-1.9386,0.20908,-0.43937,1.1417,-0.13525
290.77,31.077,31.077,31.301,-1.4114,-1.8995,0.12202,-0.4931,1.0659,-0.35489
291.18,30.719,30.719,31.271,-1.5458,-1.8477,0.034677,-0.53211,0.95985,-0.55436
291.58,30.369,30.369,31.25,-1.6673,-1.7792,-0.046429,-0.55219,0.83247,-0.72483
291.98,30.033,30.033,31.239,-1.7752,-1.6949,-0.11927,-0.55425,0.68878,-0.86323
292.39,29.712,29.712,31.235,-1.8705,-1.5975,-0.18405,-0.54124,0.53213,-0.9692
292.79,29.404,29.404,31.236,-1.9552,-1.4903,-0.24182,-0.51653,0.36534,-1.0433
293.19,29.106,29.106,31.24,-2.0312,-1.3759,-0.29369,-0.48309,0.19139,-1.0864
293.6,28.818,28.818,31.244,-2.0996,-1.2565,-0.34052,-0.44322,0.013696,-1.0992
294,28.541,28.541,31.249,-2.1615,-1.1337,-0.38279,-0.39852,-0.16385,-1.0825
294.4,28.278,28.278,31.253,-2.2172,-1.0083,-0.4206,-0.35009,-0.337,-1.0372
294.8,28.034,28.034,31.256,-2.2668,-0.88091,-0.45375,-0.2986,-0.50126,-0.96461
295.21,27.814,27.814,31.258,-2.3101,-0.75167,-0.4818,-0.24446,-0.6521,-0.86647
295.61,27.624,27.624,31.26,-2.3464,-0.62059,-0.5041,-0.18789,-0.78504,-0.74498
296.01,27.471,27.471,31.262,-2.3753,-0.48751,-0.5198,-0.12901,-0.89585,-0.6029
296.42,27.36,27.36,31.265,-2.3958,-0.35218,-0.52797,-0.06792,-0.98067,-0.44356
296.82,27.298,27.298,31.269,-2.4073,-0.21439,-0.52768,-0.0048129,-1.0362,-0.27088
297.22,27.288,27.288,31.275,-2.4089,-0.074149,-0.5182,0.059857,-1.0602,-0.089391
297.63,27.334,27.334,31.284,-2.4003,0.068212,-0.49919,0.12526,-1.0512,0.095717
298.03,27.433,27.433,31.295,-2.3817,0.21191,-0.47084,0.19012,-1.0094,0.27873
298.43,27.584,27.584,31.308,-2.3537,0.35573,-0.43398,0.25278,-0.9363,0.45363
298.83,27.778,27.778,31.32,-2.3173,0.49822,-0.3899,0.31139,-0.83465,0.61443
299.24,28.01,28.01,31.332,-2.2737,0.6379,-0.3402,0.36421,-0.70833,0.75566
299.64,28.271,28.271,31.343,-2.2239,0.77352,-0.28648,0.40981,-0.56186,0.87269
300.04,28.553,28.553,31.352,-2.1686,0.90423,-0.23014,0.4473,-0.40011,0.96202
300.45,28.85,28.85,31.359,-2.1084,1.0296,-0.17223,0.47631,-0.22803,1.0214
300.85,29.156,29.156,31.363,-2.0433,1.1496,-0.11346,0.49693,-0.050503,1.0496
301.25,29.467,29.467,31.366,-1.9732,1.2643,-0.054348,0.5095,0.1277,1.0467
301.66,29.779,29.779,31.369,-1.8973,1.3745,0.0051987,0.51496,0.30238,1.0138
302.06,30.136,30.136,31.383,-1.8043,1.4911,0.076468,0.52437,0.48093,0.96278
302.46,30.57,30.57,31.416,-1.6848,1.6213,0.16893,0.54417,0.66969,0.90053
302.86,31.029,31.028,31.456,-1.5511,1.7512,0.27043,0.5599,0.85322,0.81381
303.27,31.43,31.429,31.484,-1.4226,1.862,0.36072,0.55292,1.0073,0.68674
303.67,31.714,31.714,31.489,-1.3124,1.9424,0.42481,0.51364,1.1128,0.51415
304.07,31.871,31.871,31.47,-1.2218,1.994,0.45958,0.44558,1.1631,0.30524
304.48,31.926,31.926,31.436,-1.1436,2.0263,0.47108,0.36039,1.1621,0.077608
304.88,31.918,31.918,31.399,-1.068,2.0502,0.46868,0.27067,1.1188,-0.15037
305.28,31.882,31.882,31.366,-0.98687,2.0741,0.4607,0.18578,1.0427,-0.36417
305.69,31.84,31.84,31.341,-0.89541,2.1021,0.45273,0.11071,0.94179,-0.55429
306.09,31.805,31.805,31.327,-0.79176,2.1351,0.44753,0.046853,0.82201,-0.71554
306.49,31.781,31.781,31.323,-0.67625,2.172,0.44572,-0.0067165,0.68781,-0.84572
306.89,31.766,31.766,31.327,-0.55045,2.2103,0.44663,-0.052073,0.54267,-0.94446
307.3,31.76,31.76,31.338,-0.41649,2.2475,0.44891,-0.091574,0.38968,-1.0123
307.7,31.758,31.758,31.352,-0.27658,2.2811,0.45099,-0.12737,0.23181,-1.0503
308.1,31.759,31.759,31.368,-0.13282,2.3089,0.45135,-0.16118,0.072094,-1.0596
308.51,31.76,31.76,31.385,0.012927,2.3292,0.44865,-0.19425,-0.086314,-1.0418
308.91,31.762,31.762,31.401,0.15899,2.3409,0.44168,-0.22738,-0.24025,-0.9985
309.31,31.763,31.763,31.416,0.30388,2.343,0.42946,-0.26102,-0.38659,-0.93169
309.72,31.764,31.764,31.429,0.44625,2.3347,0.4111,-0.29533,-0.52241,-0.84367
310.12,31.764,31.764,31.438,0.58488,2.3156,0.38591,-0.33022,-0.64502,-0.73705
310.52,31.764,31.764,31.444,0.71864,2.2854,0.35331,-0.36542,-0.75207,-0.61475
310.92,31.764,31.764,31.446,0.8465,2.2441,0.31288,-0.40049,-0.8416,-0.47992
311.33,31.774,31.774,31.447,0.97004,2.1941,0.26696,-0.43241,-0.90951,-0.33358
311.73,31.686,31.687,31.418,1.0621,2.1088,0.18824,-0.48704,-0.98199,-0.20484
312.13,31.211,31.211,31.294,1.0521,1.9251,0.0015787,-0.6222,-1.1365,-0.14961
312.54,31.049,31.049,31.249,1.1126,1.8194,-0.11718,-0.65968,-1.196,0.0053523
312.94,31.234,31.234,31.283,1.2484,1.7869,-0.15549,-0.6099,-1.1422,0.23894
313.34,31.569,31.569,31.343,1.4086,1.7714,-0.1607,-0.53242,-1.0217,0.48288
313.75,31.948,31.947,31.401,1.5667,1.7458,-0.15805,-0.45599,-0.8625,0.70183
314.15,32.312,32.312,31.446,1.7093,1.6981,-0.16093,-0.39309,-0.68303,0.87844
314.55,32.637,32.637,31.474,1.8315,1.626,-0.17463,-0.34627,-0.49461,1.0068
314.96,32.916,32.916,31.487,1.9332,1.5317,-0.19956,-0.31298,-0.30416,1.0872
315.36,33.153,33.153,31.486,2.0167,1.4199,-0.23369,-0.28873,-0.11625,1.1231
315.76,33.354,33.354,31.478,2.0848,1.2951,-0.27405,-0.2689,0.065669,1.1188
316.16,33.525,33.525,31.464,2.1403,1.1614,-0.31758,-0.24963,0.23853,1.0791
316.57,33.67,33.67,31.447,2.1854,1.0223,-0.36145,-0.22803,0.39939,1.0084
316.97,33.793,33.793,31.429,2.2219,0.88034,-0.40326,-0.20215,0.54537,0.91101
317.37,33.897,33.897,31.413,2.2513,0.73733,-0.44099,-0.17089,0.67379,0.79111
317.78,33.982,33.982,31.398,2.2744,0.59473,-0.47296,-0.13378,0.78217,0.65293
318.18,34.049,34.049,31.386,2.292,0.45351,-0.49787,-0.090885,0.86843,0.50071
318.58,34.098,34.098,31.377,2.3047,0.31438,-0.51469,-0.042681,0.93095,0.33872
318.99,34.13,34.13,31.371,2.3127,0.17775,-0.52269,0.010045,0.96857,0.17127
319.39,34.143,34.143,31.368,2.3161,0.04389,-0.52143,0.066248,0.98071,0.0026135
319.79,34.139,34.139,31.368,2.3149,-0.087135,-0.51077,0.12469,0.96733,-0.16308
320.19,34.118,34.118,31.371,2.3089,-0.21538,-0.49085,0.184,0.92895,-0.32186
320.6,34.078,34.078,31.375,2.298,-0.34103,-0.46211,0.24268,0.86658,-0.46999
321,34.019,34.019,31.381,2.2815,-0.46436,-0.42527,0.29921,0.78176,-0.6041
321.4,33.943,33.943,31.389,2.259,-0.58569,-0.38134,0.35206,0.67644,-0.72121
321.81,33.847,33.847,31.396,2.2298,-0.70543,-0.33156,0.39976,0.55298,-0.81876
322.21,33.732,33.732,31.402,2.1933,-0.82399,-0.27739,0.4409,0.41406,-0.89471
322.61,33.598,33.598,31.408,2.1485,-0.94176,-0.2205,0.47424,0.26264,-0.94752
323.02,33.444,33.444,31.41,2.0947,-1.0591,-0.1627,0.49871,0.10188,-0.97618
323.42,33.27,33.27,31.41,2.0311,-1.1764,-0.10589,0.51345,-0.064957,-0.98024
323.82,33.075,33.075,31.405,1.9567,-1.2938,-0.052029,0.51787,-0.2345,-0.95975
324.22,32.861,32.861,31.396,1.8712,-1.4113,-0.002808,0.51189,-0.40313,-0.91506
324.63,32.617,32.617,31.379,1.7711,-1.5315,0.037179,0.49284,-0.57025,-0.84987
325.03,32.295,32.295,31.342,1.644,-1.665,0.054005,0.45082,-0.74529,-0.77535
325.43,31.977,31.977,31.306,1.5099,-1.7906,0.066079,0.40784,-0.9053,-0.67146
325.84,31.756,31.756,31.291,1.3912,-1.8872,0.096056,0.3843,-1.0222,-0.52209
326.24,31.645,31.645,31.298,1.2895,-1.956,0.14613,0.37788,-1.0887,-0.3354
326.64,31.617,31.616,31.318,1.1975,-2.0063,0.20898,0.37801,-1.1085,-0.12839
327.05,31.635,31.635,31.342,1.1065,-2.0479,0.27527,0.3743,-1.0891,0.082174
327.45,31.671,31.671,31.362,1.0099,-2.0876,0.33724,0.35992,-1.038,0.28338
327.85,31.708,31.708,31.376,0.90398,-2.1286,0.38987,0.33205,-0.96112,0.46675
328.25,31.737,31.737,31.381,0.78789,-2.1711,0.43076,0.29104,-0.86281,0.62743
328.66,31.755,31.755,31.38,0.66242,-2.2137,0.45941,0.23912,-0.74627,0.76294
329.06,31.765,31.765,31.373,0.52936,-2.2543,0.47651,0.17941,-0.61412,0.87214
329.46,31.768,31.768,31.363,0.39085,-2.2904,0.48329,0.11507,-0.46895,0.95454
329.87,31.768,31.768,31.351,0.249,-2.32,0.4812,0.049011,-0.31349,1.0099
330.27,31.767,31.767,31.34,0.10577,-2.3415,0.47174,-0.016317,-0.15078,1.0384
330.67,31.765,31.765,31.33,-0.037091,-2.3536,0.45636,-0.078904,0.015883,1.0402
331.08,31.764,31.764,31.322,-0.178,-2.3553,0.43647,-0.13714,0.18304,1.016
331.48,31.763,31.763,31.318,-0.31552,-2.3459,0.41348,-0.18977,0.34719,0.9668
331.88,31.763,31.763,31.317,-0.44832,-2.325,0.38877,-0.23583,0.5049,0.89409
332.28,31.762,31.762,31.321,-0.57518,-2.2923,0.36368,-0.27464,0.6529,0.7998
332.69,31.762,31.762,31.33,-0.69498,-2.2478,0.33951,-0.30576,0.78817,0.68629
333.09,31.763,31.762,31.344,-0.80668,-2.1914,0.31751,-0.32902,0.90803,0.55629
333.49,31.763,31.763,31.363,-0.9094,-2.1236,0.29878,-0.34451,1.0102,0.41285
333.9,31.763,31.763,31.388,-1.0024,-2.0445,0.28433,-0.35251,1.0927,0.25927
334.3,31.766,31.766,31.419,-1.0842,-1.9541,0.2758,-0.35277,1.155,0.099776
334.7,31.737,31.736,31.448,-1.1633,-1.862,0.26474,-0.35488,1.1869,-0.070884
335.11,31.54,31.54,31.442,-1.2724,-1.799,0.21737,-0.38822,1.1527,-0.27608
335.51,31.232,31.232,31.418,-1.3968,-1.7477,0.14685,-0.43304,1.064,-0.48892
335.91,30.89,30.891,31.395,-1.5176,-1.6888,0.072231,-0.469,0.94104,-0.68313
336.32,30.544,30.545,31.378,-1.6282,-1.6168,0.000846,-0.49015,0.794,-0.84788
336.72,30.207,30.207,31.369,-1.7267,-1.5312,-0.064375,-0.49588,0.6295,-0.9785
337.12,29.881,29.881,31.366,-1.8135,-1.434,-0.12303,-0.48817,0.45222,-1.0737
337.52,29.567,29.567,31.367,-1.8904,-1.3279,-0.17592,-0.46988,0.266,-1.1337
337.93,29.262,29.262,31.371,-1.9589,-1.2155,-0.22418,-0.44378,0.074535,-1.1595
338.33,28.967,28.967,31.374,-2.0206,-1.0992,-0.26885,-0.41211,-0.11825,-1.1524
338.73,28.682,28.682,31.377,-2.0766,-0.98043,-0.31065,-0.37649,-0.30813,-1.1137
339.14,28.41,28.41,31.379,-2.1276,-0.86037,-0.34995,-0.33798,-0.49064,-1.045
339.54,28.156,28.156,31.378,-2.1738,-0.73959,-0.38681,-0.29719,-0.66119,-0.94827
339.94,27.923,27.923,31.375,-2.2152,-0.61837,-0.42099,-0.25441,-0.81521,-0.82595
340.35,27.718,27.718,31.37,-2.2514,-0.4967,-0.45197,-0.20969,-0.94832,-0.68093
340.75,27.547,27.547,31.364,-2.2821,-0.37438,-0.47904,-0.16292,-1.0564,-0.51658
341.15,27.414,27.414,31.358,-2.3063,-0.25108,-0.50128,-0.11392,-1.1359,-0.33679
341.55,27.327,27.327,31.351,-2.3234,-0.12644,-0.51768,-0.062558,-1.1837,-0.14594
341.96,27.289,27.289,31.346,-2.3325,-0.00018261,-0.52727,-0.0088433,-1.1977,0.051117
342.36,27.303,27.303,31.342,-2.3331,0.12774,-0.52928,0.046926,-1.1767,0.24904
342.76,27.371,27.371,31.339,-2.3248,0.25704,-0.52331,0.10407,-1.1208,0.44208
343.17,27.49,27.49,31.338,-2.3077,0.38704,-0.50943,0.16152,-1.0316,0.62428
343.57,27.656,27.656,31.338,-2.2824,0.51676,-0.48817,0.2179,-0.91183,0.78968
343.97,27.863,27.863,31.338,-2.2495,0.64507,-0.46043,0.27173,-0.76556,0.93272
344.38,28.103,28.103,31.338,-2.2099,0.77088,-0.42726,0.32167,-0.59766,1.0486
344.78,28.369,28.369,31.337,-2.1642,0.89335,-0.38964,0.36668,-0.41353,1.1337
345.18,28.654,28.654,31.334,-2.1128,1.012,-0.34832,0.40612,-0.21879,1.1855
345.58,28.952,28.952,31.331,-2.0557,1.1266,-0.3038,0.43978,-0.019039,1.2028
345.99,29.258,29.258,31.327,-1.9927,1.2374,-0.25628,0.46774,0.18029,1.1857
346.39,29.567,29.567,31.323,-1.9237,1.3443,-0.20602,0.49005,0.37382,1.135
346.79,29.885,29.885,31.322,-1.8459,1.4499,-0.15062,0.50933,0.55905,1.0552
347.2,30.269,30.269,31.339,-1.7436,1.5687,-0.074376,0.53949,0.7476,0.96187
347.6,30.725,30.725,31.376,-1.6148,1.7002,0.025246,0.57889,0.93875,0.85542
348,31.179,31.179,31.414,-1.4771,1.8258,0.13063,0.60816,1.1113,0.71937
348.41,31.547,31.547,31.435,-1.3495,1.9271,0.22122,0.60951,1.2406,0.54068
348.81,31.788,31.788,31.432,-1.2415,1.9972,0.28561,0.57759,1.3116,0.32035
349.21,31.904,31.904,31.409,-1.1507,2.0415,0.32445,0.51951,1.3222,0.072709
349.61,31.932,31.932,31.375,-1.0681,2.0706,0.34561,0.4479,1.2796,-0.1824
350.02,31.909,31.91,31.341,-0.98411,2.0949,0.35834,0.3743,1.1943,-0.42674
350.42,31.868,31.868,31.314,-0.89191,2.1211,0.36983,0.3062,1.0762,-0.64695
350.82,31.827,31.827,31.297,-0.78797,2.1519,0.38424,0.24679,0.93356,-0.83486
351.23,31.795,31.795,31.291,-0.67155,2.1871,0.40303,0.19609,0.77257,-0.98641
351.63,31.774,31.774,31.294,-0.54381,2.2246,0.42575,0.15228,0.59826,-1.1002
352.03,31.763,31.763,31.304,-0.40685,2.2617,0.45089,0.11283,0.41485,-1.1766
352.44,31.759,31.759,31.319,-0.26311,2.2957,0.47644,0.075236,0.22627,-1.2166
352.84,31.758,31.758,31.336,-0.11503,2.3239,0.50031,0.037392,0.036374,-1.2219
353.24,31.759,31.759,31.354,0.035169,2.3444,0.52055,-0.0022444,-0.15095,-1.1944
353.65,31.761,31.761,31.372,0.18551,2.3556,0.53538,-0.044653,-0.33182,-1.1364
354.05,31.762,31.762,31.387,0.33425,2.3564,0.54329,-0.090322,-0.50244,-1.0504
354.45,31.763,31.763,31.4,0.47984,2.346,0.54295,-0.13933,-0.65926,-0.93944
354.85,31.764,31.764,31.409,0.6209,2.3238,0.53328,-0.1914,-0.79904,-0.80685
355.26,31.764,31.764,31.413,0.75619,2.2897,0.51338,-0.24599,-0.91897,-0.65632
355.66,31.764,31.764,31.414,0.88462,2.2435,0.4826,-0.30233,-1.0168,-0.49183
356.06,31.764,31.764,31.409,1.0053,2.1854,0.44055,-0.3594,-1.0906,-0.31753
356.47,31.78,31.78,31.403,1.1211,2.1194,0.39096,-0.4125,-1.1354,-0.13432
356.87,31.571,31.572,31.337,1.1719,1.9886,0.2741,-0.51702,-1.2114,-0.0031376
357.27,31.117,31.117,31.212,1.1533,1.7987,0.082196,-0.66158,-1.3308,0.087554
357.68,31.083,31.083,31.191,1.2301,1.7106,-0.01611,-0.68607,-1.3221,0.29172
358.08,31.325,31.325,31.229,1.3634,1.676,-0.053122,-0.64379,-1.214,0.54503
358.48,31.681,31.681,31.284,1.5115,1.6497,-0.067665,-0.58252,-1.0468,0.79111
358.88,32.058,32.058,31.333,1.6524,1.6099,-0.080718,-0.52515,-0.84618,1.0006
359.29,32.412,32.412,31.367,1.776,1.548,-0.10257,-0.48043,-0.62879,1.1602
359.69,32.723,32.723,31.386,1.8792,1.4636,-0.1364,-0.44884,-0.40517,1.2662
360.09,32.99,32.99,31.39,1.9631,1.3597,-0.18133,-0.42684,-0.18205,1.3205
360.5,33.215,33.215,31.384,2.0302,1.2413,-0.23453,-0.40972,0.035788,1.327
360.9,33.406,33.407,31.371,2.0837,1.1127,-0.29257,-0.393,0.24444,1.2909
361.3,33.569,33.569,31.355,2.1263,0.97803,-0.35207,-0.37311,0.44033,1.217
361.71,33.708,33.708,31.337,2.1603,0.84022,-0.40999,-0.34754,0.62004,1.1105
362.11,33.825,33.825,31.321,2.1874,0.7016,-0.46372,-0.31475,0.78034,0.97605
362.51,33.923,33.923,31.307,2.2089,0.56386,-0.5111,-0.27401,0.91823,0.81862
362.91,34.003,34.003,31.296,2.2259,0.42814,-0.55034,-0.22526,1.0311,0.64305
363.32,34.064,34.064,31.289,2.239,0.29523,-0.58001,-0.16896,1.1169,0.45427
363.72,34.109,34.109,31.285,2.2485,0.16557,-0.59908,-0.10601,1.174,0.25727
364.12,34.135,34.135,31.286,2.2549,0.039405,-0.6068,-0.037596,1.2014,0.056992
364.53,34.144,34.144,31.29,2.258,-0.083259,-0.60282,0.034817,1.1989,-0.14168
364.93,34.135,34.135,31.298,2.2577,-0.20256,-0.58709,0.10958,1.1668,-0.33405
365.33,34.108,34.108,31.308,2.2538,-0.31878,-0.55993,0.1849,1.106,-0.51565
365.74,34.063,34.063,31.321,2.2458,-0.43232,-0.52199,0.25893,1.0181,-0.6824
366.14,34,34,31.336,2.2331,-0.54366,-0.47425,0.32976,0.90515,-0.8306
366.54,33.918,33.918,31.351,2.215,-0.65334,-0.418,0.39554,0.76976,-0.95705
366.94,33.818,33.818,31.367,2.1907,-0.76193,-0.35481,0.4545,0.61492,-1.0591
367.35,33.698,33.698,31.381,2.1592,-0.87,-0.28648,0.50501,0.44396,-1.1347
367.75,33.558,33.558,31.393,2.1196,-0.97811,-0.21504,0.54562,0.26048,-1.1824
368.15,33.399,33.399,31.403,2.0709,-1.0868,-0.14263,0.57511,0.068308,-1.2014
368.56,33.22,33.22,31.408,2.0121,-1.1964,-0.071533,0.59255,-0.12866,-1.1914
368.96,33.02,33.02,31.409,1.9422,-1.3072,-0.0040357,0.5973,-0.32647,-1.153
369.36,32.802,32.802,31.404,1.8608,-1.4191,0.058002,0.58947,-0.52079,-1.0866
369.77,32.539,32.539,31.387,1.7608,-1.5381,0.10609,0.5631,-0.71421,-0.99991
370.17,32.204,32.204,31.35,1.6343,-1.67,0.13051,0.51348,-0.91134,-0.89925
370.57,31.906,31.906,31.322,1.5083,-1.7871,0.15688,0.46879,-1.0811,-0.75958
370.97,31.716,31.716,31.315,1.3991,-1.8751,0.20182,0.44269,-1.2007,-0.57273
371.38,31.63,31.63,31.328,1.3046,-1.9383,0.2637,0.42955,-1.2666,-0.35115
371.78,31.618,31.617,31.351,1.2167,-1.9868,0.3339,0.41846,-1.2839,-0.11301
372.18,31.643,31.643,31.374,1.1267,-2.0299,0.40308,0.40001,-1.2602,0.12514
372.59,31.682,31.682,31.391,1.029,-2.073,0.46409,0.36876,-1.2027,0.35101
372.99,31.717,31.717,31.401,0.92052,-2.1186,0.5126,0.32314,-1.1168,0.55661
373.39,31.743,31.743,31.402,0.80104,-2.1662,0.54682,0.26444,-1.0066,0.73728
373.8,31.759,31.759,31.396,0.67173,-2.2139,0.56671,0.19556,-0.8754,0.89048
374.2,31.766,31.766,31.384,0.53459,-2.2593,0.57324,0.12,-0.72588,1.0148
374.6,31.768,31.768,31.37,0.39184,-2.3,0.5679,0.04121,-0.56098,1.1094
375.01,31.768,31.768,31.354,0.24568,-2.3338,0.55234,-0.037714,-0.38391,1.1739
375.41,31.766,31.766,31.338,0.098088,-2.3592,0.52828,-0.11415,-0.19821,1.2079
375.81,31.765,31.765,31.324,-0.049109,-2.3746,0.49741,-0.18594,-0.0076998,1.2117
376.21,31.764,31.764,31.313,-0.19426,-2.3793,0.46142,-0.25135,0.18363,1.1859
376.62,31.763,31.763,31.305,-0.33584,-2.3723,0.42202,-0.30899,0.37175,1.1315
377.02,31.763,31.763,31.301,-0.47242,-2.3533,0.38087,-0.35782,0.55273,1.0502
377.42,31.762,31.762,31.303,-0.60269,-2.3218,0.33966,-0.39711,0.72282,0.944
377.83,31.762,31.762,31.309,-0.72543,-2.2778,0.3,-0.42644,0.87855,0.81568
378.23,31.763,31.763,31.322,-0.83955,-2.2213,0.2634,-0.44565,1.0168,0.66827
378.63,31.763,31.763,31.34,-0.94408,-2.1527,0.23126,-0.45493,1.135,0.50521
379.04,31.763,31.763,31.365,-1.0382,-2.0721,0.20487,-0.45465,1.2308,0.33025
379.44,31.767,31.767,31.397,-1.1202,-1.9794,0.18623,-0.44465,1.3037,0.14815
379.84,31.702,31.702,31.418,-1.2079,-1.8931,0.15768,-0.44329,1.3337,-0.054214
380.24,31.464,31.464,31.405,-1.326,-1.8353,0.093189,-0.47097,1.2922,-0.28997
380.65,31.145,31.145,31.381,-1.4515,-1.7809,0.014755,-0.50086,1.2,-0.52464
381.05,30.801,30.801,31.361,-1.5703,-1.7163,-0.063103,-0.51856,1.0731,-0.73743
381.45,30.457,30.457,31.348,-1.6775,-1.6377,-0.13444,-0.52019,0.92052,-0.91898
381.86,30.123,30.123,31.343,-1.772,-1.5455,-0.1971,-0.50631,0.74814,-1.0651
382.26,29.8,29.8,31.345,-1.8545,-1.4419,-0.25109,-0.4795,0.5605,-1.1745
382.66,29.488,29.488,31.351,-1.9268,-1.3299,-0.29739,-0.44295,0.36154,-1.2472
383.07,29.186,29.186,31.358,-1.9908,-1.2121,-0.33723,-0.39962,0.15526,-1.2836
383.47,28.893,28.893,31.366,-2.0478,-1.0906,-0.37171,-0.35188,-0.054031,-1.2848
383.87,28.611,28.611,31.373,-2.0988,-0.96714,-0.40166,-0.30151,-0.26167,-1.2516
384.27,28.343,28.343,31.378,-2.1446,-0.84265,-0.42757,-0.24971,-0.46271,-1.1857
384.68,28.094,28.094,31.381,-2.1855,-0.71778,-0.44968,-0.19726,-0.65211,-1.0887
385.08,27.868,27.868,31.382,-2.2214,-0.59282,-0.46796,-0.14462,-0.82484,-0.96317
385.48,27.671,27.671,31.382,-2.2522,-0.46782,-0.48215,-0.091966,-0.97607,-0.81202
385.89,27.509,27.509,31.379,-2.2772,-0.34261,-0.49179,-0.039333,-1.1013,-0.6388
386.29,27.388,27.388,31.377,-2.296,-0.21692,-0.49628,0.013345,-1.1965,-0.44762
386.69,27.312,27.312,31.374,-2.3078,-0.090465,-0.49493,0.066117,-1.2585,-0.24318
387.1,27.287,27.287,31.371,-2.3119,0.036947,-0.48714,0.11889,-1.2846,-0.030697
387.5,27.315,27.315,31.369,-2.308,0.16526,-0.47254,0.1713,-1.2738,0.18405
387.9,27.396,27.396,31.369,-2.2958,0.2941,-0.45112,0.22266,-1.226,0.39488
388.3,27.527,27.527,31.369,-2.2758,0.42271,-0.42335,0.27194,-1.1426,0.59537
388.71,27.704,27.704,31.369,-2.2484,0.5501,-0.3901,0.31789,-1.0267,0.77917
389.11,27.919,27.919,31.368,-2.2145,0.67517,-0.35251,0.35926,-0.88208,0.9404
389.51,28.166,28.166,31.367,-2.1749,0.79697,-0.31178,0.39501,-0.71369,1.074
389.92,28.437,28.437,31.363,-2.1301,0.91481,-0.26896,0.42447,-0.5269,1.176
390.32,28.726,28.726,31.358,-2.0804,1.0284,-0.22481,0.44741,-0.32732,1.2437
390.72,29.026,29.026,31.352,-2.0258,1.1377,-0.17976,0.464,-0.12057,1.2758
391.13,29.333,29.333,31.345,-1.9659,1.243,-0.13396,0.4747,0.087845,1.2719
391.53,29.642,29.642,31.338,-1.9006,1.3444,-0.087671,0.47981,0.29229,1.2328
391.93,29.968,29.968,31.335,-1.8245,1.447,-0.035735,0.48473,0.49276,1.1648
392.33,30.373,30.373,31.354,-1.7212,1.5656,0.038386,0.50358,0.70147,1.0832
392.74,30.837,30.837,31.389,-1.5948,1.6939,0.13138,0.52907,0.91128,0.98227
393.14,31.278,31.278,31.421,-1.4644,1.8117,0.22352,0.5408,1.0981,0.84427
393.54,31.618,31.618,31.433,-1.3479,1.9027,0.29571,0.52341,1.238,0.65865
393.95,31.827,31.827,31.42,-1.2514,1.9635,0.33982,0.47513,1.3184,0.42995
394.35,31.919,31.919,31.39,-1.1703,2.0012,0.35918,0.40533,1.3398,0.17464
394.75,31.93,31.93,31.352,-1.0946,2.0274,0.36282,0.32704,1.3099,-0.087176
395.16,31.901,31.901,31.317,-1.0153,2.0515,0.36004,0.25111,1.239,-0.3381
395.56,31.858,31.858,31.29,-0.92593,2.0795,0.35768,0.18402,1.1359,-0.56581
395.96,31.818,31.818,31.275,-0.82377,2.1131,0.3595,0.12806,1.0081,-0.76293
396.37,31.789,31.789,31.27,-0.7085,2.1517,0.3667,0.082663,0.86081,-0.92576
396.77,31.771,31.771,31.275,-0.58147,2.193,0.37878,0.045657,0.69851,-1.053
397.17,31.761,31.761,31.287,-0.44485,2.2341,0.3943,0.01433,0.52495,-1.1446
397.57,31.758,31.758,31.304,-0.30107,2.2723,0.41142,-0.013935,0.34375,-1.2013
397.98,31.758,31.758,31.324,-0.15247,2.305,0.42823,-0.041327,0.15857,-1.2243
398.38,31.76,31.76,31.345,-0.0012141,2.3303,0.44293,-0.069502,-0.026785,-1.215
398.78,31.761,31.761,31.365,0.15077,2.3466,0.45392,-0.099595,-0.20848,-1.1751
399.19,31.763,31.763,31.384,0.30175,2.3527,0.45974,-0.13229,-0.38271,-1.1067
399.59,31.764,31.763,31.4,0.45018,2.3478,0.45913,-0.16789,-0.54584,-1.0124
399.99,31.764,31.764,31.413,0.59463,2.3313,0.45097,-0.2064,-0.6945,-0.89506
400.4,31.764,31.764,31.422,0.73383,2.3028,0.43432,-0.24752,-0.8257,-0.75804
400.8,31.764,31.764,31.426,0.8666,2.2621,0.40843,-0.29075,-0.9369,-0.60498
401.2,31.765,31.765,31.426,0.99221,2.2097,0.37305,-0.33507,-1.0258,-0.43947
401.6,31.774,31.774,31.422,1.1113,2.1469,0.32947,-0.37847,-1.0891,-0.26463
402.01,31.45,31.451,31.333,1.139,1.9938,0.19196,-0.49848,-1.2132,-0.16137
402.41,31.07,31.07,31.232,1.1453,1.8288,0.027096,-0.61103,-1.3338,-0.045071
402.83,31.133,31.133,31.236,1.2539,1.7638,-0.039914,-0.60517,-1.3175,0.19218
