-99.076,216.24,20.217,-1.3885,1.6312,15.501,5.1226,-19.65
-96.934,208.91,21.31,-1.585,3.2346,2.5698,5.0856,-15.779
-94.996,202.92,22.615,-1.6328,3.0574,-3.2885,4.176,-14.129
-94.39,197.63,23.645,-2.1417,1.9225,-2.9363,-2.2392,-11.55
-96.819,193.69,24.067,-2.5515,0.23794,3.2993,-8.341,-9.0476
-100.34,189.65,23.922,-2.4633,-0.78086,9.1858,-8.8442,-11.113
-103.86,184.78,23.539,-2.3756,-1.011,12.317,-8.5002,-12.932
-107.11,179.29,23.166,-2.2936,-0.79316,13.136,-7.5583,-14.179
-109.9,173.4,22.924,-2.2147,-0.41239,12.472,-6.2811,-14.968
-112.13,167.26,22.836,-2.1317,-0.039918,11.061,-4.7833,-15.486
-113.63,160.9,22.89,-2.0146,0.29365,9.136,-2.662,-15.995
-114.36,154.45,23.064,-1.9384,0.53887,7.0329,-1.1683,-15.962
-114.67,148.07,23.302,-1.9065,0.61169,5.4619,-0.48887,-15.708
-114.8,141.78,23.538,-1.8934,0.5465,4.5891,-0.19552,-15.531
-114.85,135.53,23.732,-1.8882,0.4136,4.2727,-0.082293,-15.468
-114.88,129.3,23.869,-1.8857,0.27048,4.2986,-0.046126,-15.488
-114.89,123.04,23.952,-1.8841,0.15066,4.4798,-0.037264,-15.548
-114.91,116.76,23.994,-1.8826,0.066464,4.6906,-0.034185,-15.616
-114.92,110.46,24.01,-1.8813,0.016341,4.8655,-0.029813,-15.672
-114.93,104.13,24.011,-1.8802,-0.0078181,4.9833,-0.023483,-15.711
-114.94,97.796,24.006,-1.8794,-0.015444,5.0482,-0.016539,-15.734
-114.94,91.452,23.999,-1.8789,-0.014427,5.0749,-0.010329,-15.744
-114.95,85.106,23.994,-1.8786,-0.010152,5.0788,-0.0055774,-15.747
-114.95,78.76,23.991,-1.8784,-0.0056533,5.0721,-0.0024107,-15.746
-114.95,72.414,23.99,-1.8783,-0.0022388,5.0627,-0.00058833,-15.744
-114.95,66.07,23.989,-1.8783,-0.00017288,5.0545,0.00027183,-15.741
-114.95,59.726,23.989,-1.8784,0.00078145,5.0489,0.00054217,-15.74
-114.95,53.383,23.99,-1.8784,0.0010105,5.0458,0.00051219,-15.739
-114.95,47.04,23.99,-1.8784,0.00086504,5.0445,0.00037167,-15.738
-114.95,40.697,23.991,-1.8784,0.00059154,5.0444,0.0002246,-15.738
-114.95,34.354,23.991,-1.8784,0.00032914,5.0448,0.00011458,-15.738
-114.95,28.011,23.991,-1.8784,0.00013571,5.0453,4.9649e-05,-15.738
-114.95,21.668,23.991,-1.8784,1.9456e-05,5.0458,2.1246e-05,-15.739
-114.95,15.326,23.991,-1.8809,-0.0014702,5.0532,-0.037808,-15.73
-114.94,8.9769,23.99,-1.8578,0.006084,5.0253,0.30236,-15.822
-114.52,2.5567,24.012,-1.7657,0.1237,4.3477,1.806,-15.987
-113.5,-3.8569,24.1,-1.6819,0.30674,3.0046,3.2046,-15.8
-111.93,-10.15,24.258,-1.5986,0.46971,1.4011,4.5394,-15.413
-109.83,-16.258,24.474,-1.514,0.59094,-0.2837,5.8147,-14.893
-107.24,-22.135,24.73,-1.4276,0.66996,-1.9585,7.0258,-14.269
-104.17,-27.741,25.01,-1.3389,0.71545,-3.589,8.1699,-13.558
-100.65,-33.044,25.304,-1.2476,0.73768,-5.1691,9.2416,-12.763
-96.718,-38.01,25.603,-1.1538,0.74494,-6.7025,10.233,-11.888
-92.405,-42.608,25.903,-1.0572,0.74252,-8.1915,11.135,-10.94
-87.747,-46.809,26.201,-0.95799,0.73298,-9.6326,11.941,-9.9239
-82.786,-50.589,26.493,-0.85599,0.71689,-11.015,12.643,-8.8522
-77.564,-53.927,26.777,-0.75121,0.69363,-12.323,13.241,-7.7364
-72.123,-56.809,27.051,-0.64364,0.662,-13.534,13.733,-6.5887
-66.504,-59.224,27.309,-0.53331,0.62066,-14.624,14.124,-5.4208
-60.747,-61.165,27.549,-0.42035,0.56834,-15.565,14.419,-4.2424
-54.891,-62.631,27.765,-0.305,0.5041,-16.329,14.626,-3.0612
-48.967,-63.621,27.953,-0.18766,0.4275,-16.891,14.753,-1.8817
-43.008,-64.136,28.107,-0.0689,0.33875,-17.225,14.807,-0.70598
-37.041,-64.179,28.223,0.050548,0.23902,-17.313,14.795,0.46641
-31.092,-63.749,28.298,0.16985,0.13049,-17.148,14.719,1.6373
-25.187,-62.847,28.327,0.28815,0.016439,-16.73,14.578,2.8085
-19.352,-61.473,28.31,0.40467,-0.099087,-16.071,14.368,3.9807
-13.618,-59.627,28.246,0.51882,-0.21171,-15.197,14.081,5.1519
-8.017,-57.31,28.139,0.63021,-0.31731,-14.136,13.71,6.3169
-2.5846,-54.526,27.991,0.73863,-0.41262,-12.923,13.244,7.4672
2.6396,-51.283,27.807,0.84406,-0.49546,-11.592,12.678,8.5916
7.6142,-47.595,27.592,0.94656,-0.56486,-10.174,12.007,9.677
12.297,-43.479,27.353,1.0462,-0.62082,-8.6973,11.232,10.71
16.646,-38.961,27.093,1.1432,-0.66402,-7.1842,10.355,11.675
20.624,-34.071,26.819,1.2361,-0.69409,-5.6621,9.4005,12.556
24.158,-28.832,26.533,1.3518,-0.72908,-4.0653,8.0393,13.438
26.994,-23.224,26.221,1.5026,-0.82944,-2.0156,6.0325,14.355
29.002,-17.279,25.86,1.6385,-0.95391,0.40745,4.0211,15.09
30.27,-11.086,25.46,1.7382,-1.0123,2.708,2.3964,15.597
30.993,-4.7283,25.06,1.8,-0.95764,4.4548,1.307,15.914
31.377,1.7237,24.703,1.8342,-0.80473,5.492,0.67573,16.077
31.574,8.2147,24.419,1.8521,-0.60364,5.9167,0.34778,16.117
31.677,14.704,24.218,1.8617,-0.40492,5.9378,0.18966,16.077
31.737,21.168,24.09,1.8672,-0.24073,5.7587,0.11531,15.999
31.775,27.598,24.019,1.8708,-0.12281,5.5247,0.078026,15.914
31.801,33.996,23.986,1.8734,-0.048628,5.3168,0.055751,15.841
31.82,40.369,23.976,1.8752,-0.0085481,5.1667,0.039561,15.789
31.833,46.725,23.976,1.8766,0.0086431,5.0759,0.026583,15.757
31.842,53.071,23.981,1.8775,0.012664,5.0318,0.016222,15.739
31.847,59.412,23.986,1.878,0.010535,5.0179,0.0084189,15.733
31.849,65.753,23.989,1.8784,0.0065788,5.0203,0.0030017,15.732
31.849,72.093,23.991,1.8785,0.0029856,5.0288,-0.00041254,15.733
31.849,78.434,23.992,1.8786,0.00054187,5.0377,-0.0023258,15.735
31.848,84.776,23.992,1.8786,-0.00073847,5.0446,-0.003236,15.737
31.846,91.119,23.991,1.8786,-0.0011618,5.0488,-0.0035557,15.738
31.845,97.462,23.991,1.8786,-0.0010877,5.0508,-0.0035801,15.739
31.843,103.81,23.991,1.8786,-0.00080353,5.0513,-0.0034935,15.739
31.842,110.15,23.99,1.8786,-0.00049129,5.0511,-0.0033935,15.739
31.839,116.49,23.99,1.8804,-0.00069277,5.0524,-0.027817,15.734
31.802,122.83,23.987,1.8701,-0.0094056,5.1124,0.091477,15.781
32.441,129.26,24.014,1.679,0.19747,3.9939,3.1912,16.048
33.783,135.63,24.149,1.7195,0.39683,2.2892,2.7287,15.518
34.533,141.82,24.281,1.8213,0.22591,2.4446,1.1317,15.251
34.706,147.95,24.315,1.9041,-0.051261,3.6425,-0.23608,15.217
34.33,154.09,24.241,1.9818,-0.29965,5.25,-1.5933,15.207
33.406,160.2,24.082,2.0576,-0.47305,6.9149,-2.9592,15.106
31.932,166.24,23.869,2.1329,-0.5687,8.4613,-4.3196,14.857
29.915,172.15,23.631,2.2079,-0.60253,9.8248,-5.6496,14.446
27.373,177.86,23.389,2.2824,-0.59469,11.001,-6.9259,13.881
24.33,183.31,23.155,2.3562,-0.56262,12.013,-8.1312,13.179
20.818,188.46,22.937,2.4291,-0.51882,12.887,-9.2538,12.359
16.872,193.25,22.738,2.5009,-0.47107,13.647,-10.287,11.441
12.529,197.66,22.558,2.5716,-0.4235,14.311,-11.225,10.439
7.8285,201.65,22.397,2.6414,-0.37792,14.891,-12.066,9.366
2.8091,205.19,22.254,2.7103,-0.33475,15.394,-12.808,8.2319
-2.4881,208.26,22.127,2.7784,-0.29375,15.823,-13.447,7.0463
-8.0215,210.85,22.017,2.8459,-0.25446,16.179,-13.982,5.8174
-13.749,212.94,21.922,2.9129,-0.21639,16.464,-14.412,4.5534
-19.628,214.5,21.843,2.9794,-0.17915,16.677,-14.735,3.262
-25.614,215.55,21.778,3.1535,-0.14245,16.818,-14.95,1.9509
-31.665,216.06,21.728,2.367,-0.10608,16.888,-15.056,0.62782
-37.736,216.04,21.693,-2.8022,-0.069892,16.885,-15.053,-0.69971
-43.783,215.49,21.672,-3.0977,-0.033777,16.81,-14.94,-2.024
-49.762,214.4,21.666,-2.9723,0.0023576,16.661,-14.718,-3.3372
-55.629,212.79,21.675,-2.9054,0.038602,16.44,-14.386,-4.6315
-61.34,210.66,21.698,-2.8381,0.075043,16.144,-13.946,-5.8988
-66.851,208.02,21.736,-2.7702,0.11177,15.773,-13.398,-7.1307
-72.119,204.9,21.788,-2.7015,0.14886,15.326,-12.745,-8.3186
-77.103,201.31,21.856,-2.632,0.1864,14.802,-11.987,-9.4537
-81.76,197.28,21.939,-2.5616,0.22444,14.199,-11.128,-10.527
-86.051,192.83,22.037,-2.4901,0.26302,13.516,-10.172,-11.528
-89.937,187.99,22.151,-2.4173,0.30214,12.752,-9.123,-12.448
-93.382,182.8,22.281,-2.3433,0.34177,11.906,-7.9868,-13.276
-96.352,177.29,22.427,-2.2679,0.38183,10.978,-6.7707,-14.004
-98.82,171.52,22.59,-2.1921,0.4213,9.9718,-5.5015,-14.612
-100.73,165.51,22.768,-2.097,0.47008,8.8401,-3.9058,-15.233
-101.91,159.26,22.975,-1.9935,0.5551,7.3884,-2.0953,-15.687
-102.51,152.93,23.211,-1.9363,0.59971,5.9786,-1.0176,-15.68
-102.8,146.63,23.446,-1.9086,0.55565,5.0095,-0.47667,-15.568
-102.93,140.37,23.649,-1.8956,0.4478,4.5225,-0.22275,-15.501
-102.99,134.13,23.803,-1.8893,0.31781,4.3968,-0.11163,-15.498
-103.03,127.88,23.905,-1.8859,0.19819,4.4782,-0.065716,-15.539
-103.05,121.6,23.965,-1.8837,0.10583,4.6404,-0.046087,-15.596
-103.07,115.3,23.994,-1.882,0.044382,4.8035,-0.035219,-15.651
-103.08,108.99,24.004,-1.8807,0.0094649,4.9297,-0.026629,-15.694
-103.09,102.66,24.004,-1.8798,-0.0064732,5.0103,-0.018806,-15.721
-103.09,96.316,24,-1.8791,-0.010908,5.0523,-0.01195,-15.737
-103.1,89.972,23.996,-1.8787,-0.0096447,5.0678,-0.0064821,-15.743
-103.1,83.627,23.993,-1.8784,-0.0064426,5.0682,-0.0025604,-15.745
-103.1,77.282,23.991,-1.8783,-0.0033145,5.0623,-4.7151e-05,-15.744
-103.1,70.937,23.99,-1.8783,-0.0010591,5.0552,0.0013653,-15.742
-103.1,64.593,23.99,-1.8783,0.00022404,5.0494,0.0020253,-15.74
-103.1,58.25,23.99,-1.8783,0.00074903,5.0456,0.0022378,-15.739
-103.1,51.906,23.99,-1.8783,0.00080505,5.0437,0.0022272,-15.739
-103.1,45.563,23.991,-1.8783,0.00063819,5.043,0.0021356,-15.738
-103.09,39.221,23.991,-1.8783,0.00041276,5.0431,0.0020389,-15.738
-103.09,32.878,23.991,-1.8783,0.00021581,5.0435,0.0019681,-15.738
-103.09,26.535,23.991,-1.8783,7.8812e-05,5.0439,0.0019283,-15.739
-103.09,20.192,23.991,-1.8784,-1.1691e-05,5.0442,0.00093944,-15.738
-103.1,13.851,23.991,-1.8811,-0.0030163,5.0606,-0.045608,-15.731
-103.02,7.4856,23.992,-1.8336,0.025775,4.9223,0.68494,-15.896
-102.4,1.0488,24.032,-1.7307,0.18459,3.9533,2.3836,-15.973
-101.13,-5.3352,24.148,-1.6419,0.38406,2.383,3.8495,-15.673
-99.294,-11.556,24.337,-1.556,0.54459,0.63362,5.1926,-15.189
-96.938,-17.558,24.581,-1.4694,0.65242,-1.1238,6.4525,-14.591
-94.09,-23.299,24.858,-1.3811,0.71503,-2.8244,7.638,-13.905
-90.78,-28.747,25.153,-1.2904,0.74553,-4.4552,8.7506,-13.139
-87.037,-33.871,25.457,-1.1972,0.7559,-6.024,9.7862,-12.294
-82.893,-38.638,25.761,-1.1012,0.75445,-7.5411,10.737,-11.373
-78.386,-43.018,26.064,-1.0023,0.74571,-9.0109,11.594,-10.379
-73.554,-46.985,26.361,-0.90055,0.73125,-10.429,12.35,-9.3221
-68.438,-50.514,26.652,-0.79579,0.71075,-11.782,13.001,-8.2123
-63.083,-53.588,26.933,-0.68797,0.6829,-13.05,13.544,-7.062
-57.53,-56.191,27.201,-0.57704,0.64603,-14.208,13.983,-5.8829
-51.822,-58.315,27.452,-0.46301,0.59848,-15.229,14.32,-4.6859
-45.998,-59.955,27.681,-0.34603,0.5388,-16.081,14.562,-3.4794
-40.094,-61.107,27.884,-0.22645,0.46596,-16.735,14.718,-2.2697
-34.144,-61.772,28.054,-0.10483,0.37957,-17.161,14.794,-1.0606
-28.178,-61.95,28.187,0.01803,0.28019,-17.335,14.798,0.14671
-22.225,-61.642,28.277,0.14111,0.16966,-17.241,14.734,1.3525
-16.312,-60.848,28.322,0.26332,0.051225,-16.877,14.602,2.5576
-10.466,-59.568,28.317,0.38367,-0.070644,-16.251,14.4,3.7622
-4.7181,-57.804,28.264,0.50134,-0.19077,-15.389,14.12,4.9641
0.89996,-55.556,28.163,0.61585,-0.30409,-14.324,13.754,6.1582
6.3511,-52.83,28.019,0.72701,-0.40648,-13.095,13.292,7.3361
11.595,-49.635,27.836,0.8348,-0.49522,-11.74,12.728,8.4867
16.589,-45.984,27.621,0.93938,-0.56913,-10.296,12.056,9.5966
21.291,-41.896,27.379,1.0409,-0.62826,-8.7911,11.275,10.652
25.655,-37.397,27.116,1.1395,-0.67354,-7.2503,10.389,11.638
29.645,-32.518,26.837,1.2346,-0.70513,-5.7001,9.4168,12.538
33.186,-27.285,26.547,1.3481,-0.7398,-4.0805,8.085,13.424
36.072,-21.688,26.233,1.4882,-0.82365,-2.103,6.2344,14.313
38.183,-15.762,25.879,1.6195,-0.92772,0.18368,4.3107,15.038
39.568,-9.5895,25.492,1.7214,-0.98153,2.3987,2.6746,15.547
40.391,-3.2517,25.101,1.7881,-0.93901,4.1523,1.5179,15.869
40.844,3.1839,24.748,1.8269,-0.80445,5.2616,0.81267,16.041
41.083,9.6636,24.462,1.848,-0.61835,5.7772,0.42767,16.097
41.211,16.148,24.252,1.8594,-0.42723,5.8756,0.23297,16.071
41.283,22.611,24.115,1.8659,-0.26384,5.748,0.13785,16.002
41.327,29.044,24.035,1.87,-0.14247,5.5407,0.089828,15.922
41.358,35.446,23.996,1.8728,-0.063101,5.3416,0.062384,15.851
41.379,41.822,23.981,1.8748,-0.017922,5.19,0.043773,15.798
41.393,48.181,23.978,1.8763,0.0033579,5.0933,0.029566,15.763
41.403,54.53,23.981,1.8773,0.010192,5.0426,0.01842,15.743
41.408,60.872,23.986,1.8779,0.0097304,5.0235,0.0099797,15.735
41.411,67.213,23.989,1.8783,0.0065927,5.0223,0.0040008,15.732
41.412,73.554,23.991,1.8785,0.0032851,5.029,0.00010608,15.733
41.411,79.895,23.992,1.8786,0.00084838,5.0372,-0.0021881,15.735
41.41,86.237,23.992,1.8786,-0.0005322,5.0441,-0.0033746,15.737
41.409,92.58,23.991,1.8786,-0.0010674,5.0485,-0.0038762,15.738
41.407,98.923,23.991,1.8786,-0.0010758,5.0508,-0.0040084,15.739
41.406,105.27,23.991,1.8786,-0.00083686,5.0516,-0.0039778,15.739
41.404,111.61,23.99,1.8786,-0.00053965,5.0515,-0.0039018,15.739
41.401,117.95,23.99,1.881,-0.00097946,5.0541,-0.036844,15.732
41.369,124.29,23.987,1.8649,-0.0070629,5.1026,0.17119,15.797
42.041,130.73,24.017,1.6804,0.2055,3.9378,3.1782,16.046
43.344,137.1,24.151,1.7259,0.38645,2.3282,2.6255,15.514
44.058,143.28,24.278,1.8271,0.21181,2.5295,1.038,15.253
44.188,149.42,24.307,1.9109,-0.065296,3.7561,-0.3497,15.214
43.764,155.55,24.227,1.9892,-0.31172,5.3804,-1.7222,15.194
42.786,161.65,24.064,2.0657,-0.48226,7.0527,-3.1004,15.078
41.253,167.68,23.848,2.1416,-0.57503,8.6003,-4.4701,14.811
39.173,173.56,23.608,2.2171,-0.60641,9.9618,-5.807,14.38
36.566,179.24,23.364,2.2922,-0.5967,11.135,-7.0877,13.793
33.458,184.66,23.13,2.3666,-0.56327,12.142,-8.295,13.069
29.88,189.75,22.912,2.4401,-0.5185,13.011,-9.4174,12.226
25.869,194.49,22.713,2.5125,-0.47,13.766,-10.448,11.284
21.462,198.83,22.534,2.5839,-0.42182,14.425,-11.381,10.257
16.7,202.74,22.373,2.6544,-0.37565,14.998,-12.215,9.1584
11.622,206.19,22.231,2.724,-0.33188,15.492,-12.946,7.9985
6.272,209.16,22.106,2.793,-0.29025,15.912,-13.572,6.7866
0.69115,211.64,21.997,2.8613,-0.25026,16.257,-14.092,5.5312
-5.0767,213.6,21.905,2.9292,-0.21144,16.529,-14.503,4.2405
-10.987,215.04,21.827,2.9968,-0.17338,16.727,-14.804,2.9224
-16.996,215.94,21.765,3.2985,-0.13578,16.851,-14.993,1.5849
-23.058,216.3,21.718,0.89436,-0.098411,16.901,-15.069,0.23577
-29.128,216.12,21.686,-3.3005,-0.061122,16.876,-15.032,-1.117
-35.158,215.39,21.669,-3.0194,-0.023784,16.776,-14.881,-2.4654
-41.105,214.12,21.667,-2.9492,0.013608,16.6,-14.619,-3.7891
-46.92,212.31,21.681,-2.8743,0.051788,16.346,-14.207,-5.2132
-52.51,209.85,21.711,-2.7799,0.10122,15.95,-13.519,-6.96
-57.806,206.75,21.763,-2.7028,0.15539,15.42,-12.783,-8.3066
-62.799,203.17,21.836,-2.633,0.20102,14.831,-12.004,-9.4425
-67.463,199.14,21.925,-2.5634,0.23897,14.198,-11.147,-10.497
-71.763,194.71,22.028,-2.4929,0.27319,13.511,-10.203,-11.484
-75.665,189.89,22.145,-2.421,0.30687,12.759,-9.17,-12.397
-79.132,184.72,22.276,-2.3477,0.3418,11.932,-8.0494,-13.226
-82.131,179.23,22.421,-2.2727,0.37864,11.024,-6.8465,-13.957
-84.632,173.47,22.582,-2.1976,0.41614,10.036,-5.5939,-14.57
-86.574,167.47,22.758,-2.0982,0.46617,8.9098,-3.9382,-15.235
-87.733,161.21,22.966,-1.985,0.56698,7.3745,-1.9626,-15.743
-88.274,154.86,23.21,-1.9289,0.62192,5.8742,-0.88918,-15.695
-88.518,148.57,23.453,-1.9042,0.57342,4.8838,-0.39498,-15.557
-88.626,142.31,23.662,-1.8933,0.45551,4.4207,-0.1778,-15.483
-88.676,136.08,23.816,-1.8883,0.31661,4.3337,-0.08981,-15.485
-88.705,129.83,23.917,-1.8855,0.19173,4.4502,-0.056886,-15.533
-88.725,123.55,23.974,-1.8835,0.097667,4.6365,-0.043789,-15.596
-88.741,117.26,24,-1.882,0.036906,4.8123,-0.035793,-15.654
-88.753,110.94,24.007,-1.8808,0.0038016,4.9429,-0.028273,-15.697
-88.763,104.61,24.005,-1.8798,-0.010147,5.0231,-0.020789,-15.725
-88.77,98.264,24,-1.8792,-0.012932,5.0624,-0.014066,-15.739
-88.775,91.92,23.996,-1.8788,-0.010529,5.075,-0.008725,-15.745
-88.777,85.574,23.992,-1.8786,-0.0066649,5.0732,-0.0049645,-15.746
-88.779,79.228,23.99,-1.8785,-0.0032273,5.0658,-0.0026275,-15.744
-88.78,72.884,23.989,-1.8784,-0.00088023,5.0579,-0.0013777,-15.742
-88.78,66.54,23.989,-1.8784,0.0003854,5.0518,-0.0008477,-15.74
-88.78,60.196,23.99,-1.8784,0.00085502,5.048,-0.00072711,-15.739
-88.781,53.853,23.99,-1.8785,0.0008563,5.0462,-0.00079515,-15.738
-88.781,47.51,23.99,-1.8785,0.00065055,5.0457,-0.00091793,-15.738
-88.781,41.168,23.99,-1.8785,0.0004039,5.0459,-0.0010286,-15.738
-88.782,34.825,23.991,-1.8785,0.00019929,5.0463,-0.0011037,-15.738
-88.782,28.482,23.991,-1.8785,6.2701e-05,5.0467,-0.0011433,-15.739
-88.783,22.139,23.991,-1.8785,-2.3585e-05,5.0471,-0.0021371,-15.738
-88.793,15.798,23.99,-1.8812,-0.0030708,5.0637,-0.04799,-15.732
-88.712,9.4321,23.992,-1.833,0.026941,4.9186,0.69455,-15.897
-88.1,2.9974,24.031,-1.7373,0.18006,3.9771,2.281,-15.964
-86.896,-3.3877,24.142,-1.6552,0.36389,2.509,3.6399,-15.694
-85.161,-9.6277,24.321,-1.5733,0.5129,0.87128,4.9305,-15.261
-82.918,-15.669,24.551,-1.4901,0.61612,-0.79288,6.1594,-14.717
-80.192,-21.472,24.813,-1.405,0.67907,-2.4213,7.326,-14.083
-77.01,-27.003,25.095,-1.3176,0.71254,-3.9969,8.4279,-13.368
-73.398,-32.23,25.385,-1.2278,0.72679,-5.5224,9.4593,-12.576
-69.386,-37.121,25.679,-1.1355,0.72921,-7.0041,10.412,-11.709
-65.008,-41.649,25.972,-1.0408,0.72397,-8.444,11.277,-10.771
-60.301,-45.785,26.262,-0.9436,0.71273,-9.8374,12.047,-9.7729
-55.304,-49.509,26.545,-0.84403,0.6955,-11.172,12.718,-8.7244
-50.057,-52.802,26.821,-0.7421,0.6714,-12.432,13.287,-7.6382
-44.602,-55.651,27.085,-0.63788,0.63923,-13.595,13.757,-6.5266
-38.977,-58.05,27.335,-0.5315,0.59784,-14.638,14.131,-5.4011
-33.221,-59.993,27.565,-0.42318,0.54632,-15.538,14.415,-4.2712
-27.367,-61.481,27.773,-0.31321,0.48417,-16.27,14.618,-3.1442
-21.446,-62.517,27.953,-0.20201,0.4114,-16.813,14.748,-2.0246
-15.487,-63.103,28.102,-0.090087,0.32865,-17.15,14.813,-0.91393
-9.5142,-63.244,28.216,0.021984,0.2373,-17.268,14.818,0.18858
-3.551,-62.941,28.292,0.13361,0.13945,-17.162,14.767,1.2854
2.3804,-62.197,28.327,0.24423,0.037821,-16.836,14.66,2.3795
8.2567,-61.012,28.321,0.35336,-0.064498,-16.3,14.495,3.4731
14.053,-59.387,28.275,0.46064,-0.16436,-15.571,14.264,4.567
19.742,-57.32,28.189,0.56585,-0.25892,-14.672,13.961,5.659
25.292,-54.815,28.066,0.66885,-0.34588,-13.628,13.578,6.7445
30.67,-51.875,27.91,0.76962,-0.4237,-12.463,13.107,7.8163
35.839,-48.508,27.725,0.86821,-0.49152,-11.2,12.543,8.8651
40.761,-44.724,27.515,0.96468,-0.54916,-9.8619,11.883,9.8802
45.397,-40.54,27.283,1.0592,-0.59686,-8.467,11.126,10.85
49.708,-35.976,27.034,1.1515,-0.63516,-7.0324,10.274,11.762
53.667,-31.062,26.773,1.2394,-0.6607,-5.5955,9.3725,12.596
57.108,-25.791,26.497,1.398,-0.72877,-3.895,7.4414,13.594
59.5,-20.084,26.16,1.6055,-0.95242,-1.1192,4.5515,14.655
60.866,-14.016,25.732,1.7385,-1.1475,2.008,2.4342,15.393
61.561,-7.7041,25.26,1.8085,-1.1582,4.4431,1.1738,15.88
61.885,-1.2423,24.823,1.8415,-0.99465,5.8386,0.52991,16.145
62.031,5.2854,24.472,1.8564,-0.74252,6.3469,0.24244,16.221
62.102,11.816,24.227,1.8635,-0.48596,6.3003,0.12839,16.172
62.143,18.313,24.077,1.8677,-0.27552,6.0032,0.085759,16.066
62.174,24.764,23.998,1.8708,-0.12819,5.6585,0.066962,15.952
62.198,31.172,23.967,1.8732,-0.039344,5.37,0.05367,15.857
62.217,37.548,23.961,1.8751,0.0052601,5.1719,0.04091,15.791
62.231,43.904,23.967,1.8765,0.021363,5.0587,0.028699,15.752
62.24,50.247,23.976,1.8775,0.022046,5.0086,0.018176,15.733
62.246,56.586,23.984,1.878,0.01636,4.9973,0.010129,15.727
62.248,62.925,23.989,1.8783,0.0095752,5.005,0.0046796,15.727
62.25,69.264,23.992,1.8785,0.0041265,5.0189,0.0014506,15.731
62.25,75.604,23.993,1.8785,0.00067408,5.0318,-0.00015631,15.734
62.25,81.946,23.993,1.8785,-0.0010245,5.0411,-0.00074009,15.737
62.249,88.289,23.992,1.8784,-0.001526,5.0464,-0.00077938,15.739
62.249,94.632,23.992,1.8784,-0.0013767,5.0487,-0.00059708,15.739
62.249,100.98,23.991,1.8784,-0.00097829,5.0491,-0.000377,15.74
62.249,107.32,23.991,1.8784,-0.00056823,5.0486,-0.00020205,15.739
62.249,113.66,23.991,1.8784,-0.00025309,5.0478,-9.3627e-05,15.739
62.248,120,23.991,1.8788,-0.00017604,5.0477,-0.005921,15.737
62.236,126.35,23.99,1.8788,-0.0035544,5.0682,-0.016249,15.744
62.41,132.73,23.996,1.8066,0.054753,4.7665,1.1205,15.953
63.121,139.16,24.05,1.7556,0.20638,3.7413,2.0448,15.854
63.79,145.47,24.139,1.8188,0.1981,3.3079,1.1083,15.509
63.947,151.68,24.184,1.9067,0.011169,3.995,-0.30777,15.304
63.528,157.82,24.141,1.9901,-0.21901,5.3528,-1.7308,15.181
62.54,163.91,24.012,2.0692,-0.4076,6.9408,-3.1371,15.02
60.988,169.91,23.82,2.1463,-0.52722,8.4983,-4.5241,14.74
58.884,175.76,23.594,2.2227,-0.58219,9.9063,-5.8762,14.307
56.246,181.41,23.357,2.2985,-0.58895,11.131,-7.1725,13.717
53.1,186.79,23.124,2.3736,-0.56503,12.182,-8.3943,12.984
49.48,191.85,22.904,2.4479,-0.52446,13.081,-9.5281,12.127
45.422,196.55,22.703,2.5211,-0.47671,13.853,-10.565,11.165
40.967,200.83,22.521,2.5934,-0.42736,14.519,-11.501,10.117
36.157,204.68,22.358,2.6647,-0.3792,15.091,-12.332,8.9946
31.033,208.06,22.215,2.735,-0.33324,15.579,-13.057,7.8113
25.641,210.96,22.09,2.8046,-0.28958,15.989,-13.672,6.577
20.022,213.34,21.982,2.8736,-0.24787,16.323,-14.178,5.3009
14.223,215.21,21.89,2.9421,-0.20762,16.581,-14.571,3.9916
8.289,216.55,21.815,3.0104,-0.16841,16.765,-14.852,2.6574
2.2649,217.34,21.755,3.335,-0.12987,16.873,-15.019,1.3065
-3.8029,217.58,21.71,-0.3275,-0.091733,16.907,-15.072,-0.052911
-9.8682,217.28,21.681,-3.3272,-0.053801,16.865,-15.01,-1.4127
-15.885,216.43,21.667,-3.0014,-0.015924,16.746,-14.832,-2.7646
-21.806,215.04,21.669,-2.9331,0.022018,16.551,-14.54,-4.1001
-27.585,213.12,21.686,-2.8643,0.060132,16.279,-14.133,-5.4107
-33.178,210.67,21.718,-2.7949,0.098516,15.928,-13.614,-6.6876
-38.538,207.72,21.765,-2.7249,0.13726,15.498,-12.982,-7.9216
-43.62,204.28,21.829,-2.654,0.17646,14.987,-12.24,-9.1034
-48.382,200.38,21.908,-2.5822,0.21618,14.394,-11.392,-10.223
-52.779,196.04,22.004,-2.5092,0.25647,13.718,-10.439,-11.271
-56.773,191.3,22.115,-2.435,0.29736,12.956,-9.3878,-12.235
-60.323,186.18,22.244,-2.3594,0.33885,12.109,-8.2429,-13.107
-63.393,180.74,22.389,-2.2824,0.38087,11.175,-7.0118,-13.876
-65.955,175.01,22.551,-2.2053,0.42216,10.16,-5.7275,-14.518
-67.942,169.02,22.731,-2.1035,0.47537,9.0025,-4.0335,-15.211
-69.136,162.76,22.943,-1.9894,0.57721,7.4418,-2.0401,-15.73
-69.702,156.42,23.19,-1.9313,0.63264,5.9182,-0.93214,-15.693
-69.957,150.12,23.438,-1.9053,0.58483,4.9018,-0.41362,-15.556
-70.07,143.87,23.651,-1.8938,0.46629,4.4191,-0.18464,-15.481
-70.122,137.64,23.81,-1.8885,0.32546,4.3216,-0.091599,-15.481
-70.151,131.39,23.914,-1.8856,0.19808,4.4351,-0.056751,-15.528
-70.17,125.12,23.973,-1.8836,0.10163,4.623,-0.043024,-15.592
-70.186,118.82,24,-1.882,0.038998,4.8023,-0.034851,-15.651
-70.199,112.5,24.008,-1.8807,0.0046378,4.9364,-0.027268,-15.695
-70.208,106.17,24.006,-1.8798,-0.010023,5.0192,-0.019732,-15.724
-70.214,99.831,24.001,-1.8791,-0.013129,5.0604,-0.012953,-15.739
-70.219,93.486,23.996,-1.8787,-0.01081,5.0739,-0.0075619,-15.745
-70.221,87.141,23.992,-1.8785,-0.0069123,5.0724,-0.0037628,-15.746
-70.222,80.795,23.99,-1.8784,-0.0034012,5.0651,-0.0014014,-15.744
-70.222,74.45,23.99,-1.8783,-0.00098191,5.0571,-0.0001391,-15.742
-70.222,68.106,23.99,-1.8783,0.00033785,5.0509,0.00039518,-15.74
-70.222,61.763,23.99,-1.8784,0.00084108,5.047,0.00051549,-15.739
-70.222,55.42,23.99,-1.8784,0.00085944,5.0451,0.00044525,-15.739
-70.221,49.077,23.99,-1.8784,0.00065986,5.0446,0.00031999,-15.738
-70.221,42.734,23.991,-1.8784,0.00041344,5.0447,0.00020737,-15.738
-70.221,36.391,23.991,-1.8784,0.00020659,5.0451,0.000131,-15.738
-70.221,30.048,23.991,-1.8784,6.7309e-05,5.0456,9.0762e-05,-15.739
-70.221,23.705,23.991,-1.8785,-3.3554e-05,5.046,-0.0017243,-15.738
-70.233,17.364,23.99,-1.8808,-0.0034792,5.0653,-0.042941,-15.734
-70.124,10.993,23.993,-1.8252,0.034875,4.8748,0.8209,-15.916
-69.466,4.5575,24.037,-1.7325,0.19337,3.8803,2.3644,-15.949
-68.231,-1.8193,24.153,-1.6499,0.37366,2.4067,3.7251,-15.67
-66.457,-8.0477,24.336,-1.5661,0.52186,0.755,5.0393,-15.226
-64.165,-14.071,24.569,-1.4808,0.62633,-0.93428,6.291,-14.663
-61.382,-19.848,24.836,-1.3935,0.69133,-2.5954,7.4775,-14.004
-58.136,-25.341,25.123,-1.3038,0.72677,-4.2077,8.5951,-13.259
-54.454,-30.516,25.419,-1.2114,0.74244,-5.7705,9.6373,-12.432
-50.369,-35.342,25.719,-1.1165,0.74551,-7.2879,10.596,-11.527
-45.916,-39.788,26.019,-1.0188,0.74015,-8.7602,11.462,-10.55
-41.135,-43.828,26.315,-0.91842,0.72806,-10.181,12.228,-9.5108
-36.067,-47.437,26.605,-0.81525,0.70926,-11.538,12.89,-8.4195
-30.754,-50.598,26.886,-0.70929,0.68286,-12.812,13.446,-7.2888
-25.238,-53.297,27.154,-0.60054,0.64754,-13.979,13.899,-6.1308
-19.56,-55.526,27.406,-0.48905,0.60197,-15.015,14.251,-4.9567
-13.76,-57.279,27.637,-0.375,0.54499,-15.89,14.511,-3.7753
-7.873,-58.557,27.843,-0.25869,0.47581,-16.578,14.685,-2.5931
-1.9319,-59.358,28.018,-0.14058,0.39422,-17.052,14.783,-1.4138
4.0337,-59.685,28.158,-0.021312,0.30077,-17.291,14.81,-0.23824
9.9966,-59.539,28.258,0.098318,0.19703,-17.279,14.772,0.93459
15.931,-58.92,28.315,0.21745,0.085638,-17.012,14.67,2.1067
21.811,-57.829,28.325,0.33525,-0.029761,-16.494,14.502,3.2796
27.608,-56.265,28.29,0.45099,-0.14489,-15.745,14.262,4.4529
33.293,-54.228,28.208,0.56416,-0.25537,-14.79,13.942,5.6234
38.83,-51.722,28.084,0.67445,-0.35736,-13.662,13.533,6.7846
44.183,-48.751,27.921,0.78174,-0.44799,-12.396,13.027,7.9267
49.311,-45.325,27.724,0.88604,-0.52557,-11.026,12.418,9.0377
54.172,-41.461,27.498,0.98744,-0.58955,-9.5797,11.704,10.104
58.724,-37.179,27.25,1.0861,-0.64028,-8.0845,10.886,11.112
62.925,-32.505,26.983,1.1815,-0.67845,-6.5622,9.974,12.046
66.741,-27.472,26.704,1.2773,-0.70454,-5.0374,8.9385,12.904
70.024,-22.085,26.411,1.4118,-0.76133,-3.298,7.2675,13.821
72.528,-16.331,26.081,1.5604,-0.88139,-1.0558,5.2014,14.68
74.222,-10.275,25.701,1.6829,-0.98751,1.3726,3.3148,15.319
75.248,-4.0066,25.297,1.7667,-1.0022,3.4833,1.9033,15.744
75.815,2.3956,24.909,1.816,-0.90393,4.9453,1.0131,15.995
76.111,8.8686,24.58,1.8426,-0.72578,5.7168,0.5202,16.104
76.264,15.362,24.33,1.8566,-0.52115,5.9555,0.27217,16.107
76.346,21.843,24.16,1.8642,-0.33413,5.8772,0.15439,16.048
76.395,28.293,24.057,1.8688,-0.18828,5.6644,0.098197,15.964
76.428,34.71,24.003,1.8719,-0.088782,5.4355,0.068316,15.883
76.452,41.097,23.98,1.8742,-0.029527,5.2496,0.048946,15.818
76.468,47.462,23.975,1.8758,0.00018919,5.1243,0.034135,15.774
76.479,53.814,23.978,1.877,0.011189,5.0541,0.022191,15.748
76.486,60.157,23.983,1.8777,0.01215,5.0238,0.012843,15.736
76.49,66.498,23.987,1.8782,0.0089635,5.0178,0.0060117,15.732
76.491,72.838,23.99,1.8784,0.0050164,5.0234,0.0014365,15.732
76.491,79.179,23.992,1.8786,0.0018595,5.0326,-0.0013284,15.734
76.49,85.521,23.992,1.8786,-8.9914e-05,5.0408,-0.0027955,15.736
76.489,91.863,23.992,1.8786,-0.000984,5.0466,-0.003435,15.738
76.488,98.206,23.991,1.8786,-0.0011699,5.0499,-0.0036136,15.739
76.486,104.55,23.991,1.8786,-0.00098531,5.0512,-0.0035806,15.739
76.485,110.89,23.99,1.8786,-0.0006754,5.0513,-0.0034827,15.739
76.483,117.24,23.99,1.8786,-0.0003818,5.0509,-0.0033919,15.739
76.468,123.58,23.99,1.8872,-0.0051076,5.0746,-0.13656,15.721
76.54,129.94,23.988,1.7979,0.030132,4.932,1.2071,15.937
77.744,136.39,24.063,1.6391,0.35443,2.9667,3.9321,15.864
79.025,142.65,24.231,1.7496,0.39703,1.8593,2.2755,15.315
79.622,148.79,24.343,1.8449,0.14261,2.5435,0.766,15.184
79.637,154.91,24.338,1.9291,-0.15294,4.0315,-0.65471,15.191
79.079,161.03,24.225,2.0095,-0.39085,5.7864,-2.0794,15.165
77.946,167.11,24.033,2.0887,-0.54333,7.5112,-3.5116,15.008
76.237,173.1,23.796,2.1675,-0.61754,9.0702,-4.9285,14.679
73.965,178.92,23.542,2.2459,-0.63357,10.424,-6.3013,14.173
71.153,184.5,23.291,2.3237,-0.61246,11.583,-7.6058,13.506
67.833,189.78,23.052,2.4005,-0.57099,12.573,-8.8248,12.699
64.042,194.71,22.832,2.4763,-0.52055,13.423,-9.9474,11.773
59.819,199.24,22.633,2.551,-0.46788,14.157,-10.967,10.748
55.207,203.35,22.455,2.6245,-0.41636,14.791,-11.879,9.6389
50.25,206.99,22.298,2.6971,-0.36728,15.336,-12.681,8.4601
44.993,210.15,22.159,2.7688,-0.32079,15.797,-13.37,7.2224
39.482,212.8,22.039,2.8397,-0.27651,16.178,-13.945,5.9361
33.763,214.91,21.937,2.91,-0.23391,16.48,-14.404,4.6106
27.884,216.49,21.851,2.9799,-0.19251,16.703,-14.744,3.2549
21.892,217.52,21.782,3.2046,-0.1519,16.848,-14.966,1.878
15.835,217.99,21.729,1.9077,-0.11177,16.914,-15.068,0.48851
9.7617,217.9,21.692,-3.056,-0.071926,16.901,-15.05,-0.90461
3.721,217.25,21.671,-3.0543,-0.032195,16.808,-14.911,-2.2926
-2.2389,216.04,21.666,-2.9554,0.0075485,16.635,-14.651,-3.6663
-8.0694,214.28,21.678,-2.8852,0.04742,16.381,-14.272,-5.0169
-13.722,211.99,21.705,-2.8144,0.087526,16.046,-13.774,-6.3347
-19.15,209.17,21.749,-2.7429,0.12797,15.628,-13.158,-7.6103
-24.306,205.85,21.809,-2.6706,0.16885,15.126,-12.427,-8.8334
-29.144,202.05,21.885,-2.5974,0.21025,14.538,-11.583,-9.9939
-33.618,197.79,21.979,-2.523,0.25223,13.863,-10.629,-11.081
-37.687,193.12,22.089,-2.4474,0.29483,13.1,-9.5717,-12.084
-41.309,188.06,22.217,-2.3704,0.33803,12.248,-8.4155,-12.991
-44.446,182.65,22.362,-2.2918,0.38179,11.305,-7.1685,-13.79
-47.066,176.95,22.525,-2.213,0.42508,10.276,-5.8602,-14.462
-49.112,170.99,22.706,-2.1141,0.4772,9.1169,-4.2111,-15.147
-50.388,164.75,22.917,-2.0012,0.57207,7.5948,-2.2448,-15.687
-51.023,158.42,23.162,-1.9388,0.62909,6.075,-1.0684,-15.692
-51.32,152.12,23.411,-1.9094,0.58906,5.0198,-0.49021,-15.567
-51.455,145.86,23.627,-1.8959,0.47742,4.4865,-0.22408,-15.489
-51.519,139.62,23.791,-1.8895,0.33975,4.3465,-0.11039,-15.482
-51.553,133.38,23.901,-1.8861,0.21197,4.4327,-0.065036,-15.524
-51.574,127.11,23.965,-1.8839,0.11293,4.6077,-0.046468,-15.586
-51.591,120.81,23.995,-1.8822,0.046954,4.7842,-0.036291,-15.645
-51.604,114.5,24.006,-1.8809,0.0095033,4.9208,-0.02792,-15.69
-51.613,108.17,24.006,-1.8799,-0.0075099,5.0082,-0.020009,-15.72
-51.62,101.83,24.001,-1.8792,-0.012141,5.0536,-0.012939,-15.737
-51.624,95.486,23.997,-1.8787,-0.010656,5.0703,-0.0072582,-15.744
-51.626,89.14,23.993,-1.8785,-0.0071113,5.0708,-0.0031788,-15.745
-51.627,82.795,23.991,-1.8783,-0.0036755,5.0644,-0.0005743,-15.744
-51.627,76.45,23.99,-1.8783,-0.0012031,5.0566,0.00087567,-15.742
-51.626,70.106,23.99,-1.8783,0.00020525,5.0504,0.0015392,-15.741
-51.625,63.762,23.99,-1.8783,0.00078609,5.0463,0.0017385,-15.739
-51.625,57.419,23.99,-1.8783,0.00085528,5.0442,0.0017099,-15.739
-51.624,51.076,23.991,-1.8783,0.00068069,5.0435,0.0016022,-15.738
-51.623,44.734,23.991,-1.8783,0.00044092,5.0435,0.0014938,-15.738
-51.623,38.391,23.991,-1.8783,0.00023063,5.0439,0.0014158,-15.738
-51.622,32.048,23.991,-1.8783,8.414e-05,5.0443,0.0013723,-15.739
-51.622,25.705,23.991,-1.8784,-8.9544e-06,5.0447,0.00054766,-15.738
-51.631,19.364,23.991,-1.8813,-0.003031,5.0611,-0.047511,-15.731
-51.553,12.999,23.992,-1.8338,0.025498,4.9244,0.68103,-15.895
-50.935,6.5629,24.031,-1.7339,0.18187,3.969,2.334,-15.97
-49.697,0.17784,24.145,-1.6482,0.37425,2.4463,3.7496,-15.684
-47.909,-6.0526,24.329,-1.5633,0.53051,0.74364,5.0817,-15.223
-45.598,-12.071,24.567,-1.4771,0.63848,-0.98511,6.344,-14.643
-42.792,-17.837,24.839,-1.3889,0.70386,-2.6738,7.5367,-13.969
-39.521,-23.313,25.131,-1.2984,0.73805,-4.304,8.658,-13.212
-35.813,-28.467,25.432,-1.2053,0.75188,-5.8787,9.7024,-12.373
-31.702,-33.267,25.735,-1.1094,0.75317,-7.4043,10.662,-11.456
-27.223,-37.682,26.038,-1.0107,0.74633,-8.8831,11.527,-10.467
-22.416,-41.684,26.336,-0.9092,0.73306,-10.31,12.291,-9.4135
-17.323,-45.251,26.627,-0.8048,0.71326,-11.67,12.95,-8.3081
-11.986,-48.364,26.909,-0.69744,0.68586,-12.946,13.501,-7.1624
-6.4493,-51.009,27.179,-0.5871,0.64939,-14.113,13.947,-5.9887
-0.75401,-53.177,27.431,-0.47381,0.60235,-15.143,14.291,-4.7978
5.0604,-54.863,27.662,-0.35772,0.54341,-16.008,14.542,-3.5984
10.958,-56.066,27.867,-0.23915,0.47166,-16.678,14.705,-2.3968
16.904,-56.784,28.04,-0.11861,0.38677,-17.124,14.79,-1.1966
22.87,-57.018,28.176,0.0031418,0.2893,-17.324,14.803,0.0010877
28.826,-56.771,28.27,0.1252,0.18095,-17.261,14.748,1.197
34.748,-56.042,28.319,0.24655,0.064722,-16.932,14.627,2.3924
40.606,-54.831,28.321,0.36624,-0.055228,-16.346,14.437,3.5878
46.372,-53.138,28.274,0.48348,-0.17404,-15.523,14.171,4.7819
52.014,-50.965,28.18,0.59776,-0.28687,-14.494,13.821,5.9701
57.496,-48.316,28.043,0.70883,-0.38963,-13.298,13.378,7.1446
62.779,-45.198,27.867,0.81666,-0.4795,-11.971,12.833,8.2947
67.82,-41.624,27.658,0.92132,-0.55508,-10.549,12.182,9.4074
72.576,-37.611,27.421,1.023,-0.6162,-9.0604,11.423,10.469
77.005,-33.184,27.162,1.1218,-0.66358,-7.5314,10.558,11.464
81.066,-28.372,26.887,1.2168,-0.69753,-5.9869,9.6082,12.376
84.704,-23.205,26.601,1.324,-0.72775,-4.4057,8.3825,13.252
87.723,-17.675,26.294,1.4633,-0.80386,-2.5012,6.5771,14.159
89.968,-11.804,25.947,1.5992,-0.91281,-0.22914,4.6217,14.925
91.463,-5.6681,25.562,1.7075,-0.9824,2.0481,2.9077,15.474
92.362,0.647,25.168,1.7799,-0.95813,3.9133,1.6653,15.827
92.859,7.0711,24.804,1.8224,-0.83603,5.138,0.89431,16.024
93.123,13.548,24.504,1.8456,-0.65356,5.7416,0.46866,16.097
93.262,20.034,24.281,1.8581,-0.45894,5.8916,0.25233,16.081
93.339,26.503,24.132,1.8651,-0.28832,5.7852,0.14701,16.017
93.387,32.941,24.044,1.8695,-0.15903,5.5798,0.094655,15.936
93.418,39.348,23.999,1.8725,-0.072875,5.3729,0.065499,15.862
93.44,45.729,23.981,1.8746,-0.022759,5.2109,0.046162,15.805
93.456,52.09,23.978,1.8761,0.0016229,5.1049,0.031505,15.767
93.466,58.439,23.981,1.8771,0.010102,5.0475,0.019953,15.745
93.472,64.783,23.985,1.8778,0.010307,5.0243,0.011117,15.735
93.475,71.124,23.988,1.8782,0.0072778,5.0212,0.0047836,15.732
93.476,77.464,23.991,1.8785,0.0038264,5.0273,0.00060405,15.733
93.476,83.805,23.992,1.8786,0.0011815,5.0358,-0.0018939,15.735
93.475,90.147,23.992,1.8786,-0.00037873,5.043,-0.0032097,15.737
93.474,96.49,23.991,1.8786,-0.0010339,5.0479,-0.0037827,15.738
93.472,102.83,23.991,1.8786,-0.001105,5.0506,-0.003947,15.739
93.47,109.18,23.991,1.8786,-0.00088741,5.0515,-0.0039255,15.739
93.469,115.52,23.99,1.8786,-0.00058783,5.0515,-0.0038474,15.739
93.467,121.86,23.99,1.8793,-0.00043417,5.0515,-0.012251,15.737
93.424,128.2,23.988,1.8817,-0.01249,5.1226,-0.079731,15.751
93.936,134.62,24.006,1.6845,0.16378,4.2065,3.0667,16.054
95.428,141.01,24.14,1.6812,0.43872,2.1347,3.3369,15.552
96.385,147.19,24.298,1.795,0.29819,2.0005,1.5659,15.218
96.715,153.31,24.359,1.8841,0.0037367,3.1492,0.11668,15.179
96.467,159.43,24.301,1.9666,-0.27403,4.8207,-1.31,15.188
95.643,165.54,24.146,2.0466,-0.47449,6.5977,-2.7474,15.109
94.239,171.58,23.929,2.1259,-0.58944,8.265,-4.1834,14.873
92.261,177.5,23.68,2.205,-0.6342,9.7379,-5.5903,14.457
89.727,183.21,23.424,2.2835,-0.63048,11.005,-6.9405,13.87
86.664,188.65,23.176,2.3613,-0.59784,12.086,-8.2127,13.128
83.107,193.76,22.944,2.4381,-0.55066,13.011,-9.3926,12.255
79.095,198.5,22.733,2.5138,-0.49808,13.807,-10.471,11.272
74.671,202.83,22.543,2.5884,-0.44517,14.494,-11.443,10.196
69.877,206.7,22.374,2.6619,-0.3942,15.085,-12.305,9.0429
64.759,210.1,22.226,2.7344,-0.34586,15.59,-13.054,7.8243
59.363,212.99,22.096,2.8062,-0.29997,16.011,-13.688,6.5513
53.736,215.36,21.984,2.8773,-0.25605,16.352,-14.205,5.2339
47.925,217.19,21.89,2.9479,-0.21358,16.614,-14.604,3.8814
41.977,218.47,21.812,3.0311,-0.17208,16.796,-14.882,2.5029
35.943,219.19,21.751,3.1987,-0.13121,16.898,-15.039,1.1074
29.871,219.35,21.707,-1.4701,-0.090695,16.92,-15.074,-0.29615
23.81,218.94,21.679,-3.2493,-0.050351,16.861,-14.986,-1.6987
17.809,217.96,21.667,-2.9848,-0.010026,16.722,-14.776,-3.091
11.919,216.43,21.671,-2.9142,0.030406,16.5,-14.444,-4.464
6.1871,214.36,21.692,-2.843,0.071061,16.196,-13.99,-5.808
0.66331,211.74,21.729,-2.7712,0.11205,15.807,-13.416,-7.1133
-4.6045,208.62,21.782,-2.6986,0.15347,15.334,-12.723,-8.3696
-9.569,204.99,21.853,-2.625,0.19541,14.774,-11.914,-9.5663
-14.184,200.9,21.94,-2.5504,0.23796,14.126,-10.992,-10.693
-18.405,196.38,22.045,-2.4745,0.28114,13.388,-9.9622,-11.737
-22.189,191.45,22.167,-2.3973,0.32495,12.56,-8.8293,-12.688
-25.497,186.15,22.308,-2.3185,0.36937,11.639,-7.6008,-13.534
-28.292,180.55,22.466,-2.2388,0.414,10.628,-6.2951,-14.258
-30.542,174.67,22.642,-2.1513,0.45975,9.5227,-4.8306,-14.905
-32.088,168.52,22.842,-2.0362,0.53974,8.1307,-2.8683,-15.559
-32.917,162.2,23.077,-1.9577,0.61639,6.5673,-1.4259,-15.709
-33.32,155.89,23.327,-1.9191,0.60726,5.352,-0.67726,-15.606
-33.509,149.62,23.555,-1.9006,0.51659,4.6523,-0.31527,-15.51
-33.597,143.38,23.737,-1.8919,0.38569,4.389,-0.15212,-15.482
-33.642,137.13,23.865,-1.8874,0.25382,4.4048,-0.083311,-15.51
-33.669,130.87,23.944,-1.8847,0.14513,4.5523,-0.054806,-15.565
-33.688,124.58,23.985,-1.8828,0.068384,4.7284,-0.04098,-15.626
-33.703,118.28,24.002,-1.8813,0.021734,4.8776,-0.03139,-15.676
-33.714,111.95,24.005,-1.8802,-0.0018483,4.9805,-0.022904,-15.711
-33.721,105.61,24.002,-1.8794,-0.010466,5.039,-0.015272,-15.732
-33.726,99.272,23.998,-1.8789,-0.010966,5.0647,-0.0089387,-15.742
-33.729,92.927,23.994,-1.8785,-0.0081116,5.0702,-0.0041958,-15.745
-33.73,86.581,23.992,-1.8783,-0.0046715,5.0659,-0.0010108,-15.745
-33.73,80.236,23.99,-1.8783,-0.0019178,5.0585,0.00088422,-15.743
-33.729,73.892,23.99,-1.8783,-0.0001914,5.0518,0.0018493,-15.741
-33.728,67.548,23.99,-1.8783,0.00063655,5.047,0.0022279,-15.74
-33.727,61.205,23.99,-1.8783,0.00085616,5.0443,0.0022896,-15.739
-33.726,54.862,23.991,-1.8783,0.00075003,5.0431,0.0022161,-15.738
-33.726,48.519,23.991,-1.8783,0.00052467,5.0429,0.002112,-15.738
-33.725,42.176,23.991,-1.8783,0.0003009,5.0432,0.0020258,-15.738
-33.724,35.833,23.991,-1.8783,0.00013171,5.0436,0.0019718,-15.739
-33.723,29.49,23.991,-1.8783,2.7153e-05,5.044,0.0019469,-15.739
-33.725,23.148,23.991,-1.8803,-0.0011041,5.0496,-0.028669,-15.732
-33.721,16.801,23.99,-1.8632,0.0027443,5.0394,0.21837,-15.804
-33.342,10.385,24.009,-1.768,0.11258,4.42,1.7591,-15.997
-32.299,3.9638,24.095,-1.6742,0.31208,3.0053,3.3236,-15.814
-30.671,-2.3264,24.259,-1.5878,0.49108,1.2924,4.7048,-15.385
-28.506,-8.4146,24.485,-1.5016,0.61859,-0.47566,5.9946,-14.824
-25.837,-14.257,24.752,-1.4141,0.69666,-2.2021,7.2073,-14.168
-22.694,-19.817,25.042,-1.3243,0.73749,-3.8591,8.347,-13.432
-19.108,-25.065,25.344,-1.2321,0.75403,-5.4497,9.4116,-12.616
-15.109,-29.967,25.648,-1.1371,0.75612,-6.9848,10.395,-11.723
-10.732,-34.494,25.952,-1.0393,0.74967,-8.4718,11.287,-10.756
-6.0157,-38.618,26.252,-0.93866,0.73723,-9.9097,12.082,-9.7211
-1.0004,-42.312,26.545,-0.83502,0.71906,-11.288,12.772,-8.6295
4.2711,-45.556,26.83,-0.72834,0.69413,-12.59,13.355,-7.4928
9.7555,-48.335,27.103,-0.61855,0.66084,-13.793,13.832,-6.3229
15.411,-50.638,27.361,-0.50563,0.61747,-14.868,14.206,-5.1312
21.197,-52.457,27.599,-0.38969,0.56247,-15.787,14.483,-3.9269
27.075,-53.79,27.812,-0.27097,0.49462,-16.518,14.67,-2.7175
33.012,-54.636,27.995,-0.14997,0.41324,-17.032,14.775,-1.5073
38.975,-54.993,28.143,-0.027402,0.31851,-17.302,14.805,-0.29873
44.935,-54.865,28.249,0.095782,0.21174,-17.308,14.765,0.90812
50.866,-54.25,28.311,0.2185,0.095681,-17.043,14.659,2.114
56.74,-53.149,28.324,0.3397,-0.025607,-16.511,14.483,3.3194
62.528,-51.562,28.289,0.45848,-0.1471,-15.732,14.232,4.5232
68.198,-49.491,28.205,0.57423,-0.26357,-14.736,13.899,5.7214
73.714,-46.94,28.077,0.68666,-0.37046,-13.562,13.473,6.9068
79.039,-43.916,27.907,0.79571,-0.4645,-12.249,12.947,8.0692
84.13,-40.429,27.703,0.90147,-0.54394,-10.833,12.314,9.1959
88.943,-36.499,27.47,1.0041,-0.60844,-9.3471,11.573,10.273
93.436,-32.147,27.214,1.1038,-0.65867,-7.8165,10.725,11.286
97.567,-27.403,26.941,1.1999,-0.69534,-6.2657,9.7853,12.218
101.29,-22.299,26.655,1.302,-0.72328,-4.699,8.6482,13.092
104.44,-16.835,26.352,1.4362,-0.78694,-2.8775,6.9445,13.999
106.84,-11.022,26.014,1.5739,-0.89145,-0.67024,5.0007,14.797
108.48,-4.9295,25.636,1.6881,-0.97131,1.6214,3.2242,15.384
109.48,1.3563,25.242,1.7674,-0.96643,3.5791,1.8849,15.77
110.05,7.7629,24.871,1.8152,-0.86228,4.9298,1.0267,15.993
110.35,14.232,24.558,1.8417,-0.68947,5.6467,0.54072,16.088
110.51,20.718,24.32,1.8559,-0.49546,5.8751,0.28899,16.087
110.6,27.191,24.158,1.8639,-0.31931,5.8105,0.16521,16.03
110.65,33.635,24.059,1.8687,-0.18191,5.6193,0.10407,15.951
110.69,40.048,24.007,1.8719,-0.087757,5.4104,0.071021,15.876
110.71,46.433,23.984,1.8742,-0.031187,5.2392,0.049953,15.815
110.73,52.797,23.978,1.8758,-0.0023219,5.1228,0.034388,15.774
110.74,59.149,23.98,1.877,0.0088495,5.0567,0.022184,15.749
110.75,65.493,23.984,1.8777,0.010402,5.0277,0.012776,15.737
110.75,71.835,23.988,1.8782,0.0078581,5.0214,0.0059303,15.733
110.75,78.175,23.99,1.8784,0.0044293,5.0261,0.0013232,15.733
110.75,84.516,23.991,1.8786,0.0016179,5.0342,-0.0014996,15.734
110.75,90.858,23.992,1.8786,-0.00013892,5.0418,-0.0030387,15.736
110.75,97.2,23.991,1.8786,-0.00094886,5.0472,-0.0037492,15.738
110.75,103.54,23.991,1.8786,-0.0011144,5.0502,-0.0039876,15.739
110.75,109.89,23.991,1.8786,-0.0009392,5.0515,-0.003999,15.739
110.74,116.23,23.99,1.8786,-0.00064745,5.0516,-0.0039306,15.739
110.74,122.57,23.99,1.8787,-0.00037472,5.0513,-0.0044743,15.739
110.71,128.91,23.989,1.8883,-0.010856,5.1083,-0.16829,15.728
111.02,135.31,23.996,1.7245,0.10411,4.5429,2.3966,16.036
112.45,141.73,24.11,1.6611,0.41998,2.3918,3.6365,15.666
113.53,147.93,24.275,1.7792,0.33915,1.9176,1.8138,15.246
113.96,154.06,24.355,1.8704,0.05455,2.9164,0.34586,15.178
113.8,160.18,24.316,1.9537,-0.23217,4.5359,-1.0828,15.188
113.07,166.29,24.175,2.0339,-0.44721,6.3154,-2.5185,15.13
111.75,172.35,23.966,2.1145,-0.57593,8.0103,-3.9719,14.912
109.84,178.27,23.719,2.2014,-0.63838,9.56,-5.5049,14.453
107.32,183.98,23.457,2.2854,-0.65205,10.941,-6.952,13.835
104.23,189.4,23.199,2.3679,-0.62884,12.125,-8.3053,13.051
100.62,194.47,22.954,2.4494,-0.58442,13.13,-9.5564,12.116
96.533,199.13,22.729,2.5298,-0.52993,13.984,-10.692,11.055
92.01,203.35,22.528,2.6091,-0.47227,14.707,-11.705,9.8882
87.106,207.08,22.349,2.6872,-0.41511,15.316,-12.59,8.6344
81.872,210.29,22.193,2.7643,-0.36006,15.823,-13.344,7.3089
76.361,212.95,22.059,2.8407,-0.30746,16.233,-13.966,5.9255
70.627,215.05,21.946,2.9163,-0.25709,16.551,-14.452,4.4962
64.726,216.56,21.852,2.9915,-0.20846,16.777,-14.802,3.0325
58.712,217.47,21.778,3.3282,-0.16106,16.913,-15.014,1.5455
52.641,217.78,21.723,0.028725,-0.11447,16.959,-15.088,0.045955
46.569,217.49,21.686,-3.329,-0.068304,16.913,-15.021,-1.4551
40.553,216.6,21.668,-2.9921,-0.02229,16.776,-14.815,-2.9468
34.649,215.11,21.669,-2.9166,0.023802,16.545,-14.469,-4.4177
28.914,213.03,21.688,-2.8405,0.070163,16.22,-13.983,-5.8562
23.403,210.38,21.726,-2.7636,0.11695,15.799,-13.36,-7.2504
18.171,207.18,21.783,-2.6857,0.16432,15.28,-12.601,-8.5875
13.272,203.45,21.859,-2.6068,0.21237,14.661,-11.709,-9.8545
8.7595,199.23,21.954,-2.5265,0.26119,13.942,-10.689,-11.038
4.6838,194.56,22.07,-2.4447,0.31082,13.119,-9.5459,-12.123
1.0926,189.47,22.205,-2.3614,0.36124,12.191,-8.2882,-13.096
-1.9699,184.01,22.362,-2.2765,0.41227,11.158,-6.9295,-13.941
-4.4673,178.24,22.538,-2.1878,0.46305,10.024,-5.4549,-14.662
-6.2704,172.17,22.739,-2.0702,0.54009,8.6436,-3.4703,-15.412
-7.2931,165.88,22.977,-1.9774,0.62985,7.0069,-1.7902,-15.699
-7.8047,159.57,23.236,-1.9294,0.64205,5.6361,-0.87116,-15.625
-8.0498,153.29,23.482,-1.906,0.56451,4.7844,-0.41204,-15.519
-8.166,147.05,23.683,-1.8947,0.43514,4.4122,-0.19831,-15.474
-8.224,140.81,23.83,-1.889,0.29628,4.3684,-0.105,-15.491
-8.2571,134.56,23.923,-1.8858,0.17668,4.4951,-0.065597,-15.544
-8.2793,128.28,23.975,-1.8835,0.088867,4.6742,-0.047311,-15.606
-8.2959,121.98,23.999,-1.8819,0.033182,4.8369,-0.035899,-15.661
-8.3084,115.66,24.005,-1.8806,0.0033241,4.955,-0.026443,-15.702
-8.3173,109.32,24.004,-1.8796,-0.0090156,5.0261,-0.018018,-15.727
-8.323,102.98,23.999,-1.879,-0.011323,5.0601,-0.010917,-15.74
-8.3263,96.638,23.995,-1.8786,-0.0090666,5.0702,-0.0054653,-15.745
-8.3276,90.292,23.992,-1.8784,-0.0055917,5.0677,-0.001691,-15.745
-8.3278,83.947,23.99,-1.8783,-0.0025613,5.0606,0.000643,-15.743
-8.3272,77.602,23.99,-1.8782,-0.00053591,5.0533,0.0019008,-15.742
-8.3263,71.259,23.99,-1.8782,0.00051852,5.0478,0.002452,-15.74
-8.3253,64.915,23.99,-1.8782,0.00087222,5.0445,0.0026005,-15.739
-8.3243,58.572,23.991,-1.8783,0.00082408,5.043,0.0025604,-15.739
-8.3233,52.229,23.991,-1.8783,0.00060768,5.0426,0.0024611,-15.738
-8.3223,45.886,23.991,-1.8783,0.00036843,5.0428,0.002368,-15.738
-8.3213,39.544,23.991,-1.8783,0.00017646,5.0432,0.0023047,-15.739
-8.3204,33.201,23.991,-1.8783,5.1303e-05,5.0436,0.0022723,-15.739
-8.3208,26.858,23.991,-1.8794,-0.00046104,5.046,-0.013817,-15.735
-8.3288,20.515,23.99,-1.873,-0.0019412,5.0598,0.070653,-15.768
-8.0698,14.116,24.001,-1.79,0.078277,4.6259,1.3947,-15.98
-7.1569,7.6823,24.071,-1.6911,0.27129,3.3283,3.0428,-15.879
-5.6314,1.3586,24.221,-1.6028,0.46197,1.6298,4.47,-15.48
-3.5551,-4.7707,24.438,-1.5161,0.60285,-0.16017,5.7849,-14.931
-0.96748,-10.658,24.701,-1.4287,0.69064,-1.9143,7.0124,-14.285
2.0987,-16.267,24.99,-1.3394,0.73689,-3.5928,8.1629,-13.558
5.6131,-21.568,25.291,-1.2477,0.75564,-5.1961,9.238,-12.756
9.5445,-26.53,25.597,-1.1534,0.75818,-6.7374,10.233,-11.877
13.859,-31.122,25.901,-1.0563,0.7516,-8.2279,11.14,-10.924
18.52,-35.316,26.202,-0.95623,0.73922,-9.6699,11.951,-9.9027
23.486,-39.086,26.496,-0.85317,0.72167,-11.056,12.66,-8.8216
28.716,-42.409,26.782,-0.747,0.698,-12.371,13.262,-7.6922
34.167,-45.27,27.058,-0.63764,0.66656,-13.592,13.758,-6.5263
39.797,-47.655,27.318,-0.52504,0.62549,-14.692,14.15,-5.3354
45.563,-49.556,27.56,-0.40926,0.57304,-15.642,14.444,-4.1292
51.429,-50.97,27.778,-0.29054,0.50778,-16.411,14.646,-2.9155
57.359,-51.894,27.966,-0.16932,0.42881,-16.966,14.764,-1.6997
63.32,-52.328,28.121,-0.046317,0.33604,-17.279,14.804,-0.4846
69.282,-52.272,28.235,0.077499,0.23055,-17.328,14.774,0.72881
75.219,-51.728,28.304,0.20101,0.11487,-17.103,14.676,1.9409
81.102,-50.696,28.325,0.32308,-0.0069802,-16.607,14.509,3.1522
86.902,-49.176,28.297,0.44277,-0.12991,-15.857,14.268,4.3614
92.588,-47.169,28.22,0.5594,-0.24848,-14.883,13.945,5.5652
98.126,-44.68,28.097,0.67263,-0.35784,-13.725,13.531,6.7567
103.48,-41.714,27.932,0.78239,-0.45442,-12.422,13.017,7.926
108.6,-38.284,27.732,0.88879,-0.53625,-11.013,12.396,9.0607
113.45,-34.406,27.501,0.99201,-0.60287,-9.529,11.667,10.147
117.98,-30.103,27.247,1.0922,-0.6549,-7.9988,10.83,11.171
122.15,-25.403,26.975,1.189,-0.69324,-6.4457,9.898,12.115
125.93,-20.339,26.69,1.2891,-0.72102,-4.8826,8.8004,12.992
129.16,-14.916,26.389,1.42,-0.77849,-3.1017,7.1604,13.9
131.65,-9.1396,26.055,1.5582,-0.87957,-0.93411,5.2315,14.716
133.37,-3.0753,25.681,1.6758,-0.96426,1.3601,3.4234,15.327
134.44,3.1918,25.288,1.7592,-0.97034,3.3682,2.027,15.733
135.06,9.587,24.913,1.8104,-0.8772,4.7934,1.1142,15.973
135.39,16.05,24.592,1.839,-0.71086,5.5808,0.58918,16.081
135.56,22.536,24.345,1.8545,-0.51783,5.8597,0.31394,16.089
135.66,29.011,24.175,1.863,-0.33871,5.8232,0.17765,16.038
135.71,35.459,24.069,1.8682,-0.1965,5.6425,0.11046,15.961
135.75,41.875,24.012,1.8715,-0.097436,5.4335,0.074682,15.884
135.78,48.263,23.986,1.8739,-0.036799,5.2572,0.052402,15.822
135.79,54.63,23.979,1.8756,-0.0050491,5.1344,0.036223,15.778
135.8,60.983,23.98,1.8768,0.0078965,5.063,0.023602,15.751
135.81,67.328,23.984,1.8776,0.010368,5.0302,0.013838,15.738
135.82,73.669,23.987,1.8781,0.008181,5.0217,0.0066735,15.733
135.82,80.01,23.99,1.8784,0.0047976,5.0254,0.0017982,15.733
135.82,86.351,23.991,1.8786,0.0018972,5.0333,-0.0012312,15.734
135.82,92.692,23.992,1.8786,2.1683e-05,5.041,-0.0029144,15.736
135.82,99.035,23.992,1.8786,-0.00088613,5.0467,-0.0037153,15.738
135.81,105.38,23.991,1.8786,-0.0011137,5.05,-0.0040038,15.739
135.81,111.72,23.991,1.8786,-0.00096816,5.0514,-0.0040384,15.739
135.81,118.06,23.99,1.8786,-0.00068357,5.0517,-0.0039775,15.739
135.81,124.41,23.99,1.8786,-0.00040142,5.0514,-0.0039314,15.739
135.78,130.75,23.989,1.8901,-0.00981,5.1009,-0.19003,15.723
136.01,137.13,23.992,1.7377,0.081241,4.6722,2.1654,16.011
137.53,143.55,24.103,1.6235,0.44717,2.2988,4.2219,15.686
138.84,149.76,24.292,1.7498,0.41185,1.4733,2.2909,15.202
139.43,155.86,24.4,1.8482,0.1143,2.3942,0.72893,15.128
139.41,161.96,24.379,1.9367,-0.20174,4.0671,-0.77111,15.159
138.79,168.07,24.244,2.0215,-0.44553,5.9588,-2.2808,15.127
137.56,174.13,24.031,2.1052,-0.59549,7.7804,-3.7977,14.936
135.72,180.08,23.774,2.1886,-0.66314,9.4061,-5.2927,14.549
133.29,185.83,23.504,2.2715,-0.67124,10.805,-6.7328,13.967
130.29,191.31,23.238,2.3537,-0.64216,11.991,-8.0906,13.21
126.77,196.45,22.989,2.4348,-0.59322,12.997,-9.3475,12.301
122.76,201.2,22.762,2.5148,-0.53594,13.85,-10.492,11.266
118.31,205.5,22.558,2.5935,-0.47698,14.578,-11.516,10.126
113.48,209.34,22.378,2.6711,-0.41961,15.195,-12.416,8.9001
108.31,212.66,22.22,2.7476,-0.36503,15.713,-13.189,7.602
102.86,215.44,22.084,2.8232,-0.31327,16.138,-13.833,6.2455
97.177,217.67,21.968,2.8982,-0.26389,16.473,-14.345,4.8422
91.313,219.33,21.871,2.9726,-0.2163,16.72,-14.725,3.4033
85.323,220.4,21.794,3.2221,-0.16995,16.878,-14.97,1.9394
79.263,220.87,21.735,1.6872,-0.1244,16.948,-15.079,0.46101
73.187,220.75,21.694,-3.1343,-0.079307,16.929,-15.053,-1.0213
67.149,220.04,21.671,-3.0347,-0.034412,16.82,-14.89,-2.4969
61.206,218.73,21.667,-2.9405,0.010486,16.621,-14.591,-3.955
55.41,216.84,21.68,-2.8657,0.055554,16.33,-14.157,-5.3847
49.818,214.38,21.712,-2.7902,0.10094,15.947,-13.588,-6.7745
44.482,211.37,21.762,-2.7139,0.14677,15.469,-12.887,-8.1126
39.455,207.83,21.831,-2.6365,0.19317,14.896,-12.056,-9.387
34.79,203.8,21.918,-2.558,0.24023,14.226,-11.1,-10.585
30.535,199.3,22.025,-2.4782,0.28801,13.456,-10.022,-11.693
26.738,194.38,22.151,-2.3968,0.33654,12.585,-8.8305,-12.698
23.444,189.07,22.297,-2.3138,0.38577,11.613,-7.5324,-13.586
20.69,183.44,22.462,-2.2303,0.43457,10.543,-6.1606,-14.334
18.544,177.51,22.649,-2.1244,0.49391,9.3226,-4.4018,-15.101
17.212,171.28,22.868,-2.0062,0.59746,7.7141,-2.3406,-15.682
16.55,164.95,23.125,-1.9414,0.65798,6.1205,-1.115,-15.688
16.24,158.65,23.385,-1.9108,0.61611,5.0168,-0.51149,-15.558
16.099,152.4,23.61,-1.8967,0.49923,4.4596,-0.23388,-15.477
16.033,146.17,23.782,-1.89,0.35518,4.3138,-0.11535,-15.47
15.998,139.93,23.897,-1.8865,0.22152,4.4045,-0.068076,-15.515
15.975,133.66,23.964,-1.8841,0.11795,4.5878,-0.048712,-15.579
15.957,127.37,23.996,-1.8824,0.048974,4.7725,-0.038073,-15.64
15.944,121.06,24.006,-1.881,0.0098461,4.9154,-0.029303,-15.688
15.934,114.73,24.006,-1.8799,-0.0079089,5.0067,-0.021009,-15.72
15.927,108.39,24.002,-1.8792,-0.012722,5.0542,-0.013599,-15.737
15.923,102.04,23.997,-1.8787,-0.011149,5.0716,-0.0076474,-15.744
15.921,95.697,23.993,-1.8785,-0.0074325,5.072,-0.0033761,-15.746
15.92,89.351,23.991,-1.8783,-0.0038357,5.0652,-0.00065059,-15.745
15.92,83.006,23.99,-1.8783,-0.0012504,5.0572,0.00086585,-15.742
15.92,76.662,23.99,-1.8783,0.00022049,5.0506,0.0015592,-15.741
15.921,70.319,23.99,-1.8783,0.00082572,5.0463,0.001767,-15.739
15.922,63.976,23.99,-1.8783,0.00089627,5.0441,0.0017366,-15.739
15.922,57.633,23.991,-1.8783,0.00071247,5.0434,0.0016237,-15.738
15.923,51.29,23.991,-1.8783,0.00046106,5.0434,0.0015102,-15.738
15.924,44.947,23.991,-1.8783,0.00024087,5.0438,0.0014286,-15.738
15.924,38.604,23.991,-1.8783,8.7635e-05,5.0443,0.0013833,-15.739
15.925,32.261,23.991,-1.8784,-1.1218e-05,5.0447,0.00042159,-15.738
15.915,25.92,23.991,-1.8812,-0.0031439,5.0617,-0.047802,-15.731
15.998,19.554,23.992,-1.8319,0.027117,4.916,0.7116,-15.9
16.633,13.117,24.033,-1.7312,0.18677,3.9372,2.379,-15.968
17.888,6.7348,24.148,-1.6455,0.37986,2.3997,3.7929,-15.674
19.694,0.50979,24.335,-1.5606,0.53523,0.69079,5.1226,-15.207
22.021,-5.5017,24.575,-1.4744,0.64182,-1.0393,6.3826,-14.623
24.842,-11.258,24.848,-1.3861,0.70592,-2.7269,7.5729,-13.947
28.127,-16.725,25.14,-1.2955,0.73913,-4.3554,8.6919,-13.186
31.848,-21.868,25.441,-1.2023,0.75229,-5.9281,9.7337,-12.345
35.971,-26.656,25.745,-1.1063,0.75315,-7.452,10.69,-11.426
40.461,-31.059,26.047,-1.0076,0.74602,-8.929,11.553,-10.434
45.278,-35.048,26.345,-0.90597,0.73252,-10.353,12.314,-9.3796
50.379,-38.601,26.636,-0.80147,0.7125,-11.712,12.969,-8.2727
55.723,-41.699,26.918,-0.69402,0.68485,-12.984,13.517,-7.126
61.265,-44.33,27.187,-0.58358,0.64807,-14.147,13.959,-5.9516
66.965,-46.483,27.439,-0.4702,0.60068,-15.173,14.301,-4.7602
72.782,-48.153,27.669,-0.35402,0.54136,-16.032,14.548,-3.5606
78.681,-49.34,27.873,-0.23538,0.4692,-16.695,14.709,-2.359
84.629,-50.043,28.045,-0.11479,0.3839,-17.134,14.791,-1.1588
90.595,-50.263,28.179,0.0070006,0.28605,-17.326,14.802,0.038909
96.551,-50,28.273,0.12906,0.1774,-17.255,14.746,1.2348
102.47,-49.255,28.32,0.25038,0.060971,-16.918,14.623,2.4303
108.33,-48.029,28.32,0.37,-0.059032,-16.323,14.43,3.6258
114.09,-46.321,28.272,0.48716,-0.17774,-15.493,14.162,4.8198
119.73,-44.133,28.176,0.60135,-0.29032,-14.459,13.809,6.0078
125.2,-41.469,28.038,0.71232,-0.39271,-13.258,13.362,7.1817
130.48,-38.336,27.861,0.82005,-0.48215,-11.927,12.814,8.3309
135.51,-34.747,27.65,0.92462,-0.55727,-10.502,12.159,9.4422
140.26,-30.721,27.413,1.0262,-0.61794,-9.012,11.397,10.502
144.67,-26.281,27.154,1.1249,-0.6649,-7.482,10.529,11.495
148.72,-21.458,26.878,1.2198,-0.6984,-5.9376,9.576,12.404
152.35,-16.279,26.591,1.3282,-0.72936,-4.351,8.3311,13.282
155.34,-10.737,26.283,1.468,-0.80743,-2.4312,6.513,14.187
157.56,-4.8558,25.935,1.6032,-0.9162,-0.15224,4.5605,14.946
159.03,1.287,25.549,1.7103,-0.98325,2.1172,2.8598,15.488
159.92,7.6067,25.155,1.7817,-0.95551,3.9633,1.6339,15.836
160.4,14.033,24.793,1.8234,-0.83071,5.1663,0.87627,16.028
160.66,20.511,24.495,1.8461,-0.64714,5.752,0.45928,16.098
160.8,26.997,24.275,1.8584,-0.45286,5.8908,0.24775,16.08
160.87,33.465,24.129,1.8653,-0.28345,5.7792,0.1448,16.014
160.92,39.902,24.042,1.8696,-0.1556,5.5726,0.093503,15.933
160.95,46.308,23.998,1.8725,-0.070764,5.3668,0.064789,15.86
160.97,52.688,23.981,1.8746,-0.021646,5.2066,0.045643,15.804
160.99,59.049,23.978,1.8761,0.0020804,5.1024,0.031094,15.766
161,65.398,23.981,1.8772,0.010192,5.0463,0.019631,15.745
161.01,71.741,23.985,1.8779,0.010232,5.024,0.010878,15.735
161.01,78.082,23.989,1.8783,0.0071588,5.0214,0.0046188,15.732
161.01,84.422,23.991,1.8785,0.0037232,5.0276,0.0005003,15.733
161.01,90.764,23.992,1.8786,0.0011138,5.036,-0.0019527,15.735
161.01,97.105,23.992,1.8786,-0.0004124,5.0432,-0.0032388,15.737
161.01,103.45,23.991,1.8786,-0.0010433,5.048,-0.0037946,15.738
161,109.79,23.991,1.8786,-0.0011009,5.0506,-0.0039504,15.739
161,116.13,23.991,1.8786,-0.00087808,5.0515,-0.0039257,15.739
161,122.48,23.99,1.8786,-0.00057829,5.0515,-0.0038473,15.739
161,128.82,23.99,1.8795,-0.00047817,5.0517,-0.015144,15.737
160.95,135.16,23.988,1.8807,-0.01343,5.129,-0.067475,15.758
161.53,141.58,24.008,1.6639,0.18457,4.0954,3.3929,16.047
163.17,147.95,24.158,1.6602,0.48501,1.8195,3.6767,15.49
164.24,154.11,24.333,1.7812,0.33462,1.6436,1.8011,15.16
164.65,160.21,24.404,1.8755,0.017362,2.8542,0.27605,15.137
164.45,166.31,24.347,1.9624,-0.28212,4.6295,-1.2231,15.162
163.65,172.42,24.185,2.0466,-0.49817,6.5182,-2.7354,15.088
162.23,178.45,23.956,2.1301,-0.6218,8.287,-4.2476,14.841
160.21,184.35,23.694,2.2133,-0.66948,9.8441,-5.7279,14.395
157.61,190.02,23.423,2.296,-0.66462,11.176,-7.1445,13.76
154.45,195.41,23.162,2.3778,-0.6283,12.305,-8.4727,12.956
150.78,200.44,22.919,2.4585,-0.57609,13.261,-9.696,12.009
146.64,205.06,22.699,2.538,-0.51793,14.075,-10.804,10.942
142.08,209.23,22.503,2.6163,-0.45933,14.768,-11.791,9.7767
137.14,212.92,22.329,2.6934,-0.40284,15.355,-12.654,8.5294
131.89,216.09,22.178,2.7696,-0.34922,15.845,-13.389,7.2147
126.36,218.71,22.048,2.8449,-0.29832,16.243,-13.994,5.8452
120.62,220.78,21.938,2.9196,-0.24962,16.552,-14.468,4.4323
114.71,222.27,21.847,2.9938,-0.20256,16.774,-14.808,2.987
108.7,223.17,21.775,3.3295,-0.15659,16.906,-15.014,1.5197
102.63,223.48,21.721,-0.025011,-0.11131,16.951,-15.085,0.041149
96.559,223.19,21.686,-3.3299,-0.066413,16.907,-15.02,-1.4383
90.542,222.3,21.668,-2.9941,-0.021651,16.773,-14.82,-2.9081
84.635,220.83,21.669,-2.9197,0.023161,16.548,-14.483,-4.3574
78.89,218.78,21.687,-2.8448,0.068182,16.232,-14.012,-5.7751
73.364,216.17,21.724,-2.7692,0.11355,15.824,-13.407,-7.1498
68.108,213.01,21.779,-2.6927,0.1594,15.321,-12.671,-8.4697
63.175,209.34,21.853,-2.6152,0.20584,14.722,-11.807,-9.7226
58.617,205.17,21.946,-2.5365,0.25296,14.025,-10.818,-10.896
54.482,200.56,22.057,-2.4563,0.3008,13.23,-9.7107,-11.975
50.817,195.52,22.189,-2.3746,0.34939,12.333,-8.491,-12.949
47.664,190.13,22.34,-2.2914,0.39863,11.334,-7.1696,-13.802
45.059,184.41,22.51,-2.2066,0.44697,10.242,-5.7658,-14.52
43.114,178.4,22.703,-2.0894,0.51815,8.9305,-3.8098,-15.316
41.999,172.12,22.934,-1.9834,0.62319,7.2537,-1.9181,-15.724
41.46,165.79,23.196,-1.9304,0.6574,5.7624,-0.90065,-15.655
41.211,159.51,23.45,-1.9056,0.59073,4.8111,-0.40958,-15.528
41.097,153.26,23.663,-1.8943,0.46154,4.3826,-0.18877,-15.468
41.043,147.03,23.819,-1.8888,0.31694,4.3188,-0.096808,-15.478
41.013,140.78,23.92,-1.8857,0.18995,4.4481,-0.060657,-15.531
40.992,134.51,23.975,-1.8836,0.095674,4.6396,-0.045178,-15.596
40.976,128.21,24.001,-1.882,0.035481,4.8162,-0.035548,-15.655
40.963,121.89,24.007,-1.8807,0.0030732,4.9455,-0.026987,-15.698
40.954,115.56,24.005,-1.8797,-0.010336,5.0238,-0.018894,-15.726
40.948,109.22,24,-1.8791,-0.012807,5.0616,-0.011848,-15.74
40.944,102.87,23.996,-1.8786,-0.01028,5.0731,-0.0063577,-15.745
40.942,96.527,23.992,-1.8784,-0.0064102,5.0707,-0.0025411,-15.746
40.942,90.181,23.99,-1.8783,-0.0030257,5.0631,-0.00019132,-15.744
40.942,83.837,23.99,-1.8783,-0.00074648,5.0553,0.0010559,-15.742
40.943,77.493,23.99,-1.8783,0.00045987,5.0493,0.0015809,-15.74
40.943,71.149,23.99,-1.8783,0.00088738,5.0456,0.0016991,-15.739
40.944,64.806,23.99,-1.8783,0.00086362,5.0439,0.0016316,-15.739
40.945,58.463,23.991,-1.8783,0.00064593,5.0434,0.0015114,-15.738
40.945,52.121,23.991,-1.8783,0.00039567,5.0436,0.0014043,-15.738
40.946,45.778,23.991,-1.8783,0.00019179,5.044,0.0013326,-15.738
40.946,39.435,23.991,-1.8783,5.7544e-05,5.0445,0.0012959,-15.739
40.946,33.092,23.991,-1.8789,-0.00018567,5.0456,-0.0067175,-15.737
40.934,26.751,23.99,-1.8777,-0.0035266,5.0667,0.00084013,-15.749
41.124,20.363,23.997,-1.804,0.058705,4.7413,1.1634,-15.96
41.937,13.926,24.056,-1.708,0.24019,3.555,2.7677,-15.912
43.34,7.579,24.192,-1.6235,0.42495,1.9561,4.1456,-15.564
45.283,1.4056,24.394,-1.5384,0.56686,0.23665,5.4563,-15.064
47.741,-4.5432,24.644,-1.4517,0.66115,-1.4828,6.6979,-14.456
50.685,-10.228,24.923,-1.3629,0.71614,-3.1538,7.8701,-13.758
54.086,-15.614,25.218,-1.2716,0.74342,-4.7666,8.9698,-12.976
57.915,-20.668,25.52,-1.1777,0.75304,-6.3262,9.9904,-12.115
62.137,-25.359,25.823,-1.081,0.75173,-7.8384,10.923,-11.176
66.715,-29.657,26.125,-0.98153,0.743,-9.3029,11.76,-10.167
71.61,-33.536,26.421,-0.8792,0.72794,-10.712,12.494,-9.0976
76.778,-36.973,26.71,-0.77397,0.70607,-12.05,13.121,-7.9795
82.177,-39.951,26.989,-0.66579,0.67618,-13.297,13.641,-6.8249
87.764,-42.459,27.254,-0.55464,0.63676,-14.426,14.056,-5.6457
93.497,-44.488,27.5,-0.4406,0.58636,-15.411,14.373,-4.4523
99.339,-46.035,27.724,-0.32384,0.52378,-16.222,14.597,-3.2527
105.25,-47.098,27.92,-0.20475,0.44825,-16.83,14.737,-2.0523
111.21,-47.677,28.083,-0.083905,0.35969,-17.207,14.801,-0.85406
117.17,-47.775,28.207,0.037903,0.25898,-17.332,14.794,0.34171
123.12,-47.39,28.289,0.15972,0.14818,-17.194,14.721,1.536
129.03,-46.525,28.325,0.28056,0.030635,-16.791,14.581,2.7301
134.87,-45.178,28.312,0.39949,-0.089258,-16.135,14.371,3.9242
140.6,-43.35,28.252,0.51582,-0.2066,-15.252,14.083,5.1161
146.2,-41.043,28.146,0.62912,-0.31673,-14.174,13.708,6.3003
151.63,-38.262,27.997,0.73919,-0.4159,-12.939,13.237,7.4682
156.85,-35.016,27.811,0.84605,-0.5017,-11.583,12.663,8.6084
161.82,-31.318,27.594,0.9498,-0.57312,-10.141,11.982,9.7076
166.49,-27.188,27.351,1.0506,-0.63025,-8.6401,11.194,10.751
170.82,-22.651,27.087,1.1485,-0.67397,-7.1048,10.303,11.726
174.77,-17.739,26.809,1.2431,-0.70422,-5.5619,9.3234,12.614
178.27,-12.474,26.519,1.3599,-0.74157,-3.9301,7.9369,13.503
181.08,-6.8458,26.203,1.5023,-0.83256,-1.9063,6.0355,14.388
183.11,-0.89335,25.844,1.6327,-0.93896,0.4146,4.1081,15.097
184.42,5.2995,25.453,1.7312,-0.98696,2.6197,2.5097,15.589
185.19,11.651,25.063,1.7944,-0.93406,4.3225,1.4056,15.896
185.6,18.095,24.714,1.8305,-0.79032,5.3659,0.7455,16.056
185.82,24.578,24.434,1.85,-0.59954,5.8236,0.39102,16.101
185.94,31.062,24.232,1.8605,-0.40839,5.8828,0.2141,16.067
186.01,37.523,24.102,1.8666,-0.24801,5.7346,0.12828,15.995
186.05,43.953,24.028,1.8704,-0.13086,5.5205,0.084723,15.914
186.08,50.352,23.992,1.8731,-0.055591,5.3227,0.059312,15.844
186.1,56.726,23.979,1.8751,-0.013688,5.1759,0.041648,15.793
186.11,63.083,23.978,1.8764,0.0053318,5.0844,0.027966,15.76
186.12,69.431,23.982,1.8774,0.010818,5.038,0.017206,15.742
186.13,75.773,23.986,1.878,0.0096877,5.0218,0.0091015,15.734
186.13,82.114,23.989,1.8783,0.0063124,5.0223,0.0034159,15.732
186.13,88.454,23.991,1.8785,0.0029967,5.0296,-0.00023874,15.733
186.13,94.796,23.992,1.8786,0.00064373,5.0379,-0.002353,15.735
186.13,101.14,23.992,1.8786,-0.00063999,5.0446,-0.003417,15.737
186.13,107.48,23.991,1.8786,-0.0011004,5.0489,-0.0038437,15.738
186.12,113.82,23.991,1.8786,-0.0010644,5.051,-0.0039357,15.739
186.12,120.17,23.99,1.8786,-0.00080666,5.0516,-0.003887,15.739
186.12,126.51,23.99,1.8786,-0.00050746,5.0514,-0.0038056,15.739
186.12,132.85,23.99,1.8826,-0.0016347,5.0571,-0.061232,15.729
186.09,139.2,23.987,1.8514,-0.004764,5.0993,0.36926,15.831
187.02,145.64,24.032,1.6237,0.2852,3.4819,4.0995,15.986
188.62,151.97,24.205,1.6939,0.48179,1.582,3.158,15.358
189.53,158.32,24.363,1.8085,0.25247,1.8949,1.368,15.137
