0.30083,34.905,34.856,20.372,8.667,-6.7446,3.5554,-3.4845,2.2617,-2.355
0.98556,33.896,33.891,36.195,-2.2567,-1.513,0.062705,-0.3015,-0.11015,-0.17039
1.6499,33.729,33.73,34.71,0.224,2.6607,-0.72927,0.093186,-0.47528,-0.82084
2.3119,33.682,33.686,32.25,-0.12586,-2.3838,-0.68814,0.50721,2.2507,1.6194
2.9739,33.65,33.647,34.541,0.19792,1.4941,4.2051,-0.32059,-5.2972,-0.48152
3.6359,33.824,33.822,32.758,-0.82706,-0.41206,-6.9801,-2.7102,8.8707,-0.47841
4.2979,34.022,34.023,35.885,3.4254,1.6142,5.3975,7.5146,-10.685,-3.5959
4.9598,34.128,34.135,31.26,-2.41,-4.3072,0.57639,-7.9715,4.7082,12.052
5.6218,34.14,34.129,33.348,-2.5442,0.67345,-5.8526,1.389,9.1772,-12.048
6.2838,34.119,34.12,37.159,3.5012,4.0066,5.6222,5.8027,-12.163,-4.6133
6.9458,34.099,34.108,33.992,1.4517,-1.1547,3.3716,-5.0555,-4.7081,13.48
7.6078,34.088,34.088,31.584,-2.5081,-3.1237,-6.6092,-5.3985,11.622,3.9093
8.2697,34.085,34.079,33.766,-1.2059,0.25616,-5.3348,4.243,6.8535,-11.455
8.9317,34.085,34.083,36.145,1.9668,2.4204,3.6578,7.6343,-7.6868,-8.5423
9.5937,34.086,34.09,35.475,2.1208,0.69046,7.5682,1.3047,-11.074,5.1537
10.256,34.087,34.091,33.13,-0.53076,-2.0446,3.0702,-5.9847,-1.5788,11.795
10.918,34.087,34.087,31.88,-2.7873,-2.5921,-3.7439,-6.9424,8.7392,5.9854
11.58,34.087,34.084,32.73,-2.6006,-0.66661,-6.4738,-1.9935,10.428,-4.7186
12.242,34.087,34.084,34.676,-0.44064,1.8487,-3.8332,3.8198,3.6817,-10.78
12.904,34.087,34.086,36.14,1.8855,3.0605,1.1849,6.216,-5.1252,-8.6031
13.566,34.087,34.088,36.247,2.8946,2.3757,4.8103,4.3215,-9.8638,-1.0234
14.228,34.087,34.09,35.146,2.2394,0.46932,5.101,0.087223,-8.3957,6.5313
14.89,34.079,34.081,33.609,0.54989,-1.481,2.4691,-3.7252,-2.5468,9.9442
15.552,34.04,34.041,32.447,-1.1884,-2.5503,-1.262,-5.2397,4.0451,8.1666
16.214,33.961,33.961,32.108,-2.2043,-2.4263,-4.1585,-4.1065,8.2158,2.8268
16.875,33.843,33.842,32.588,-2.2174,-1.371,-5.0767,-1.2206,8.5475,-3.2571
17.537,33.687,33.685,33.554,-1.4149,0.046328,-3.9228,1.9956,5.469,-7.567
18.199,33.495,33.493,34.56,-0.25116,1.2491,-1.4106,4.2846,0.59521,-8.7687
18.861,33.266,33.265,35.235,0.78524,1.8594,1.4031,4.9645,-4.1578,-6.878
19.523,33.001,33.001,35.387,1.3436,1.7719,3.5581,4.0149,-7.2883,-2.9138
20.185,32.698,32.699,35.019,1.2863,1.1178,4.4689,1.9225,-8.0749,1.6666
20.847,32.358,32.36,34.276,0.67738,0.16825,4.0077,-0.58109,-6.6015,5.4991
21.509,31.983,31.984,33.377,-0.28273,-0.77374,2.4359,-2.7777,-3.5463,7.6662
22.171,31.573,31.574,32.537,-1.3409,-1.4599,0.24909,-4.1457,0.12854,7.833
22.833,31.132,31.133,31.916,-2.2651,-1.7452,-1.9935,-4.445,3.4752,6.2007
23.495,30.666,30.666,31.594,-2.8938,-1.5996,-3.8108,-3.7124,5.7761,3.3441
24.157,30.181,30.18,31.572,-3.1565,-1.0894,-4.8877,-2.1968,6.6527,0.007986
24.819,29.686,29.685,31.784,-3.0688,-0.344,-5.1052,-0.26474,6.075,-3.0824
25.481,29.194,29.193,32.131,-2.712,0.48318,-4.5239,1.6941,4.2983,-5.3597
26.143,28.72,28.72,32.499,-2.2035,1.2487,-3.3366,3.3441,1.7609,-6.4894
26.805,28.254,28.254,32.782,-1.6757,1.8362,-1.8165,4.4451,-1.0363,-6.3916
27.467,27.772,27.772,32.899,-1.2481,2.1763,-0.2541,4.882,-3.6252,-5.1986
28.129,27.418,27.418,32.843,-0.96862,2.2841,1.1361,4.6914,-5.5923,-3.1661
28.791,27.281,27.281,32.622,-0.86046,2.1948,2.1942,3.9775,-6.6741,-0.66844
29.453,27.291,27.292,32.24,-0.945,1.9403,2.8005,2.8739,-6.804,1.8703
30.115,27.348,27.349,31.724,-1.2151,1.573,2.9073,1.5508,-6.0677,4.0814
30.777,27.395,27.396,31.125,-1.6279,1.1663,2.5471,0.19682,-4.6481,5.7035
31.439,27.419,27.42,30.505,-2.1176,0.79622,1.815,-1.0136,-2.7824,6.5928
32.101,27.426,27.427,29.925,-2.6124,0.52624,0.84191,-1.946,-0.72765,6.7134
32.763,27.425,27.426,29.433,-3.047,0.398,-0.23009,-2.5186,1.2702,6.1203
33.425,27.423,27.424,29.06,-3.3699,0.42964,-1.2673,-2.703,3.0005,4.9386
34.087,27.421,27.422,28.821,-3.5468,0.61781,-2.1577,-2.5181,4.3053,3.3397
34.749,27.42,27.42,28.714,-3.5613,0.94186,-2.8199,-2.02,5.0878,1.5169
35.411,27.42,27.42,28.726,-3.4139,1.3687,-3.2055,-1.2891,5.3138,-0.33626
36.073,27.42,27.42,28.833,-3.1191,1.8581,-3.2998,-0.41933,5.0054,-2.045
36.735,27.419,27.418,29.008,-2.7034,2.3667,-3.1181,0.49345,4.2315,-3.4672
37.397,27.437,27.436,29.225,-2.1925,2.8602,-2.6917,1.3688,3.0951,-4.4991
38.059,27.488,27.488,29.459,-1.6127,3.3075,-2.0627,2.1391,1.7049,-5.0837
38.721,27.457,27.457,29.652,-1.0277,3.6496,-1.321,2.715,0.15308,-5.2098
39.383,27.467,27.467,29.812,-0.44395,3.8923,-0.50707,3.0821,-1.3939,-4.8427
40.045,27.653,27.653,29.944,0.13471,4.0424,0.33852,3.2347,-2.7651,-4.007
40.707,28.023,28.023,30.032,0.67901,4.0838,1.1475,3.1549,-3.8355,-2.8018
41.369,28.528,28.528,30.052,1.1545,4.001,1.8456,2.838,-4.5244,-1.3642
42.031,29.108,29.109,29.994,1.5351,3.7915,2.3692,2.3042,-4.7899,0.15745
42.693,29.717,29.718,29.859,1.8086,3.4682,2.676,1.5995,-4.6261,1.6202
43.355,30.324,30.324,29.661,1.977,3.0566,2.7477,0.78819,-4.0612,2.8966
44.017,30.907,30.907,29.419,2.0532,2.5888,2.5897,-0.055936,-3.155,3.8817
44.679,31.454,31.454,29.161,2.0582,2.0994,2.2282,-0.8586,-1.9935,4.4994
45.341,31.954,31.955,28.912,2.0179,1.6215,1.7067,-1.5523,-0.68204,4.7074
46.003,32.403,32.403,28.697,1.9603,1.1836,1.0811,-2.0819,0.66452,4.4989
46.665,32.797,32.798,28.539,1.9128,0.80787,0.41461,-2.4095,1.9315,3.903
47.327,33.137,33.137,28.452,1.8998,0.50807,-0.22873,-2.5167,3.0142,2.9806
47.989,33.425,33.425,28.448,1.9398,0.28903,-0.78946,-2.4055,3.8262,1.8183
48.651,33.661,33.661,28.529,2.0442,0.1466,-1.2181,-2.0977,4.3062,0.52084
49.313,33.849,33.848,28.689,2.2163,0.068468,-1.4794,-1.632,4.4225,-0.79876
49.974,33.988,33.988,28.917,2.4506,0.035714,-1.555,-1.0598,4.1748,-2.0286
50.636,34.09,34.09,29.2,2.7364,0.02717,-1.4419,-0.43816,3.5959,-3.0654
51.298,34.148,34.148,29.512,3.052,0.015241,-1.1589,0.16927,2.7423,-3.8295
51.96,34.142,34.142,29.829,3.3683,-0.028657,-0.7433,0.70156,1.6878,-4.2666
52.622,34.116,34.115,30.137,3.6691,-0.11577,-0.22851,1.1205,0.53781,-4.338
53.284,34.096,34.095,30.421,3.933,-0.2588,0.34065,1.393,-0.59933,-4.0454
53.946,34.086,34.086,30.663,4.1358,-0.46974,0.9109,1.4951,-1.6241,-3.4274
54.608,34.084,34.084,30.851,4.2554,-0.75432,1.4289,1.4189,-2.451,-2.5501
55.27,34.085,34.085,30.975,4.2762,-1.1098,1.8478,1.1737,-3.0143,-1.4993
55.932,34.086,34.086,31.036,4.1902,-1.5251,2.1318,0.78563,-3.2718,-0.37202
56.594,34.087,34.087,31.039,3.9975,-1.9822,2.2587,0.29348,-3.2086,0.73149
57.256,34.087,34.087,30.997,3.7061,-2.4582,2.2218,-0.25504,-2.8373,1.7159
57.918,34.087,34.087,30.923,3.3308,-2.9273,2.0296,-0.80835,-2.1965,2.4987
58.58,34.087,34.087,30.838,2.8919,-3.363,1.7049,-1.3158,-1.3472,3.0168
59.242,34.087,34.087,30.758,2.4135,-3.7407,1.2819,-1.7324,-0.36662,3.2311
59.904,34.087,34.087,30.704,1.9216,-4.0391,0.80354,-2.0226,0.65839,3.13
60.566,34.087,34.087,30.689,1.4418,-4.2422,0.3168,-2.1631,1.6394,2.729
61.228,34.084,34.084,30.727,0.99671,-4.3416,-0.13227,-2.1461,2.4928,2.0682
61.89,34.058,34.057,30.819,0.60097,-4.339,-0.50598,-1.9813,3.1433,1.2064
62.552,33.994,33.994,30.966,0.26556,-4.2406,-0.77347,-1.6893,3.5357,0.22169
63.214,33.891,33.891,31.165,-0.0021337,-4.0565,-0.91212,-1.2995,3.6403,-0.79622
63.876,33.75,33.75,31.408,-0.20054,-3.8017,-0.91125,-0.84955,3.4539,-1.7564
64.538,33.573,33.573,31.683,-0.33468,-3.4957,-0.77399,-0.38245,2.9982,-2.5758
65.2,33.361,33.36,31.976,-0.41556,-3.1606,-0.51697,0.057229,2.3167,-3.1857
65.862,33.113,33.112,32.269,-0.45883,-2.8193,-0.16873,0.42795,1.4711,-3.5376
66.524,32.828,32.827,32.542,-0.48306,-2.4929,0.23322,0.69522,0.53492,-3.6061
67.186,32.506,32.506,32.78,-0.50784,-2.1994,0.64585,0.83484,-0.41248,-3.3908
67.848,32.149,32.148,32.969,-0.55193,-1.952,1.0247,0.83508,-1.2931,-2.915
68.51,31.757,31.756,33.097,-0.63155,-1.758,1.3277,0.6977,-2.0368,-2.2238
69.172,31.332,31.332,33.159,-0.75892,-1.619,1.5195,0.4377,-2.5869,-1.3792
69.834,30.88,30.88,33.153,-0.94123,-1.5302,1.5739,0.081951,-2.9051,-0.45453
70.496,30.406,30.406,33.083,-1.1799,-1.4817,1.4771,-0.33331,-2.9735,0.47228
71.158,29.918,29.919,32.957,-1.4707,-1.4593,1.2284,-0.76568,-2.7961,1.3252
71.82,29.427,29.427,32.787,-1.8036,-1.4458,0.84091,-1.1704,-2.3972,2.037
72.482,28.946,28.946,32.589,-2.1637,-1.4223,0.34042,-1.5041,-1.8189,2.5542
73.144,28.486,28.487,32.376,-2.5337,-1.3716,-0.23748,-1.7302,-1.1178,2.8406
73.806,27.998,27.999,32.15,-2.9096,-1.292,-0.86603,-1.8334,-0.37559,2.8686
74.468,27.55,27.55,31.941,-3.2568,-1.1558,-1.4832,-1.7793,0.34945,2.6656
75.13,27.311,27.311,31.796,-3.5174,-0.92638,-1.9975,-1.5388,1.0295,2.2938
75.792,27.27,27.27,31.714,-3.6841,-0.61808,-2.3736,-1.1459,1.6139,1.7806
76.454,27.319,27.319,31.669,-3.7771,-0.26575,-2.6131,-0.65837,2.0407,1.1483
77.116,27.376,27.376,31.643,-3.8118,0.10597,-2.7224,-0.12372,2.2675,0.44115
77.778,27.411,27.411,31.63,-3.7947,0.4851,-2.7054,0.42439,2.281,-0.27955
78.44,27.424,27.424,31.628,-3.7284,0.86485,-2.5675,0.95899,2.0922,-0.95111
79.102,27.426,27.426,31.635,-3.6168,1.2383,-2.32,1.4553,1.728,-1.5203
79.764,27.424,27.424,31.646,-3.467,1.5972,-1.9804,1.89,1.2256,-1.9485
80.426,27.422,27.422,31.654,-3.2882,1.9322,-1.5718,2.2432,0.62753,-2.212
81.088,27.421,27.421,31.653,-3.0908,2.235,-1.1202,2.4996,-0.021628,-2.3018
81.75,27.42,27.42,31.637,-2.8855,2.4987,-0.65271,2.6501,-0.6783,-2.2212
82.412,27.42,27.42,31.599,-2.6817,2.7187,-0.19512,2.6915,-1.3023,-1.9844
83.073,27.42,27.42,31.538,-2.4877,2.8924,0.22897,2.627,-1.8589,-1.6137
83.735,27.419,27.42,31.45,-2.3098,3.0202,0.59983,2.4649,-2.3201,-1.1373
84.397,27.265,27.265,31.151,-2.1419,3.1133,0.91352,2.2243,-2.6573,-0.57483
85.059,30.449,30.449,34.179,-2.0016,3.1583,1.1432,1.9005,-2.8716,0.026909
85.721,32.646,32.646,36.229,-1.8955,3.1567,1.2725,1.5091,-2.9604,0.63458
86.383,32.532,32.533,35.861,-1.7845,3.1511,1.3359,1.1064,-2.8799,1.2498
87.045,32.777,32.777,35.708,-1.6566,3.1519,1.3455,0.71413,-2.6204,1.8369
87.707,33.154,33.154,35.569,-1.5151,3.1542,1.3,0.33838,-2.1997,2.3462
88.369,33.62,33.621,35.438,-1.3652,3.1517,1.1976,-0.016018,-1.6497,2.7335
89.031,34.136,34.136,35.314,-1.2093,3.1421,1.041,-0.34076,-1.0093,2.9675
89.693,34.671,34.671,35.198,-1.0457,3.1272,0.83891,-0.62462,-0.31966,3.0317
90.355,35.207,35.208,35.096,-0.87006,3.1107,0.60413,-0.85593,0.37785,2.9231
91.017,35.73,35.731,35.012,-0.67706,3.0965,0.35222,-1.025,1.0431,2.6501
91.679,36.229,36.229,34.952,-0.46167,3.0876,0.099588,-1.1254,1.6392,2.2309
92.341,36.695,36.695,34.919,-0.21982,3.0852,-0.13773,-1.155,2.1338,1.6921
93.003,37.122,37.122,34.915,0.051205,3.0891,-0.34511,-1.1157,2.5012,1.0663
93.665,37.507,37.507,34.941,0.35248,3.0972,-0.51012,-1.0134,2.7237,0.39067
94.327,37.847,37.847,34.995,0.68328,3.1059,-0.62327,-0.85741,2.7921,-0.29559
94.989,38.144,38.144,35.076,1.0409,3.11,-0.67858,-0.66013,2.7062,-0.95359
95.651,38.399,38.399,35.178,1.4206,3.1034,-0.67403,-0.43619,2.4742,-1.5471
96.313,38.614,38.614,35.298,1.8156,3.0788,-0.61171,-0.20155,2.1123,-2.0444
96.975,38.79,38.79,35.427,2.2174,3.0288,-0.49771,0.027433,1.6432,-2.4202
97.637,38.929,38.929,35.56,2.6164,2.9459,-0.34163,0.23515,1.0945,-2.6565
98.299,39.031,39.031,35.687,3.0017,2.8235,-0.15596,0.40774,0.49764,-2.7437
98.961,39.106,39.106,35.806,3.3648,2.6581,0.047169,0.53604,-0.11193,-2.6782
99.623,39.139,39.138,35.904,3.691,2.4419,0.2484,0.60797,-0.70503,-2.4715
100.28,39.127,39.127,35.977,3.9699,2.1731,0.43143,0.61995,-1.2515,-2.137
100.95,39.106,39.106,36.028,4.2015,1.8603,0.59062,0.58003,-1.7145,-1.688
101.61,39.092,39.092,36.059,4.3825,1.5079,0.7174,0.49338,-2.0662,-1.1505
102.27,39.087,39.087,36.066,4.5075,1.119,0.80213,0.3649,-2.289,-0.55837
102.93,39.086,39.086,36.05,4.5728,0.6979,0.83716,0.202,-2.3741,0.051727
103.59,39.086,39.087,36.011,4.577,0.25129,0.81842,0.015149,-2.3202,0.64383
104.26,39.087,39.087,35.954,4.5213,-0.21227,0.74594,-0.18283,-2.1333,1.1846
104.92,39.088,39.088,35.881,4.4094,-0.68285,0.62372,-0.3779,-1.8265,1.6448
105.58,39.088,39.088,35.8,4.247,-1.1499,0.45933,-0.55602,-1.4185,2.0006
106.24,39.088,39.088,35.717,4.0413,-1.6027,0.26336,-0.70418,-0.93354,2.2343
106.9,39.088,39.088,35.638,3.8004,-2.0314,0.048712,-0.81131,-0.39911,2.3354
107.57,39.088,39.088,35.57,3.5334,-2.4268,-0.17017,-0.86901,0.15512,2.301
108.23,39.088,39.088,35.518,3.2493,-2.7812,-0.37817,-0.87205,0.69916,2.1355
108.89,39.088,39.088,35.487,2.9571,-3.0884,-0.56029,-0.81868,1.2044,1.8505
109.55,39.082,39.082,35.48,2.6631,-3.346,-0.70467,-0.71261,1.6429,1.462
110.21,39.047,39.047,35.495,2.3697,-3.5562,-0.80482,-0.56327,1.9874,0.98936
110.88,38.974,38.974,35.53,2.0805,-3.7195,-0.85439,-0.37966,2.2183,0.46006
111.54,38.862,38.862,35.586,1.7997,-3.8364,-0.84787,-0.1711,2.3247,-0.093766
112.2,38.714,38.714,35.662,1.5306,-3.9087,-0.78266,0.051242,2.3037,-0.63919
112.86,38.529,38.529,35.756,1.2745,-3.9401,-0.65999,0.27439,2.159,-1.145
113.52,38.309,38.309,35.863,1.0306,-3.9358,-0.48503,0.48441,1.9008,-1.5836
114.19,38.054,38.053,35.978,0.79671,-3.9019,-0.26659,0.66748,1.5451,-1.9316
114.85,37.761,37.761,36.096,0.56921,-3.8453,-0.016465,0.811,1.1126,-2.1716
115.51,37.433,37.433,36.21,0.3438,-3.7721,0.25124,0.90446,0.62771,-2.2923
116.17,37.069,37.068,36.314,0.11578,-3.6885,0.521,0.94019,0.11726,-2.2889
116.83,36.67,36.67,36.404,-0.11945,-3.5991,0.77676,0.91392,-0.39111,-2.1637
117.5,36.241,36.241,36.474,-0.36602,-3.5077,1.0029,0.82508,-0.87027,-1.9252
118.16,35.784,35.784,36.521,-0.62713,-3.4164,1.1852,0.67694,-1.295,-1.5879
118.82,35.308,35.308,36.544,-0.90472,-3.3257,1.3118,0.4765,-1.6433,-1.1712
119.48,34.82,34.82,36.542,-1.1991,-3.2344,1.3739,0.23418,-1.8972,-0.69838
120.14,34.33,34.33,36.516,-1.5089,-3.1397,1.3665,-0.036692,-2.0437,-0.19508
120.81,33.854,33.855,36.47,-1.8302,-3.0371,1.2891,-0.32028,-2.0749,0.31213
121.47,33.396,33.396,36.406,-2.1606,-2.9242,1.1425,-0.60281,-1.9918,0.79364
122.13,32.899,32.899,36.312,-2.5105,-2.8107,0.91598,-0.88181,-1.8176,1.211
122.79,32.481,32.481,36.22,-2.8469,-2.6637,0.64542,-1.1132,-1.5375,1.5711
123.45,32.288,32.288,36.166,-3.1287,-2.4506,0.37961,-1.258,-1.1291,1.8778
124.12,32.276,32.276,36.14,-3.3623,-2.1878,0.12174,-1.3294,-0.62333,2.0882
124.78,32.332,32.332,36.117,-3.568,-1.9021,-0.14088,-1.3513,-0.075524,2.1599
125.44,32.386,32.386,36.087,-3.7545,-1.6058,-0.41062,-1.3325,0.46451,2.0785
126.1,32.416,32.416,36.053,-3.9183,-1.298,-0.67745,-1.2698,0.95929,1.8538
126.76,32.426,32.426,36.022,-4.0507,-0.97357,-0.92554,-1.1577,1.3809,1.5092
127.43,32.427,32.427,36.001,-4.1432,-0.62896,-1.139,-0.99412,1.708,1.0741
128.09,32.424,32.424,35.995,-4.1899,-0.26388,-1.3047,-0.78231,1.9245,0.57991
128.75,32.422,32.422,36.004,-4.1878,0.11867,-1.4136,-0.53041,2.0201,0.059073
129.41,32.421,32.421,36.027,-4.1365,0.51335,-1.4603,-0.25004,1.9911,-0.45648
130.07,32.421,32.421,36.062,-4.0378,0.91332,-1.4437,0.045015,1.8401,-0.93629
130.74,32.421,32.421,36.106,-3.8958,1.3097,-1.3664,0.3391,1.5776,-1.3517
131.4,32.42,32.42,36.152,-3.718,1.6907,-1.2365,0.61478,1.2232,-1.6775
132.06,32.426,32.426,36.197,-3.5104,2.0499,-1.0629,0.86053,0.80189,-1.8974
132.72,32.469,32.469,36.245,-3.2713,2.3904,-0.84803,1.0736,0.34302,-1.9997
133.38,32.457,32.457,36.267,-3.0296,2.6848,-0.62651,1.2235,-0.15469,-2.0033
134.05,32.45,32.45,36.277,-2.7775,2.945,-0.39721,1.3217,-0.65242,-1.8898
134.71,32.574,32.574,36.298,-2.4913,3.1941,-0.14147,1.3903,-1.0914,-1.6419
135.37,32.854,32.854,36.331,-2.1727,3.4286,0.13489,1.4242,-1.4395,-1.28
136.03,33.258,33.258,36.364,-1.8351,3.6345,0.41302,1.4099,-1.6834,-0.84132
136.69,33.743,33.743,36.384,-1.4934,3.799,0.67173,1.3368,-1.8201,-0.36515
137.36,34.268,34.268,36.386,-1.159,3.9149,0.89323,1.2028,-1.852,0.11363
138.02,34.807,34.807,36.365,-0.83845,3.9807,1.0649,1.0128,-1.7846,0.56612
138.68,35.342,35.342,36.324,-0.53493,3.999,1.1792,0.77743,-1.6265,0.96881
139.34,35.859,35.859,36.266,-0.24906,3.9745,1.2325,0.51016,-1.39,1.303
140,36.349,36.349,36.194,0.020075,3.9131,1.225,0.22591,-1.0903,1.5545
140.67,36.804,36.804,36.115,0.27453,3.8211,1.16,-0.06012,-0.74508,1.7142
141.33,37.22,37.22,36.033,0.51716,3.7048,1.0438,-0.33327,-0.37351,1.778
141.99,37.593,37.594,35.953,0.7513,3.5703,0.88481,-0.58023,0.004732,1.7467
142.65,37.924,37.924,35.88,0.98038,3.423,0.69338,-0.78974,0.37041,1.6257
143.31,38.212,38.212,35.818,1.2075,3.2672,0.48079,-0.9531,0.70551,1.4248
143.98,38.459,38.459,35.771,1.4352,3.1059,0.2586,-1.0646,0.99399,1.1569
144.64,38.665,38.665,35.74,1.665,2.9412,0.037985,-1.1215,1.2225,0.83787
145.3,38.833,38.833,35.725,1.8974,2.7734,-0.17087,-1.1244,1.3806,0.48539
145.96,38.962,38.962,35.728,2.1317,2.6019,-0.35927,-1.0763,1.4619,0.11816
146.62,39.056,39.056,35.745,2.3666,2.4258,-0.51987,-0.9824,1.4637,-0.24446
147.29,39.123,39.123,35.778,2.6011,2.2443,-0.64572,-0.84876,1.3895,-0.58285
147.95,39.139,39.139,35.817,2.825,2.0487,-0.74049,-0.69039,1.2375,-0.8864
148.61,39.121,39.121,35.862,3.0382,1.8409,-0.79958,-0.51192,1.0201,-1.1352
149.27,39.101,39.101,35.917,3.2431,1.625,-0.81636,-0.31686,0.75729,-1.3116
149.93,39.09,39.09,35.979,3.4361,1.3991,-0.79158,-0.11532,0.46602,-1.4088
150.6,39.086,39.086,36.043,3.611,1.1592,-0.73033,0.08072,0.16173,-1.4266
151.26,39.086,39.086,36.105,3.7614,0.90203,-0.63964,0.26044,-0.14058,-1.3688
151.92,39.087,39.087,36.158,3.8816,0.62595,-0.52718,0.41534,-0.42614,-1.2417
152.58,39.088,39.087,36.202,3.967,0.33085,-0.40064,0.53943,-0.68104,-1.0544
153.24,39.088,39.088,36.234,4.0142,0.018085,-0.26751,0.62913,-0.89288,-0.81823
153.91,39.088,39.088,36.253,4.0211,-0.3098,-0.13469,0.68305,-1.0515,-0.54655
154.57,39.088,39.088,36.26,3.9864,-0.64922,-0.0083147,0.70181,-1.1496,-0.25408
155.23,39.088,39.088,36.254,3.9102,-0.99574,0.10658,0.68781,-1.1828,0.043721
155.89,39.088,39.088,36.238,3.7937,-1.3442,0.20625,0.64497,-1.1503,0.33146
156.55,39.088,39.088,36.215,3.6392,-1.6891,0.2884,0.5784,-1.054,0.59457
157.22,39.088,39.088,36.185,3.45,-2.0244,0.35214,0.49389,-0.89959,0.81989
157.88,39.075,39.075,36.151,3.2271,-2.3472,0.39475,0.39484,-0.69835,0.99366
158.54,39.028,39.029,36.111,2.9709,-2.6555,0.4131,0.28438,-0.46608,1.1049
159.2,38.943,38.943,36.067,2.6852,-2.9439,0.40829,0.16919,-0.21698,1.1501
159.86,38.819,38.819,36.023,2.3761,-3.2063,0.38413,0.056918,0.035845,1.1304
160.53,38.658,38.658,35.983,2.0497,-3.4372,0.34534,-0.045851,0.27976,1.0501
161.19,38.461,38.461,35.95,1.7116,-3.6326,0.29674,-0.13428,0.50262,0.91588
161.85,38.229,38.229,35.926,1.3668,-3.7901,0.24284,-0.20532,0.69326,0.73631
162.51,37.96,37.96,35.911,1.0194,-3.9083,0.18764,-0.25755,0.8421,0.52187
163.17,37.655,37.655,35.905,0.67297,-3.987,0.13453,-0.2909,0.94174,0.28451
163.84,37.313,37.313,35.909,0.33036,-4.0271,0.08618,-0.30652,0.98736,0.037113
164.5,36.935,36.935,35.92,-0.0062115,-4.03,0.044405,-0.30644,0.97695,-0.20708
165.16,36.524,36.524,35.938,-0.33512,-3.9977,0.010191,-0.2934,0.91153,-0.43514
165.82,36.084,36.084,35.96,-0.65523,-3.9328,-0.016277,-0.27052,0.79503,-0.63503
166.48,35.618,35.618,35.985,-0.96575,-3.838,-0.035486,-0.241,0.6342,-0.79625
167.14,35.135,35.135,36.011,-1.2661,-3.716,-0.048405,-0.20787,0.43835,-0.91029
167.81,34.643,34.643,36.036,-1.5555,-3.5693,-0.05623,-0.17371,0.21891,-0.97111
168.47,34.155,34.155,36.059,-1.8332,-3.3999,-0.060076,-0.14041,-0.010967,-0.97534
169.13,33.687,33.687,36.081,-2.0972,-3.209,-0.060143,-0.1086,-0.23645,-0.92214
169.79,33.218,33.218,36.091,-2.3548,-3.0064,-0.066057,-0.087299,-0.45249,-0.82263
170.45,32.729,32.729,36.085,-2.6124,-2.7989,-0.087378,-0.080859,-0.65586,-0.6856
171.12,32.388,32.388,36.099,-2.8299,-2.55,-0.085509,-0.05151,-0.79514,-0.48231
171.78,32.272,32.272,36.145,-2.9906,-2.2518,-0.042706,0.0069277,-0.84058,-0.22191
172.44,32.294,32.294,36.2,-3.1165,-1.9333,0.018542,0.063952,-0.80834,0.047729
173.1,32.354,32.354,36.239,-3.2311,-1.6208,0.0715,0.094735,-0.72578,0.28601
173.76,32.399,32.399,36.253,-3.344,-1.3229,0.1024,0.09359,-0.61237,0.47413
174.43,32.421,32.421,36.246,-3.4538,-1.0375,0.10878,0.067235,-0.47921,0.60823
175.09,32.427,32.427,36.222,-3.5548,-0.75848,0.093572,0.026086,-0.33364,0.69055
175.75,32.426,32.426,36.189,-3.6415,-0.48089,0.061104,-0.020469,-0.18257,0.72478
176.41,32.424,32.424,36.151,-3.7093,-0.20172,0.01552,-0.065373,-0.033501,0.71486
177.07,32.422,32.422,36.111,-3.755,0.080252,-0.039439,-0.10368,0.10572,0.66532
177.74,32.421,32.421,36.07,-3.7764,0.36506,-0.1003,-0.13205,0.22754,0.58171
178.4,32.421,32.421,36.031,-3.7718,0.65188,-0.16378,-0.14838,0.32535,0.47076
179.06,32.421,32.421,35.994,-3.7403,0.9393,-0.22684,-0.15162,0.39391,0.34025
179.72,32.42,32.42,35.96,-3.6819,1.225,-0.28721,-0.14203,0.42919,0.19831
180.38,32.442,32.442,35.933,-3.5905,1.513,-0.33643,-0.1145,0.43586,0.059165
181.05,32.477,32.477,35.91,-3.4699,1.796,-0.37543,-0.075627,0.41169,-0.074501
181.71,32.445,32.445,35.873,-3.3411,2.0533,-0.42359,-0.044094,0.33694,-0.21019
182.37,32.478,32.478,35.852,-3.1735,2.3146,-0.44813,0.010855,0.24772,-0.30714
183.03,32.662,32.662,35.864,-2.9491,2.5924,-0.4267,0.099648,0.17391,-0.34916
183.69,32.995,32.995,35.904,-2.6724,2.8763,-0.36005,0.20856,0.12306,-0.34718
184.36,33.436,33.436,35.96,-2.3564,3.1496,-0.25914,0.3179,0.09152,-0.31956
185.02,33.94,33.94,36.019,-2.0141,3.3979,-0.13684,0.41139,0.072341,-0.28186
185.68,34.474,34.473,36.074,-1.6555,3.6122,-0.0041995,0.47898,0.05941,-0.24381
186.34,35.013,35.013,36.122,-1.2873,3.7876,0.13018,0.51598,0.048464,-0.2101
187,35.542,35.542,36.161,-0.91453,3.9221,0.25945,0.5213,0.036718,-0.18227
187.67,36.05,36.05,36.191,-0.54092,4.0152,0.37794,0.49603,0.022368,-0.16013
188.33,36.527,36.527,36.212,-0.16977,4.0674,0.48084,0.44277,0.0043701,-0.14257
188.99,36.968,36.968,36.225,0.19609,4.0796,0.56431,0.36525,-0.017577,-0.12789
189.65,37.367,37.367,36.231,0.55421,4.0532,0.62546,0.26801,-0.043031,-0.11417
190.31,37.725,37.725,36.231,0.90243,3.9903,0.66242,0.1562,-0.0709,-0.099541
190.98,38.039,38.039,36.226,1.2388,3.8928,0.67423,0.035205,-0.099629,-0.082454
191.64,38.311,38.311,36.217,1.5613,3.7628,0.66074,-0.089621,-0.12746,-0.061928
192.3,38.543,38.543,36.205,1.8682,3.6024,0.62252,-0.21316,-0.15265,-0.037641
192.96,38.734,38.734,36.19,2.1573,3.4136,0.56075,-0.33066,-0.1737,-0.0099267
193.62,38.887,38.887,36.173,2.4266,3.1983,0.47717,-0.43787,-0.18951,0.020317
194.29,39.002,39.002,36.154,2.674,2.9584,0.37392,-0.53116,-0.19954,0.051684
194.95,39.086,39.086,36.134,2.899,2.6973,0.25531,-0.6059,-0.20206,0.084061
195.61,39.136,39.136,36.112,3.0987,2.4159,0.12363,-0.66094,-0.19814,0.11419
196.27,39.133,39.134,36.083,3.2666,2.1121,-0.022607,-0.69829,-0.19388,0.13688
196.93,39.112,39.112,36.057,3.4092,1.7966,-0.17144,-0.70827,-0.18224,0.15935
197.6,39.096,39.096,36.036,3.5306,1.4758,-0.31307,-0.68678,-0.15826,0.18349
198.26,39.088,39.088,36.022,3.6301,1.1516,-0.44236,-0.63574,-0.12208,0.20584
198.92,39.086,39.086,36.012,3.7059,0.82419,-0.55609,-0.55912,-0.07632,0.22198
199.58,39.086,39.086,36.005,3.7565,0.4945,-0.65148,-0.46117,-0.024333,0.22856
200.24,39.087,39.087,36.001,3.7811,0.1641,-0.72582,-0.34589,0.030502,0.22378
200.91,39.088,39.088,36,3.7796,-0.16485,-0.77655,-0.21728,0.085048,0.20718
201.57,39.088,39.088,36.001,3.7524,-0.48993,-0.80152,-0.079406,0.13649,0.17941
202.23,39.088,39.088,36.005,3.7003,-0.80864,-0.7992,0.063421,0.18238,0.14189
202.89,39.088,39.088,36.012,3.6243,-1.1186,-0.76879,0.20672,0.22078,0.096639
203.55,39.088,39.088,36.023,3.5254,-1.4173,-0.71028,0.34593,0.25028,0.046102
204.22,39.088,39.088,36.037,3.4052,-1.7028,-0.62449,0.47652,0.27013,-0.0070265
204.88,39.088,39.088,36.056,3.265,-1.9728,-0.51298,0.5942,0.28032,-0.059909
205.54,39.086,39.086,36.078,3.1057,-2.2264,-0.37898,0.69412,0.28061,-0.11067
206.2,39.061,39.061,36.1,2.9244,-2.4659,-0.23042,0.7688,0.26717,-0.16055
206.86,39,39,36.118,2.7194,-2.6923,-0.075017,0.81355,0.23742,-0.2084
207.53,38.899,38.899,36.133,2.492,-2.9035,0.082034,0.82772,0.19245,-0.25001
208.19,38.76,38.76,36.144,2.2443,-3.0968,0.23629,0.81219,0.13525,-0.281
208.85,38.585,38.585,36.154,1.9785,-3.2701,0.38317,0.7683,0.069474,-0.2982
209.51,38.374,38.374,36.161,1.6962,-3.422,0.51785,0.69765,-0.0011184,-0.29992
210.17,38.128,38.128,36.166,1.3991,-3.5516,0.63542,0.60235,-0.072884,-0.28584
210.84,37.844,37.844,36.167,1.0883,-3.6583,0.73122,0.48514,-0.14241,-0.25669
211.5,37.525,37.525,36.165,0.76536,-3.7415,0.80114,0.34954,-0.20657,-0.21408
212.16,37.168,37.168,36.157,0.43175,-3.8007,0.84186,0.19982,-0.26266,-0.16025
212.82,36.777,36.777,36.146,0.089275,-3.8355,0.85103,0.04096,-0.30841,-0.097898
213.48,36.354,36.354,36.129,-0.25998,-3.8452,0.82747,-0.12154,-0.34205,-0.030015
214.15,35.903,35.903,36.107,-0.61357,-3.829,0.77131,-0.28176,-0.36229,0.040329
214.81,35.429,35.429,36.082,-0.96862,-3.7861,0.68406,-0.43355,-0.36826,0.11014
215.47,34.941,34.941,36.054,-1.3217,-3.7155,0.56874,-0.57075,-0.35943,0.17668
216.13,34.449,34.449,36.024,-1.669,-3.616,0.42987,-0.68738,-0.33549,0.23752
216.79,33.967,33.967,35.995,-2.0057,-3.4863,0.27364,-0.77774,-0.29602,0.29084
217.46,33.506,33.506,35.968,-2.3274,-3.3256,0.10682,-0.83767,-0.24138,0.33431
218.12,33.02,33.02,35.931,-2.6444,-3.1474,-0.078495,-0.87732,-0.1883,0.35335
218.78,32.568,32.568,35.899,-2.9403,-2.9377,-0.26355,-0.87962,-0.1278,0.36313
219.44,32.318,32.318,35.91,-3.1724,-2.6621,-0.40014,-0.81073,-0.019174,0.3944
220.1,32.271,32.271,35.958,-3.341,-2.3321,-0.48234,-0.68596,0.13592,0.4281
220.77,32.317,32.317,36.015,-3.4709,-1.9805,-0.53179,-0.54113,0.30507,0.42792
221.43,32.375,32.375,36.062,-3.5799,-1.6281,-0.56583,-0.3988,0.45804,0.3758
222.09,32.411,32.411,36.096,-3.6725,-1.2808,-0.58983,-0.26528,0.57708,0.27423
222.75,32.425,32.425,36.119,-3.7458,-0.93698,-0.60204,-0.13917,0.65414,0.13642
223.41,32.427,32.427,36.135,-3.7955,-0.59387,-0.59902,-0.01831,0.68635,-0.021798
224.08,32.425,32.425,36.149,-3.8186,-0.25066,-0.57859,0.097479,0.67337,-0.18566
224.74,32.423,32.423,36.161,-3.814,0.091501,-0.54055,0.20635,0.61665,-0.34239
225.4,32.422,32.421,36.17,-3.7818,0.43009,-0.48646,0.30526,0.51934,-0.4811
226.06,32.421,32.421,36.177,-3.7235,0.76191,-0.41922,0.39077,0.38643,-0.59273
226.72,32.421,32.421,36.18,-3.641,1.0835,-0.3427,0.45966,0.22464,-0.67014
227.39,32.421,32.421,36.177,-3.5369,1.3914,-0.26151,0.5092,0.042048,-0.70834
228.05,32.422,32.422,36.168,-3.4136,1.6827,-0.18032,0.53793,-0.15192,-0.70414
228.71,32.463,32.463,36.159,-3.2646,1.9632,-0.094365,0.55322,-0.3374,-0.64932
229.37,32.467,32.467,36.131,-3.112,2.211,-0.02768,0.53524,-0.52383,-0.56624
230.03,32.443,32.443,36.086,-2.9565,2.4287,0.016071,0.49119,-0.70247,-0.45174
230.7,32.532,32.532,36.057,-2.7659,2.648,0.06897,0.4554,-0.82794,-0.28061
231.36,32.779,32.779,36.051,-2.5328,2.872,0.14006,0.43205,-0.87932,-0.063061
232.02,33.161,33.161,36.061,-2.2657,3.0893,0.2223,0.41012,-0.85631,0.17301
232.68,33.632,33.632,36.074,-1.9766,3.2863,0.30392,0.37776,-0.76887,0.39851
233.34,34.152,34.152,36.083,-1.6755,3.4539,0.37476,0.32831,-0.63052,0.59074
234,34.69,34.69,36.085,-1.3684,3.5881,0.42839,0.26092,-0.45527,0.73497
234.67,35.227,35.227,36.081,-1.0583,3.6885,0.46182,0.17875,-0.25686,0.82325
235.33,35.749,35.749,36.07,-0.74663,3.7562,0.47443,0.086894,-0.04871,0.85283
235.99,36.245,36.245,36.056,-0.43392,3.7934,0.46721,-0.0089308,0.1562,0.82502
236.65,36.708,36.708,36.041,-0.12038,3.8023,0.44231,-0.10312,0.34586,0.74456
237.31,37.133,37.133,36.026,0.19392,3.7852,0.40271,-0.19061,0.50978,0.61905
237.98,37.516,37.516,36.015,0.50881,3.744,0.35198,-0.26712,0.63952,0.45832
238.64,37.856,37.856,36.009,0.82389,3.6803,0.2939,-0.32947,0.72895,0.27366
239.3,38.153,38.153,36.009,1.1383,3.595,0.23213,-0.37566,0.77441,0.077089
239.96,38.409,38.409,36.014,1.4505,3.4887,0.16992,-0.405,0.77471,-0.11943
240.62,38.625,38.625,36.025,1.7584,3.3613,0.10979,-0.41797,0.73098,-0.3046
241.29,38.801,38.8,36.041,2.0591,3.2123,0.053488,-0.41608,0.64649,-0.46837
241.95,38.938,38.938,36.061,2.3492,3.041,0.0018589,-0.40162,0.52639,-0.60229
242.61,39.039,39.039,36.081,2.6248,2.8465,-0.045006,-0.37723,0.37743,-0.69979
243.27,39.113,39.113,36.104,2.8843,2.6304,-0.085303,-0.34375,0.21009,-0.75452
243.93,39.14,39.14,36.12,3.118,2.3869,-0.12555,-0.3094,0.027742,-0.76985
244.6,39.125,39.125,36.129,3.3227,2.1177,-0.16664,-0.27459,-0.16016,-0.74342
245.26,39.105,39.104,36.139,3.5031,1.8315,-0.20157,-0.2335,-0.33554,-0.66984
245.92,39.091,39.091,36.148,3.6582,1.531,-0.22869,-0.18685,-0.48599,-0.55353
246.58,39.086,39.086,36.155,3.7847,1.2161,-0.24959,-0.13816,-0.60389,-0.40428
247.24,39.086,39.086,36.158,3.8788,0.88721,-0.26658,-0.090649,-0.68451,-0.23355
247.91,39.087,39.087,36.155,3.9381,0.54582,-0.28143,-0.046221,-0.72513,-0.052779
248.57,39.087,39.087,36.146,3.9613,0.19473,-0.295,-0.0054293,-0.72481,0.12721
249.23,39.088,39.088,36.131,3.9484,-0.16232,-0.30732,0.032111,-0.68445,0.29647
249.89,39.088,39.088,36.112,3.9001,-0.52104,-0.31767,0.067335,-0.60679,0.44611
250.55,39.088,39.088,36.091,3.8183,-0.87681,-0.32471,0.10142,-0.49629,0.56861
251.22,39.088,39.088,36.068,3.7051,-1.2249,-0.32664,0.13553,-0.3589,0.65806
251.88,39.088,39.088,36.047,3.5636,-1.5607,-0.32133,0.17067,-0.20168,0.71043
252.54,39.088,39.088,36.03,3.3971,-1.8798,-0.30639,0.2075,-0.032436,0.72367
253.2,39.088,39.088,36.018,3.2094,-2.1781,-0.27938,0.24626,0.14075,0.6978
253.86,39.08,39.08,36.011,3.0021,-2.4541,-0.24047,0.28444,0.30741,0.63269
254.53,39.041,39.041,36.006,2.7739,-2.709,-0.19312,0.31737,0.45438,0.5288
255.19,38.964,38.964,36.003,2.5268,-2.9413,-0.13853,0.34359,0.57216,0.39245
255.85,38.847,38.847,36.004,2.2643,-3.1479,-0.07634,0.36333,0.65504,0.23349
256.51,38.693,38.693,36.01,1.9899,-3.3263,-0.0063846,0.37653,0.69982,0.062725
257.17,38.504,38.504,36.021,1.7067,-3.4753,0.070561,0.38232,0.70521,-0.10933
257.84,38.278,38.278,36.037,1.4167,-3.5947,0.15261,0.37915,0.67166,-0.27296
258.5,38.016,38.016,36.057,1.1214,-3.6851,0.23692,0.36522,0.60136,-0.41943
259.16,37.718,37.718,36.079,0.82145,-3.7476,0.31989,0.33887,0.49814,-0.54124
259.82,37.383,37.383,36.101,0.51757,-3.7837,0.39744,0.29885,0.36742,-0.63232
260.48,37.012,37.012,36.121,0.21003,-3.7949,0.46525,0.24459,0.21586,-0.68825
261.15,36.608,36.608,36.138,-0.10089,-3.7828,0.51905,0.17631,0.051164,-0.70639
261.81,36.172,36.172,36.15,-0.41482,-3.7486,0.5549,0.095193,-0.11833,-0.68597
262.47,35.711,35.711,36.156,-0.73114,-3.6935,0.56952,0.0034174,-0.28394,-0.62809
263.13,35.23,35.23,36.155,-1.0488,-3.6178,0.5606,-0.095858,-0.43699,-0.53559
263.79,34.739,34.739,36.147,-1.3661,-3.5217,0.52708,-0.19855,-0.56913,-0.4129
264.46,34.248,34.248,36.132,-1.6805,-3.4047,0.46941,-0.29976,-0.67259,-0.26581
265.12,33.775,33.775,36.113,-1.9885,-3.2651,0.39028,-0.39359,-0.73994,-0.1008
265.78,33.312,33.312,36.086,-2.2912,-3.107,0.28794,-0.47967,-0.7711,0.06906
266.44,32.818,32.818,36.041,-2.5979,-2.9405,0.15273,-0.56308,-0.77788,0.22604
267.1,32.437,32.437,36.013,-2.8722,-2.7319,0.02235,-0.60626,-0.72656,0.39488
267.77,32.28,32.28,36.025,-3.0857,-2.4621,-0.07013,-0.58995,-0.58867,0.5794
268.43,32.285,32.285,36.057,-3.2532,-2.1552,-0.13553,-0.53946,-0.38411,0.73963
269.09,32.343,32.342,36.086,-3.3979,-1.8392,-0.19569,-0.48268,-0.14963,0.83788
269.75,32.392,32.392,36.099,-3.5305,-1.5263,-0.26149,-0.43015,0.085501,0.85958
270.41,32.419,32.419,36.098,-3.6501,-1.2163,-0.33236,-0.37962,0.30282,0.80836
271.08,32.427,32.427,36.089,-3.7509,-0.90482,-0.40233,-0.32489,0.49064,0.6962
271.74,32.426,32.426,36.078,-3.8272,-0.58825,-0.46472,-0.26121,0.64046,0.53739
272.4,32.424,32.424,36.067,-3.8748,-0.26529,-0.51419,-0.18679,0.7456,0.34625
273.06,32.422,32.422,36.06,-3.8916,0.063186,-0.54721,-0.10247,0.80119,0.13676
273.72,32.421,32.421,36.055,-3.8766,0.39486,-0.56186,-0.010887,0.80463,-0.077413
274.39,32.421,32.421,36.053,-3.8303,0.72654,-0.55767,0.084252,0.7559,-0.28316
275.05,32.421,32.421,36.053,-3.7539,1.0545,-0.53544,0.17867,0.65773,-0.46828
275.71,32.42,32.42,36.052,-3.6496,1.3743,-0.49749,0.26762,0.51504,-0.62235
276.37,32.433,32.433,36.053,-3.5163,1.6859,-0.44299,0.35051,0.33927,-0.73293
277.03,32.476,32.477,36.057,-3.3533,1.9873,-0.37163,0.42506,0.14443,-0.7928
277.7,32.451,32.451,36.038,-3.1888,2.2516,-0.31324,0.46526,-0.08493,-0.82052
278.36,32.461,32.461,36.021,-3.0003,2.5029,-0.24717,0.49717,-0.31236,-0.7858
279.02,32.616,32.616,36.028,-2.7656,2.76,-0.15051,0.53931,-0.49644,-0.67285
279.68,32.923,32.923,36.057,-2.4872,3.0163,-0.024771,0.58343,-0.62134,-0.4982
280.34,33.348,33.348,36.095,-2.1777,3.2565,0.11717,0.61369,-0.68638,-0.28937
281.01,33.844,33.843,36.131,-1.8503,3.4674,0.26043,0.61728,-0.69743,-0.072481
281.67,34.374,34.374,36.158,-1.515,3.6407,0.39279,0.58811,-0.66211,0.13244
282.33,34.914,34.914,36.174,-1.178,3.7734,0.50571,0.52606,-0.58818,0.31157
282.99,35.446,35.446,36.179,-0.8428,3.8654,0.59377,0.43497,-0.48362,0.45587
283.65,35.958,35.958,36.173,-0.51147,3.9184,0.65382,0.32085,-0.35684,0.55984
284.32,36.442,36.442,36.159,-0.18522,3.9349,0.68456,0.19075,-0.21661,0.62092
284.98,36.889,36.889,36.139,0.13532,3.9177,0.68625,0.052155,-0.071723,0.63913
285.64,37.297,37.297,36.117,0.44991,3.8698,0.66062,-0.0875,0.069507,0.61689
286.3,37.662,37.662,36.093,0.75849,3.7944,0.61055,-0.22125,0.19957,0.55858
286.96,37.984,37.984,36.071,1.061,3.694,0.53982,-0.34297,0.31204,0.47016
287.63,38.264,38.264,36.053,1.3571,3.5709,0.45268,-0.44771,0.40172,0.35863
288.29,38.503,38.503,36.039,1.6462,3.427,0.35359,-0.53183,0.46476,0.23159
288.95,38.702,38.702,36.03,1.9269,3.2634,0.24688,-0.59308,0.49867,0.096868
289.61,38.862,38.862,36.026,2.1976,3.0809,0.13655,-0.63055,0.50239,-0.037865
290.27,38.984,38.984,36.026,2.456,2.8797,0.026013,-0.64459,0.47617,-0.16546
290.94,39.073,39.072,36.03,2.7004,2.6609,-0.080803,-0.63555,0.42269,-0.27845
291.6,39.131,39.131,36.038,2.9285,2.425,-0.18081,-0.60532,0.34579,-0.37129
292.26,39.137,39.137,36.041,3.131,2.1661,-0.27866,-0.56217,0.2429,-0.44497
292.92,39.116,39.116,36.046,3.3114,1.8918,-0.3666,-0.50171,0.12553,-0.48868
293.58,39.098,39.098,36.056,3.4729,1.6079,-0.43716,-0.42221,0.0066491,-0.49627
294.25,39.089,39.089,36.069,3.6135,1.3149,-0.48858,-0.32809,-0.10569,-0.46966
294.91,39.086,39.086,36.084,3.7294,1.0119,-0.52177,-0.22552,-0.20616,-0.41416
295.57,39.086,39.086,36.098,3.8172,0.69856,-0.53833,-0.12009,-0.29063,-0.33598
296.23,39.087,39.087,36.108,3.8743,0.37583,-0.53984,-0.016199,-0.35568,-0.24139
296.89,39.088,39.088,36.115,3.8993,0.045637,-0.52762,0.082874,-0.39863,-0.13657
297.56,39.088,39.088,36.117,3.8915,-0.28932,-0.50285,0.17475,-0.41771,-0.027617
298.22,39.088,39.088,36.116,3.8509,-0.62583,-0.46654,0.25771,-0.41224,0.079534
298.88,39.088,39.088,36.112,3.7784,-0.96035,-0.4196,0.33059,-0.38266,0.17928
299.54,39.088,39.088,36.106,3.6753,-1.2891,-0.36281,0.39266,-0.33051,0.26657
300.2,39.088,39.088,36.1,3.5436,-1.6083,-0.29681,0.44351,-0.25834,0.33712
300.86,39.088,39.088,36.094,3.3857,-1.914,-0.22204,0.48311,-0.16943,0.38763
301.53,39.087,39.087,36.091,3.2041,-2.203,-0.13932,0.51111,-0.06818,0.41539
302.19,39.068,39.068,36.087,2.9979,-2.4755,-0.053251,0.52414,0.03662,0.4159
302.85,39.014,39.014,36.081,2.7664,-2.7315,0.031233,0.51998,0.13544,0.38742
303.51,38.92,38.92,36.073,2.5123,-2.9677,0.11229,0.50015,0.22215,0.3334
304.17,38.788,38.788,36.066,2.2393,-3.1805,0.18937,0.46722,0.29275,0.25944
304.84,38.619,38.619,36.062,1.9511,-3.3669,0.26192,0.42345,0.34438,0.17165
305.5,38.414,38.414,36.06,1.6508,-3.5249,0.32895,0.37042,0.37495,0.075965
306.16,38.174,38.174,36.061,1.341,-3.6537,0.38901,0.30927,0.38318,-0.021917
306.82,37.897,37.897,36.064,1.0238,-3.7528,0.4403,0.24089,0.36874,-0.11659
307.48,37.583,37.583,36.069,0.70089,-3.8225,0.48087,0.16616,0.33233,-0.20303
308.15,37.233,37.233,36.075,0.37387,-3.8635,0.5087,0.08615,0.27569,-0.27669
308.81,36.848,36.848,36.081,0.04412,-3.8764,0.52193,0.0021488,0.20158,-0.33374
309.47,36.43,36.43,36.085,-0.28701,-3.8621,0.51896,-0.084212,0.11368,-0.37111
310.13,35.983,35.983,36.086,-0.61813,-3.8215,0.49863,-0.17093,0.016484,-0.3867
310.79,35.513,35.513,36.085,-0.94764,-3.7553,0.46041,-0.25561,-0.084859,-0.3794
311.46,35.026,35.026,36.08,-1.2736,-3.664,0.40461,-0.33545,-0.18467,-0.34915
312.12,34.534,34.534,36.072,-1.5938,-3.5478,0.33248,-0.40733,-0.2769,-0.29692
312.78,34.048,34.049,36.062,-1.9051,-3.4065,0.24655,-0.46778,-0.35525,-0.22466
313.44,33.585,33.585,36.052,-2.2038,-3.2396,0.15069,-0.51319,-0.41324,-0.13528
314.1,33.107,33.107,36.029,-2.499,-3.0587,0.036052,-0.55231,-0.45906,-0.044444
314.77,32.635,32.635,36,-2.7849,-2.8592,-0.091512,-0.57677,-0.48834,0.050137
315.43,32.345,32.345,36.004,-3.0178,-2.6035,-0.18559,-0.54801,-0.45546,0.17861
316.09,32.269,32.269,36.044,-3.1902,-2.2946,-0.23432,-0.47125,-0.35024,0.32469
316.75,32.307,32.307,36.093,-3.326,-1.9638,-0.25927,-0.37969,-0.20064,0.44576
317.41,32.366,32.366,36.13,-3.445,-1.6339,-0.28081,-0.29622,-0.037983,0.51384
318.08,32.406,32.406,36.149,-3.5534,-1.3118,-0.30665,-0.22623,0.11714,0.52279
318.74,32.424,32.424,36.154,-3.6483,-0.99496,-0.33551,-0.16565,0.25344,0.47949
319.4,32.427,32.427,36.15,-3.7246,-0.67933,-0.36291,-0.10876,0.36435,0.39531
320.06,32.425,32.426,36.143,-3.7777,-0.36224,-0.38466,-0.051719,0.44524,0.28191
320.72,32.423,32.423,36.133,-3.8047,-0.043186,-0.39796,0.0068516,0.49256,0.15019
321.39,32.422,32.422,36.124,-3.8046,0.27666,-0.4014,0.066505,0.50404,0.010348
322.05,32.421,32.421,36.114,-3.7769,0.59513,-0.39472,0.1257,0.479,-0.12799
322.71,32.421,32.421,36.103,-3.7224,0.90951,-0.37851,0.18237,0.41865,-0.25581
323.37,32.421,32.421,36.092,-3.6423,1.2167,-0.35422,0.23418,0.32598,-0.36507
324.03,32.42,32.42,36.077,-3.5385,1.5135,-0.32408,0.27875,0.20548,-0.44909
324.7,32.454,32.454,36.068,-3.4045,1.8049,-0.2816,0.32204,0.072581,-0.49496
325.36,32.473,32.473,36.049,-3.2555,2.0742,-0.2422,0.34806,-0.077796,-0.51433
326.02,32.442,32.442,36.012,-3.1026,2.3128,-0.21863,0.3511,-0.24873,-0.5091
326.68,32.505,32.505,35.991,-2.913,2.553,-0.17768,0.36517,-0.39502,-0.44555
327.34,32.726,32.726,35.997,-2.6753,2.8014,-0.10592,0.39629,-0.49014,-0.32352
328.01,33.087,33.087,36.022,-2.3971,3.0466,-0.0090059,0.43179,-0.52917,-0.16492
328.67,33.546,33.546,36.055,-2.0911,3.2735,0.10044,0.45635,-0.51797,0.0043115
329.33,34.06,34.06,36.085,-1.769,3.4709,0.21013,0.4595,-0.46609,0.16293
329.99,34.596,34.596,36.107,-1.4386,3.6327,0.31089,0.43702,-0.38328,0.29663
330.65,35.135,35.135,36.121,-1.1047,3.7569,0.39677,0.38949,-0.27868,0.39704
331.32,35.66,35.66,36.127,-0.76985,3.8438,0.46415,0.32031,-0.1611,0.46012
331.98,36.161,36.161,36.125,-0.43604,3.8948,0.51107,0.23422,-0.038999,0.48495
332.64,36.631,36.631,36.119,-0.10447,3.9118,0.53683,0.13664,0.079602,0.47317
333.3,37.062,37.062,36.109,0.22393,3.897,0.54182,0.033105,0.18756,0.42853
333.96,37.452,37.452,36.098,0.54841,3.8525,0.52741,-0.070962,0.27894,0.35651
334.63,37.8,37.8,36.087,0.86824,3.7805,0.49568,-0.17064,0.34919,0.26377
335.29,38.155,38.155,36.128,1.1825,3.6829,0.44917,-0.26172,0.39527,0.15761
335.95,37.837,37.837,35.541,1.49,3.561,0.39057,-0.34097,0.41558,0.04547
336.61,37.29,37.29,34.768,1.7891,3.416,0.32256,-0.40611,0.4099,-0.065493
337.27,37.522,37.522,34.818,2.0777,3.2485,0.24756,-0.45586,0.37924,-0.16877
337.94,37.667,37.667,34.82,2.3532,3.0589,0.16767,-0.48981,0.32573,-0.25872
338.6,37.773,37.773,34.823,2.6127,2.8475,0.084553,-0.5083,0.25237,-0.33085
339.26,37.851,37.851,34.829,2.8552,2.6165,0.0018078,-0.51019,0.1653,-0.37982
339.92,37.889,37.889,34.832,3.074,2.3627,-0.082845,-0.50043,0.065691,-0.4074
340.58,37.879,37.879,34.829,3.2642,2.0856,-0.17072,-0.48122,-0.04411,-0.41314
341.25,37.858,37.858,34.828,3.4315,1.7947,-0.25229,-0.44558,-0.15002,-0.38893
341.91,37.843,37.843,34.831,3.5767,1.4938,-0.3226,-0.39314,-0.24216,-0.33523
342.57,37.837,37.837,34.835,3.6973,1.1833,-0.38079,-0.32769,-0.31533,-0.25808
343.23,37.835,37.835,34.839,3.7901,0.86295,-0.42734,-0.25366,-0.36676,-0.16515
343.89,37.836,37.836,34.841,3.8527,0.53373,-0.46276,-0.17467,-0.395,-0.063953
344.56,37.837,37.837,34.84,3.8835,0.19756,-0.48715,-0.093353,-0.3995,0.038678
345.22,37.838,37.838,34.836,3.8823,-0.14275,-0.50024,-0.011609,-0.38067,0.13664
345.88,37.838,37.838,34.83,3.8492,-0.48387,-0.50154,0.069115,-0.33986,0.22457
346.54,37.838,37.838,34.822,3.7852,-0.82221,-0.49044,0.14762,-0.2794,0.29793
347.2,37.838,37.838,34.815,3.6919,-1.154,-0.4663,0.22281,-0.20242,0.35311
347.87,37.838,37.838,34.808,3.5713,-1.4756,-0.42851,0.29364,-0.11274,0.38756
348.53,37.838,37.838,34.803,3.4258,-1.7833,-0.37657,0.35907,-0.014585,0.39988
349.19,37.838,37.838,34.802,3.2581,-2.0737,-0.31002,0.41805,0.087715,0.38986
349.85,37.833,37.833,34.805,3.0696,-2.3451,-0.2304,0.4679,0.18809,0.3569
350.51,37.8,37.8,34.808,2.8586,-2.5991,-0.14322,0.50334,0.27685,0.29924
351.18,37.73,37.73,34.81,2.6253,-2.8349,-0.052231,0.52238,0.34681,0.21989
351.84,37.62,37.62,34.812,2.3728,-3.0493,0.040939,0.52571,0.3943,0.12543
352.5,37.473,37.473,34.816,2.1043,-3.2396,0.13502,0.51441,0.41772,0.023294
353.16,37.253,37.253,34.785,1.8227,-3.4038,0.22826,0.48915,0.41668,-0.079501
353.82,37.379,37.379,35.139,1.5303,-3.5408,0.3182,0.45023,0.39178,-0.17671
354.49,38.082,38.082,36.107,1.2289,-3.6506,0.40186,0.39783,0.34455,-0.26295
355.15,37.778,37.778,36.104,0.91967,-3.7333,0.47595,0.33233,0.27743,-0.33369
355.81,37.446,37.446,36.111,0.60389,-3.7894,0.53707,0.25451,0.19375,-0.38536
356.47,37.082,37.082,36.12,0.28258,-3.8198,0.58197,0.16567,0.097597,-0.41537
357.13,36.683,36.683,36.125,-0.043226,-3.8251,0.60774,0.067705,-0.0063566,-0.42224
357.8,36.253,36.253,36.126,-0.37237,-3.806,0.61202,-0.036826,-0.113,-0.40555
358.46,35.796,35.796,36.123,-0.70344,-3.7628,0.59323,-0.14476,-0.21699,-0.366
359.12,35.318,35.318,36.115,-1.0347,-3.6959,0.55082,-0.25233,-0.31287,-0.30526
359.78,34.828,34.828,36.102,-1.3638,-3.6051,0.48537,-0.35529,-0.39526,-0.22594
360.44,34.337,34.337,36.085,-1.688,-3.49,0.39888,-0.44901,-0.45897,-0.13143
361.11,33.859,33.859,36.066,-2.0034,-3.3492,0.29513,-0.52837,-0.49876,-0.02546
361.77,33.399,33.399,36.044,-2.3083,-3.1846,0.17622,-0.59145,-0.51307,0.084524
362.43,32.906,32.906,36.007,-2.6146,-3.0095,0.030915,-0.64774,-0.51649,0.18066
363.09,32.49,32.49,35.979,-2.894,-2.7983,-0.1113,-0.66792,-0.48433,0.28465
363.75,32.293,32.293,35.993,-3.1107,-2.5237,-0.20982,-0.62525,-0.37993,0.41301
364.41,32.277,32.277,36.035,-3.274,-2.2054,-0.26951,-0.54176,-0.21482,0.53317
365.08,32.331,32.331,36.077,-3.4088,-1.8741,-0.31337,-0.44934,-0.023587,0.60661
365.74,32.385,32.385,36.105,-3.5291,-1.5458,-0.35572,-0.36355,0.16465,0.61628
366.4,32.415,32.415,36.118,-3.6361,-1.2226,-0.39893,-0.2853,0.33232,0.56445
367.06,32.426,32.426,36.121,-3.7254,-0.90103,-0.43907,-0.20989,0.46967,0.46265
367.72,32.427,32.427,36.119,-3.7918,-0.57758,-0.47101,-0.13309,0.57073,0.3248
368.39,32.424,32.424,36.115,-3.8314,-0.25092,-0.49082,-0.053172,0.63139,0.16437
369.05,32.422,32.422,36.112,-3.8424,0.078198,-0.49631,0.029223,0.64907,-0.00611
369.71,32.421,32.421,36.109,-3.8243,0.40764,-0.48685,0.11191,0.62306,-0.17497
370.37,32.421,32.421,36.107,-3.7775,0.73446,-0.46309,0.19189,0.55472,-0.33144
371.03,32.421,32.421,36.104,-3.7034,1.0553,-0.42672,0.26588,0.44759,-0.46587
371.7,32.42,32.42,36.098,-3.6042,1.3664,-0.38051,0.33045,0.307,-0.57029
372.36,32.427,32.427,36.091,-3.4804,1.666,-0.32588,0.38459,0.14213,-0.63651
373.02,32.472,32.472,36.087,-3.3271,1.9574,-0.25845,0.43187,-0.029757,-0.65507
373.68,32.458,32.458,36.062,-3.1718,2.2134,-0.2073,0.44661,-0.22486,-0.64821
374.34,32.45,32.45,36.031,-3.0012,2.4499,-0.16107,0.44775,-0.41891,-0.5954
375.01,32.575,32.575,36.022,-2.7878,2.692,-0.091479,0.46128,-0.56839,-0.47511
375.67,32.856,32.856,36.037,-2.5299,2.937,0.0047031,0.48367,-0.65585,-0.30055
376.33,33.262,33.262,36.064,-2.2384,3.1709,0.11725,0.50054,-0.68113,-0.098645
376.99,33.747,33.747,36.092,-1.9263,3.38,0.2327,0.49889,-0.65196,0.10406
377.65,34.273,34.273,36.115,-1.6035,3.5555,0.3397,0.47182,-0.57834,0.28727
378.32,34.812,34.812,36.128,-1.2762,3.6937,0.43055,0.41835,-0.47034,0.43758
378.98,35.347,35.347,36.132,-0.94809,3.7941,0.50065,0.34145,-0.33785,0.5471
379.64,35.864,35.864,36.128,-0.62099,3.858,0.54762,0.24622,-0.19077,0.612
380.3,36.405,36.405,36.169,-0.29609,3.8874,0.57072,0.13868,-0.038878,0.63167
380.96,36.251,36.251,35.546,0.025945,3.8848,0.57057,0.025101,0.10849,0.60826
381.63,35.922,35.922,34.786,0.34469,3.8526,0.5489,-0.088358,0.24296,0.54629
382.29,36.346,36.346,34.821,0.65986,3.7935,0.50838,-0.19605,0.35743,0.4522
382.95,36.687,36.687,34.817,0.97104,3.7094,0.45227,-0.29314,0.44641,0.33375
383.61,36.918,36.918,34.75,1.2776,3.6021,0.38415,-0.37585,0.50603,0.19949
384.27,36.129,36.129,33.709,1.5783,3.473,0.30753,-0.44159,0.5341,0.05814
384.94,36.144,36.144,33.516,1.8715,3.3228,0.22568,-0.489,0.53008,-0.081806
385.6,36.334,36.334,33.543,2.155,3.1517,0.14141,-0.51781,0.49495,-0.21251
386.26,36.463,36.463,33.549,2.426,2.9599,0.056942,-0.52876,0.43105,-0.32712
386.92,36.557,36.557,33.558,2.682,2.7476,-0.025631,-0.52285,0.34244,-0.41949
387.58,36.623,36.623,33.569,2.9213,2.5164,-0.10319,-0.50056,0.23594,-0.48397
388.25,36.638,36.638,33.575,3.1342,2.2601,-0.18148,-0.4702,0.11051,-0.52372
388.91,36.62,36.62,33.578,3.3215,1.9841,-0.25615,-0.42891,-0.023887,-0.53185
389.57,36.6,36.6,33.585,3.4875,1.6959,-0.31936,-0.37257,-0.15258,-0.50254
390.23,36.589,36.589,33.594,3.6307,1.3969,-0.36897,-0.30374,-0.26643,-0.43885
390.89,36.586,36.586,33.603,3.7478,1.0868,-0.40575,-0.22724,-0.35989,-0.34792
391.56,36.585,36.585,33.61,3.8354,0.76565,-0.43116,-0.14756,-0.42933,-0.23793
392.22,36.586,36.586,33.614,3.8911,0.43458,-0.44642,-0.068025,-0.4723,-0.11691
392.88,36.587,36.587,33.613,3.9136,0.095923,-0.45228,0.0091678,-0.48745,0.0075497
393.54,36.588,36.588,33.609,3.9026,-0.24723,-0.44906,0.082628,-0.47459,0.12838
394.2,36.588,36.588,33.601,3.8586,-0.59128,-0.43678,0.1515,-0.43478,0.23914
394.87,36.588,36.588,33.59,3.7827,-0.93235,-0.41521,0.21526,-0.37031,0.33415
395.53,36.588,36.588,33.579,3.6767,-1.2664,-0.38394,0.2736,-0.28458,0.40875
396.19,36.588,36.588,33.569,3.5428,-1.5895,-0.34242,0.32628,-0.18185,0.45944
396.85,36.588,36.588,33.561,3.3838,-1.8976,-0.29004,0.3731,-0.067016,0.48404
397.51,36.587,36.587,33.556,3.2027,-2.1873,-0.22628,0.41365,0.054552,0.48159
398.18,36.574,36.574,33.554,2.9995,-2.4582,-0.15411,0.44452,0.17395,0.44977
398.84,36.527,36.527,33.551,2.7731,-2.7111,-0.078309,0.46195,0.28059,0.38779
399.5,36.441,36.441,33.548,2.5254,-2.9437,-0.00081379,0.46594,0.36758,0.30036
400.16,36.316,36.316,33.547,2.26,-3.1525,0.077824,0.4579,0.43089,0.19481
400.82,36.152,36.152,33.546,1.9806,-3.335,0.15698,0.43904,0.46815,0.07894
401.49,35.928,35.928,33.524,1.6899,-3.4893,0.23537,0.40989,0.4782,-0.039759
402.15,36.615,36.615,34.453,1.3903,-3.615,0.31102,0.37054,0.46097,-0.15441
402.81,36.745,36.745,34.862,1.0834,-3.712,0.38139,0.3209,0.41758,-0.25881
403.47,36.398,36.398,34.833,0.77063,-3.7808,0.4436,0.26103,0.35027,-0.34752
404.13,36.022,36.022,34.812,0.45308,-3.8224,0.4946,0.19131,0.26244,-0.41605
404.8,35.941,35.941,35.119,0.13172,-3.8377,0.53141,0.1126,0.15844,-0.46093
405.46,36.517,36.517,36.114,-0.19249,-3.8276,0.55132,0.02632,0.043447,-0.47989
406.12,36.078,36.078,36.122,-0.51849,-3.7931,0.55208,-0.065506,-0.076742,-0.47189
406.78,35.608,35.608,36.116,-0.84498,-3.7349,0.53215,-0.1602,-0.19592,-0.43717
407.44,35.124,35.124,36.111,-1.1703,-3.6533,0.49096,-0.25449,-0.30767,-0.37716
408.11,34.632,34.632,36.101,-1.4922,-3.5483,0.42906,-0.34454,-0.40557,-0.29445
408.77,34.144,34.144,36.087,-1.8079,-3.4195,0.34838,-0.42608,-0.48331,-0.1926
409.43,33.676,33.676,36.071,-2.1132,-3.2657,0.25285,-0.49414,-0.5344,-0.075663
410.09,33.207,33.207,36.046,-2.4135,-3.0949,0.13742,-0.55328,-0.56358,0.042288
410.75,32.719,32.719,36.008,-2.7116,-2.911,-0.00095939,-0.6032,-0.57657,0.15314
411.42,32.383,32.383,35.997,-2.9651,-2.6762,-0.11741,-0.60355,-0.5314,0.28769
412.08,32.271,32.271,36.026,-3.1562,-2.3827,-0.1894,-0.54823,-0.40883,0.43978
412.74,32.295,32.295,36.069,-3.3054,-2.0597,-0.23423,-0.46816,-0.23396,0.56752
413.4,32.355,32.355,36.104,-3.4346,-1.733,-0.27334,-0.38932,-0.04101,0.63864
414.06,32.4,32.4,36.123,-3.5522,-1.412,-0.31598,-0.31979,0.14556,0.64374
414.73,32.422,32.422,36.127,-3.6562,-1.0954,-0.36119,-0.25656,0.31156,0.58886
415.39,32.427,32.427,36.124,-3.7412,-0.77883,-0.40395,-0.19397,0.44854,0.48611
416.05,32.426,32.426,36.117,-3.8021,-0.45939,-0.43911,-0.12804,0.55065,0.34868
416.71,32.424,32.424,36.109,-3.8358,-0.13636,-0.46299,-0.057468,0.61345,0.18915
417.37,32.422,32.422,36.102,-3.8407,0.18913,-0.47354,0.016886,0.63405,0.019435
418.04,32.421,32.421,36.096,-3.8163,0.51477,-0.47008,0.09284,0.61146,-0.14914
418.7,32.421,32.421,36.091,-3.7634,0.83755,-0.45306,0.1675,0.54687,-0.30595
419.36,32.421,32.421,36.085,-3.6833,1.1541,-0.42393,0.23768,0.44362,-0.44143
420.02,32.42,32.42,36.077,-3.5783,1.4605,-0.3854,0.29986,0.30666,-0.54778
420.68,32.443,32.443,36.072,-3.4444,1.7596,-0.3338,0.35728,0.14986,-0.61268
421.35,32.477,32.477,36.063,-3.2884,2.0425,-0.27631,0.40137,-0.021612,-0.63887
422.01,32.444,32.444,36.032,-3.1318,2.2896,-0.2364,0.41484,-0.21938,-0.63902
422.67,32.48,32.48,36.011,-2.9448,2.5316,-0.18488,0.43039,-0.4006,-0.57938
423.33,32.669,32.669,36.015,-2.7108,2.7812,-0.10366,0.46024,-0.53181,-0.45301
423.99,33.005,33.005,36.04,-2.4349,3.0288,0.0035064,0.49386,-0.60343,-0.28
424.66,33.448,33.448,36.072,-2.1299,3.2595,0.12397,0.51583,-0.61879,-0.087496
425.32,33.953,33.953,36.103,-1.8082,3.461,0.2444,0.51479,-0.58627,0.10069
425.98,34.5,34.5,36.139,-1.4783,3.6264,0.35446,0.48586,-0.51517,0.26749
426.64,34.955,34.955,36.068,-1.1456,3.7533,0.44731,0.42946,-0.41454,0.40206
427.3,34.439,34.439,35.027,-0.81308,3.842,0.51879,0.34928,-0.29331,0.4982
427.97,34.804,34.804,34.88,-0.48249,3.8939,0.56669,0.25069,-0.16042,0.55315
428.63,35.23,35.23,34.819,-0.155,3.9112,0.59028,0.13978,-0.024653,0.56697
429.29,34.629,34.629,33.764,0.16866,3.8964,0.59013,0.022908,0.10573,0.54212
429.95,34.855,34.855,33.575,0.48802,3.852,0.56793,-0.093771,0.22344,0.48316
430.61,35.233,35.233,33.581,0.80268,3.7805,0.52628,-0.20459,0.32244,0.39623
431.27,35.596,35.596,33.617,1.1121,3.684,0.46834,-0.30473,0.39809,0.28853
431.94,35.313,35.313,33.053,1.4155,3.5643,0.39755,-0.3904,0.44725,0.16782
432.6,34.749,34.749,32.252,1.7116,3.4226,0.31735,-0.459,0.46822,0.041894
433.26,34.988,34.988,32.298,1.9985,3.2597,0.23091,-0.50907,0.46071,-0.081761
433.92,35.14,35.14,32.299,2.2741,3.0761,0.14105,-0.54023,0.42575,-0.1963
434.58,35.254,35.254,32.303,2.5356,2.8718,0.049979,-0.55311,0.36547,-0.29587
435.25,35.337,35.337,32.31,2.7815,2.6485,-0.038816,-0.5474,0.28485,-0.37409
435.91,35.386,35.386,32.316,3.0073,2.4048,-0.12508,-0.52653,0.1871,-0.42916
436.57,35.382,35.382,32.318,3.2053,2.1371,-0.21262,-0.4962,0.072064,-0.46209
437.23,35.361,35.361,32.32,3.3806,1.8543,-0.29262,-0.45019,-0.04659,-0.46334
437.89,35.345,35.345,32.326,3.5349,1.5613,-0.35913,-0.38741,-0.15712,-0.43059
438.56,35.337,35.337,32.335,3.6659,1.2583,-0.41111,-0.31185,-0.25275,-0.36844
439.22,35.335,35.335,32.344,3.7702,0.94509,-0.4494,-0.22859,-0.32933,-0.28394
439.88,35.336,35.336,32.35,3.8448,0.62186,-0.47513,-0.14198,-0.3841,-0.18449
440.54,35.336,35.336,32.353,3.8877,0.29021,-0.48913,-0.05523,-0.41521,-0.077109
441.2,35.337,35.337,32.353,3.898,-0.047349,-0.49187,0.029392,-0.42172,0.031625
441.87,35.337,35.337,32.349,3.8757,-0.38769,-0.48354,0.11027,-0.40376,0.13564
442.53,35.337,35.337,32.343,3.8214,-0.72726,-0.46416,0.18623,-0.36254,0.22944
443.19,35.337,35.337,32.335,3.7364,-1.0623,-0.43363,0.25638,-0.3003,0.30829
443.85,35.337,35.337,32.327,3.6224,-1.3891,-0.39178,0.32001,-0.22019,0.36834
444.51,35.337,35.337,32.32,3.4818,-1.7036,-0.33838,0.37654,-0.12607,0.40684
445.18,35.338,35.338,32.316,3.3172,-2.0023,-0.27316,0.4255,-0.022204,0.42224
445.84,35.335,35.335,32.315,3.1309,-2.2826,-0.1969,0.46546,0.085877,0.41323
446.5,35.309,35.309,32.314,2.9213,-2.5455,-0.11456,0.49187,0.18842,0.37689
447.16,35.247,35.247,32.312,2.6884,-2.7906,-0.03031,0.50252,0.27677,0.31429
447.82,35.145,35.145,32.31,2.435,-3.0148,0.054336,0.49837,0.34591,0.23097
448.49,35.006,35.006,32.309,2.1647,-3.2148,0.13859,0.48107,0.39298,0.13394
449.15,34.795,34.795,32.276,1.8807,-3.3883,0.22136,0.45181,0.41639,0.030215
449.81,34.903,34.903,32.601,1.5857,-3.5339,0.3009,0.41128,0.41553,-0.073686
450.47,35.629,35.629,33.582,1.2817,-3.6512,0.37493,0.35984,0.39073,-0.17186
451.13,35.34,35.34,33.586,0.97043,-3.7402,0.44076,0.29786,0.34336,-0.25906
451.8,35.014,35.014,33.59,0.65314,-3.8015,0.49555,0.22592,0.27579,-0.33078
452.46,34.62,34.62,33.562,0.33106,-3.8358,0.53645,0.14499,0.19132,-0.38336
453.12,35.11,35.11,34.45,0.005301,-3.8439,0.56084,0.056525,0.094103,-0.41411
453.78,35.136,35.136,34.904,-0.323,-3.8266,0.56648,-0.037515,-0.011053,-0.42142
454.44,34.599,34.599,34.819,-0.65253,-3.7845,0.55176,-0.13459,-0.11883,-0.40474
455.11,34.985,34.985,35.674,-0.98169,-3.7183,0.51588,-0.23162,-0.22357,-0.36465
455.77,34.974,34.974,36.143,-1.3085,-3.6281,0.45907,-0.32502,-0.31946,-0.30273
456.43,34.437,34.437,36.085,-1.6303,-3.5136,0.38278,-0.41078,-0.40065,-0.22157
457.09,33.955,33.955,36.07,-1.9439,-3.3742,0.28999,-0.48449,-0.46128,-0.12443
457.75,33.494,33.494,36.053,-2.2459,-3.2099,0.18411,-0.5427,-0.49674,-0.016451
458.42,33.008,33.008,36.021,-2.5479,-3.0344,0.053925,-0.59551,-0.51961,0.083983
459.08,32.558,32.558,35.99,-2.8331,-2.8322,-0.083097,-0.62363,-0.5158,0.1888
459.74,32.315,32.315,35.998,-3.0596,-2.569,-0.18138,-0.59232,-0.4423,0.32286
460.4,32.271,32.271,36.038,-3.2289,-2.2568,-0.23779,-0.51578,-0.30045,0.46059
461.06,32.319,32.319,36.082,-3.3659,-1.9271,-0.27516,-0.4271,-0.12257,0.56044
461.73,32.376,32.376,36.114,-3.4875,-1.5994,-0.31081,-0.3454,0.060535,0.59977
462.39,32.411,32.411,36.128,-3.5973,-1.278,-0.34947,-0.2735,0.22948,0.57683
463.05,32.425,32.425,36.131,-3.6915,-0.95965,-0.38821,-0.20681,0.37344,0.50109
463.71,32.427,32.427,36.128,-3.7645,-0.64049,-0.42197,-0.14022,0.48587,0.38543
464.37,32.425,32.425,36.122,-3.8123,-0.31851,-0.44643,-0.070982,0.56208,0.24268
465.04,32.423,32.423,36.115,-3.8324,0.0061552,-0.45894,0.0012155,0.59877,0.084857
465.7,32.421,32.422,36.109,-3.8238,0.3318,-0.45833,0.07493,0.59422,-0.076775
466.36,32.421,32.421,36.104,-3.7869,0.65581,-0.44468,0.14774,0.54867,-0.23163
467.02,32.421,32.421,36.098,-3.7224,0.97508,-0.41906,0.21678,0.46446,-0.37002
467.68,32.421,32.421,36.091,-3.6321,1.2861,-0.38354,0.279,0.34584,-0.48353
468.35,32.422,32.422,36.081,-3.5176,1.5861,-0.34036,0.33213,0.19933,-0.56475
469.01,32.464,32.464,36.076,-3.3722,1.8801,-0.28295,0.38192,0.042704,-0.60102
469.67,32.466,32.466,36.056,-3.2186,2.1446,-0.23502,0.40574,-0.13571,-0.61067
470.33,32.443,32.443,36.022,-3.0561,2.3832,-0.19776,0.41014,-0.32543,-0.58407
470.99,32.536,32.536,36.009,-2.8532,2.6258,-0.13924,0.42624,-0.4804,-0.49223
471.66,32.787,32.787,36.02,-2.6038,2.874,-0.051532,0.45481,-0.57843,-0.34211
472.32,33.171,33.171,36.048,-2.3173,3.1147,0.057045,0.48201,-0.61677,-0.15847
472.98,33.656,33.656,36.092,-2.0069,3.3335,0.17315,0.49356,-0.60204,0.03211
473.64,34.092,34.092,36.035,-1.6833,3.5202,0.28474,0.48074,-0.54377,0.20858
474.3,33.637,33.637,35.059,-1.3537,3.6701,0.38322,0.44105,-0.45166,0.35682
474.97,33.412,33.412,34.307,-1.0223,3.7819,0.46319,0.37639,-0.33509,0.46839
475.63,33.209,33.209,33.582,-0.69127,3.8565,0.52158,0.29116,-0.20329,0.53902
476.29,33.806,33.806,33.677,-0.36222,3.8957,0.55698,0.19093,-0.065417,0.5676
476.95,33.688,33.688,33.085,-0.036037,3.9017,0.56934,0.081708,0.069802,0.55573
477.61,33.341,33.341,32.301,0.28664,3.8769,0.55976,-0.030447,0.19446,0.50725
478.28,33.773,33.773,32.336,0.60534,3.8238,0.53033,-0.13981,0.30183,0.42788
478.94,34.121,34.121,32.331,0.91958,3.7445,0.48384,-0.24133,0.38666,0.32469
479.6,34.374,34.374,32.277,1.2286,3.6409,0.42348,-0.33084,0.44521,0.20549
480.26,33.6,33.6,31.241,1.5314,3.5146,0.35253,-0.4053,0.47528,0.078347
480.92,33.602,33.602,31.026,1.8263,3.3663,0.27414,-0.46281,0.47619,-0.048872
481.59,33.803,33.803,31.052,2.1113,3.1967,0.1911,-0.50252,0.44864,-0.16888
482.25,33.94,33.94,31.056,2.3837,3.0061,0.10575,-0.52459,0.3946,-0.27524
482.91,34.039,34.039,31.061,2.6408,2.7945,0.020032,-0.52981,0.31728,-0.3625
483.57,34.113,34.113,31.07,2.8816,2.5641,-0.062234,-0.51761,0.22329,-0.42457
484.23,34.139,34.139,31.075,3.0975,2.31,-0.14535,-0.49517,0.11221,-0.4641
484.9,34.124,34.124,31.075,3.2865,2.0344,-0.22778,-0.46221,-0.0099424,-0.47699
485.56,34.103,34.103,31.079,3.4537,1.746,-0.30048,-0.41306,-0.12846,-0.45571
486.22,34.09,34.09,31.085,3.5989,1.4475,-0.35996,-0.34907,-0.23379,-0.40182
486.88,34.085,34.085,31.093,3.7189,1.1386,-0.40626,-0.27475,-0.32045,-0.32172
487.54,34.085,34.085,31.1,3.8105,0.81924,-0.44044,-0.19476,-0.38508,-0.22317
488.21,34.086,34.086,31.104,3.8712,0.49033,-0.46348,-0.11273,-0.42551,-0.11381
488.87,34.087,34.087,31.104,3.8994,0.15396,-0.47593,-0.031207,-0.44052,-0.00076689
489.53,34.087,34.087,31.1,3.8948,-0.18698,-0.47797,0.048066,-0.42994,0.10937
490.19,34.087,34.087,31.094,3.8576,-0.52907,-0.46951,0.12387,-0.39473,0.21066
490.85,34.087,34.087,31.085,3.789,-0.86858,-0.4503,0.1953,-0.33691,0.29786
491.52,34.087,34.087,31.076,3.6904,-1.2017,-0.41994,0.26166,-0.25954,0.36667
492.18,34.087,34.087,31.068,3.5639,-1.5244,-0.37801,0.32234,-0.16644,0.41385
492.84,34.087,34.087,31.061,3.4122,-1.8331,-0.32406,0.37679,-0.062033,0.43736
493.5,34.087,34.087,31.058,3.238,-2.1241,-0.25764,0.42444,0.048963,0.4364
494.16,34.078,34.078,31.058,3.0422,-2.3964,-0.18099,0.46238,0.15916,0.40923
494.83,34.039,34.039,31.057,2.8231,-2.6513,-0.099443,0.48608,0.25823,0.35419
495.49,33.961,33.961,31.056,2.582,-2.8869,-0.015812,0.49473,0.33906,0.27492
496.15,33.844,33.844,31.055,2.3222,-3.1001,0.068891,0.48958,0.39769,0.1782
496.81,33.688,33.688,31.055,2.0473,-3.2879,0.15381,0.47192,0.43197,0.071532
497.47,33.466,33.466,31.027,1.76,-3.4486,0.23752,0.4425,0.4409,-0.037954
498.13,34.141,34.141,31.936,1.4629,-3.5812,0.31794,0.4016,0.42453,-0.14374
498.8,34.304,34.304,32.37,1.1576,-3.6855,0.39244,0.34936,0.38392,-0.24003
499.46,33.963,33.963,32.338,0.84553,-3.7621,0.45806,0.28605,0.32118,-0.32178
500.12,33.596,33.596,32.317,0.52794,-3.8115,0.51173,0.21227,0.23944,-0.38483
500.78,33.499,33.499,32.6,0.20585,-3.8346,0.55045,0.12908,0.14272,-0.42598
501.44,34.094,34.094,33.607,-0.11971,-3.8322,0.57152,0.038106,0.035776,-0.44317
502.11,33.642,33.642,33.593,-0.4476,-3.8051,0.57273,-0.058449,-0.076058,-0.43544
502.77,33.426,33.426,33.837,-0.77647,-3.7539,0.55258,-0.15776,-0.18707,-0.40299
503.43,33.957,33.957,34.843,-1.1046,-3.679,0.51053,-0.25641,-0.29135,-0.34716
504.09,33.462,33.462,34.828,-1.4298,-3.5803,0.44717,-0.35051,-0.38295,-0.27029
504.75,33.195,33.195,35.036,-1.7493,-3.4576,0.36441,-0.43574,-0.45604,-0.17568
505.42,33.743,33.743,36.041,-2.0589,-3.3094,0.26612,-0.50713,-0.50458,-0.066962
506.08,33.314,33.314,36.053,-2.3603,-3.1404,0.15122,-0.56575,-0.52947,0.045553
506.74,32.813,32.813,36.007,-2.6625,-2.9611,0.010605,-0.61803,-0.54257,0.14728
507.4,32.433,32.433,35.988,-2.9288,-2.738,-0.11724,-0.62752,-0.50897,0.26629
508.06,32.279,32.279,36.01,-3.1317,-2.4531,-0.19992,-0.57723,-0.39945,0.40831
508.73,32.285,32.285,36.054,-3.2868,-2.1317,-0.24935,-0.49458,-0.23276,0.53507
509.39,32.343,32.343,36.093,-3.418,-1.8023,-0.28832,-0.40892,-0.043567,0.61058
510.05,32.393,32.393,36.117,-3.5365,-1.4778,-0.32876,-0.33203,0.14142,0.62152
510.71,32.419,32.419,36.126,-3.6419,-1.1583,-0.37139,-0.26267,0.30651,0.57197
511.37,32.427,32.427,36.125,-3.7292,-0.83983,-0.41173,-0.19547,0.44275,0.47368
512.04,32.426,32.426,36.12,-3.7932,-0.51914,-0.44467,-0.12621,0.5443,0.34
512.7,32.424,32.424,36.114,-3.8304,-0.19513,-0.46642,-0.053257,0.60689,0.18376
513.36,32.422,32.422,36.108,-3.839,0.13129,-0.47485,0.022751,0.62771,0.016968
514.02,32.421,32.421,36.103,-3.8186,0.45795,-0.46928,0.099745,0.60582,-0.14905
514.68,32.421,32.421,36.099,-3.7698,0.78191,-0.45021,0.1749,0.54234,-0.30372
515.35,32.421,32.421,36.093,-3.6938,1.0999,-0.41912,0.24508,0.44056,-0.43755
516.01,32.42,32.42,36.086,-3.5928,1.408,-0.37871,0.30688,0.3054,-0.54271
516.67,32.434,32.434,36.079,-3.4653,1.7067,-0.32799,0.36131,0.1479,-0.60913
517.33,32.476,32.477,36.073,-3.3107,1.9945,-0.26678,0.40718,-0.019417,-0.63216
517.99,32.451,32.451,36.044,-3.1563,2.2453,-0.22398,0.42037,-0.21338,-0.63181
518.66,32.462,32.462,36.017,-2.9788,2.4843,-0.17767,0.42858,-0.39912,-0.57883
519.32,32.617,32.617,36.015,-2.7557,2.7306,-0.10411,0.45115,-0.53773,-0.45859
519.98,32.939,32.939,36.048,-2.4891,2.9777,-0.003704,0.48067,-0.61597,-0.28792
520.64,33.28,33.28,35.994,-2.1908,3.211,0.11203,0.50199,-0.63562,-0.093897
521.3,32.884,32.884,35.133,-1.8736,3.4175,0.22964,0.50273,-0.60482,0.098384
521.97,31.439,31.439,33.181,-1.5468,3.5891,0.33829,0.4769,-0.53325,0.27039
522.63,29.763,29.763,30.979,-1.2163,3.7228,0.43067,0.42413,-0.43041,0.41019
523.29,30.448,30.448,31.136,-0.88521,3.8185,0.5024,0.34767,-0.30562,0.51087
523.95,30.96,30.96,31.133,-0.55555,3.8775,0.55113,0.25265,-0.16816,0.56925
524.61,31.444,31.444,31.123,-0.22846,3.9018,0.57606,0.14505,-0.027209,0.58513
525.28,31.891,31.891,31.109,0.095301,3.894,0.57768,0.031096,0.10861,0.56086
525.94,32.298,32.298,31.094,0.41525,3.8565,0.55763,-0.083102,0.23161,0.50098
526.6,32.663,32.663,31.078,0.73101,3.7916,0.51842,-0.19192,0.33538,0.41172
527.26,32.985,32.985,31.065,1.0421,3.7017,0.4632,-0.29055,0.41501,0.30052
527.92,33.265,33.265,31.055,1.3477,3.5883,0.39536,-0.37518,0.46713,0.17541
528.59,33.503,33.503,31.049,1.6465,3.4529,0.31831,-0.4432,0.48992,0.044527
529.25,33.702,33.702,31.047,1.937,3.2961,0.23521,-0.49313,0.48302,-0.084281
529.91,33.862,33.862,31.049,2.2167,3.1183,0.14883,-0.5246,0.4475,-0.20383
530.57,33.983,33.983,31.054,2.483,2.9197,0.061346,-0.53819,0.3856,-0.30794
531.23,34.072,34.072,31.061,2.7337,2.7013,-0.024528,-0.53424,0.30176,-0.39053
531.9,34.13,34.13,31.069,2.9662,2.4633,-0.10672,-0.51427,0.20131,-0.44772
532.56,34.136,34.136,31.072,3.1712,2.2004,-0.19067,-0.48588,0.082852,-0.48238
533.22,34.115,34.115,31.074,3.3518,1.9202,-0.26935,-0.44395,-0.041509,-0.48587
533.88,34.097,34.097,31.08,3.5114,1.6289,-0.33571,-0.38575,-0.1586,-0.45415
534.54,34.088,34.088,31.088,3.648,1.3274,-0.38814,-0.31456,-0.26062,-0.39114
535.21,34.085,34.085,31.097,3.7582,1.0154,-0.42737,-0.23534,-0.34292,-0.30397
535.87,34.085,34.085,31.103,3.8388,0.69286,-0.45464,-0.15247,-0.40245,-0.20041
536.53,34.086,34.086,31.106,3.8878,0.36134,-0.4709,-0.069218,-0.43718,-0.087912
537.19,34.087,34.087,31.106,3.9039,0.023202,-0.47665,0.012177,-0.4461,0.026545
537.85,34.087,34.087,31.101,3.8871,-0.31843,-0.4721,0.090186,-0.42925,0.13651
538.52,34.087,34.087,31.094,3.8379,-0.66001,-0.45721,0.16375,-0.38784,0.23614
539.18,34.087,34.087,31.086,3.7576,-0.99773,-0.43176,0.23209,-0.32419,0.32038
539.84,34.087,34.087,31.076,3.6478,-1.3277,-0.39544,0.29464,-0.24155,0.38511
540.5,34.087,34.087,31.068,3.5109,-1.646,-0.34786,0.35091,-0.14397,0.42734
541.16,34.087,34.087,31.062,3.3497,-1.949,-0.28859,0.40046,-0.03598,0.44532
541.83,34.086,34.086,31.06,3.1666,-2.2333,-0.21769,0.4424,0.077156,0.43811
542.49,34.067,34.067,31.059,2.961,-2.4997,-0.13924,0.47257,0.18614,0.40303
543.15,34.013,34.013,31.057,2.732,-2.7483,-0.057863,0.48783,0.28138,0.34023
543.81,33.919,33.919,31.055,2.4821,-2.9764,0.024684,0.48867,0.35705,0.25488
544.47,33.787,33.787,31.054,2.2149,-3.1806,0.10768,0.47659,0.40987,0.15417
545.14,33.618,33.618,31.056,1.9337,-3.3585,0.19018,0.45278,0.43798,0.045495
545.8,33.414,33.414,31.061,1.6414,-3.5086,0.27062,0.41784,0.44061,-0.06423
546.46,33.173,33.173,31.069,1.3399,-3.6303,0.34679,0.372,0.418,-0.1687
547.12,32.897,32.897,31.078,1.031,-3.7237,0.41601,0.31543,0.37145,-0.2623
547.78,32.583,32.583,31.088,0.71611,-3.7892,0.47537,0.24849,0.30333,-0.34018
548.45,32.192,32.192,31.057,0.39624,-3.8277,0.52188,0.17192,0.21701,-0.39838
549.11,32.667,32.667,31.925,0.072485,-3.84,0.55273,0.086915,0.11675,-0.43395
549.77,32.726,32.726,32.408,-0.25409,-3.827,0.56542,-0.0047469,0.0075064,-0.44507
550.43,32.19,32.19,32.319,-0.58229,-3.7895,0.55804,-0.10071,-0.10522,-0.43105
551.09,32.557,32.557,33.154,-0.91065,-3.7279,0.52945,-0.19803,-0.21557,-0.39236
551.76,32.575,32.575,33.651,-1.2373,-3.6427,0.4795,-0.2932,-0.31752,-0.33058
552.42,31.989,31.989,33.545,-1.5599,-3.5336,0.40925,-0.38225,-0.40504,-0.24833
553.08,32.318,32.318,34.344,-1.8752,-3.4001,0.32118,-0.4608,-0.47219,-0.14906
553.74,32.386,32.386,34.859,-2.1792,-3.2411,0.21937,-0.52428,-0.51318,-0.037007
554.4,31.811,31.811,34.734,-2.4809,-3.0681,0.095359,-0.58051,-0.53713,0.071073
555.07,32.128,32.128,35.488,-2.7741,-2.8763,-0.044739,-0.62051,-0.54123,0.17644
555.73,32.395,32.395,36.045,-3.0148,-2.6273,-0.1536,-0.60469,-0.48098,0.30908
556.39,32.269,32.269,36.03,-3.1949,-2.3238,-0.21836,-0.53747,-0.34742,0.4528
557.05,32.307,32.307,36.074,-3.3377,-1.9967,-0.25973,-0.4517,-0.17,0.56513
557.71,32.366,32.366,36.107,-3.463,-1.669,-0.29731,-0.37014,0.018495,0.61852
558.38,32.406,32.406,36.124,-3.5766,-1.3473,-0.33804,-0.29822,0.19612,0.60764
559.04,32.424,32.424,36.129,-3.6756,-1.0293,-0.3799,-0.23205,0.35046,0.54046
559.7,32.427,32.427,36.125,-3.7544,-0.71099,-0.41777,-0.16626,0.47412,0.42965
560.36,32.426,32.426,36.119,-3.8085,-0.38978,-0.44696,-0.097505,0.5619,0.28831
561.02,32.423,32.423,36.112,-3.835,-0.065436,-0.46432,-0.025064,0.61002,0.1288
561.69,32.422,32.422,36.106,-3.8328,0.26059,-0.46828,0.049862,0.61625,-0.037264
562.35,32.421,32.421,36.101,-3.8017,0.58581,-0.45861,0.12492,0.58032,-0.19893
563.01,32.437,32.437,36.112,-3.7427,0.90715,-0.43614,0.1972,0.50407,-0.34604
563.67,32.322,32.322,35.99,-3.6571,1.2212,-0.40265,0.26359,0.39142,-0.46963
564.33,31.272,31.272,34.933,-3.5474,1.5243,-0.36093,0.32093,0.24793,-0.56238
564.99,31.187,31.187,34.809,-3.4072,1.8211,-0.30527,0.37445,0.090152,-0.61113
565.66,31.223,31.223,34.811,-3.2519,2.095,-0.25136,0.40809,-0.085245,-0.62709
566.32,31.191,31.192,34.778,-3.0933,2.3368,-0.21311,0.41533,-0.28046,-0.61293
566.98,31.254,31.254,34.76,-2.8988,2.5786,-0.15822,0.42997,-0.44923,-0.53551
567.64,31.473,31.473,34.768,-2.6574,2.8272,-0.073768,0.4583,-0.56373,-0.39521
568.3,31.987,31.987,34.948,-2.3764,3.0713,0.034027,0.48791,-0.61798,-0.21487
568.97,30.625,30.624,33.158,-2.0689,3.2958,0.15205,0.50385,-0.61712,-0.021612
569.63,28.902,28.902,30.951,-1.7466,3.4898,0.26759,0.4961,-0.57023,0.16202
570.29,29.591,29.591,31.124,-1.4173,3.6472,0.37119,0.46101,-0.4869,0.32036
570.95,30.13,30.13,31.135,-1.0856,3.7664,0.4568,0.39982,-0.37644,0.44378
571.61,30.655,30.655,31.136,-0.75424,3.8479,0.52085,0.31662,-0.24801,0.52704
572.28,31.157,31.157,31.131,-0.42481,3.8933,0.56159,0.21691,-0.11077,0.56824
572.94,31.626,31.626,31.119,-0.098304,3.905,0.57867,0.10676,0.026441,0.56822
573.6,32.058,32.058,31.105,0.2246,3.8853,0.57298,-0.007625,0.15544,0.53021
574.26,32.449,32.449,31.09,0.54346,3.8367,0.54647,-0.12031,0.26915,0.45944
574.92,32.796,32.796,31.075,0.85784,3.7616,0.50184,-0.22595,0.36187,0.36259
575.59,33.102,33.102,31.063,1.1671,3.662,0.44233,-0.32009,0.42939,0.24728
576.25,33.365,33.365,31.054,1.4704,3.5394,0.3713,-0.39935,0.46901,0.1215
576.91,33.587,33.587,31.05,1.7661,3.395,0.29206,-0.46151,0.47955,-0.0067961
577.57,33.77,33.77,31.049,2.0524,3.2293,0.20759,-0.50549,0.46126,-0.13015
578.23,33.915,33.915,31.052,2.3269,3.0426,0.12045,-0.53121,0.41568,-0.24184
578.9,34.022,34.022,31.057,2.5866,2.8352,0.032639,-0.5395,0.34548,-0.33621
579.56,34.1,34.1,31.065,2.8306,2.6089,-0.05206,-0.52977,0.25671,-0.4068
580.22,34.138,34.138,31.071,3.0521,2.3604,-0.1358,-0.50752,0.15077,-0.45418
580.88,34.128,34.128,31.072,3.246,2.0889,-0.2201,-0.47574,0.0303,-0.47705
581.54,34.107,34.107,31.075,3.4176,1.8034,-0.29567,-0.42808,-0.090007,-0.46645
582.21,34.092,34.092,31.082,3.5679,1.5078,-0.35788,-0.36473,-0.19944,-0.42211
582.87,34.086,34.086,31.09,3.6939,1.2019,-0.4063,-0.29001,-0.29182,-0.34966
583.53,34.085,34.085,31.098,3.7922,0.88548,-0.44194,-0.2088,-0.36336,-0.2566
584.19,34.085,34.085,31.103,3.86,0.55922,-0.46591,-0.12507,-0.41157,-0.15054
584.85,34.086,34.086,31.104,3.8957,0.22492,-0.47891,-0.041648,-0.43488,-0.038638
585.52,34.087,34.087,31.102,3.8986,-0.1147,-0.48127,0.039488,-0.43275,0.072437
586.18,34.087,34.087,31.097,3.8688,-0.45634,-0.47306,0.11697,-0.4057,0.17659
586.84,34.087,34.087,31.09,3.8072,-0.79635,-0.45413,0.18981,-0.3554,0.26839
587.5,34.087,34.087,31.081,3.7152,-1.1309,-0.42424,0.25726,-0.28454,0.34325
588.16,34.087,34.087,31.072,3.5948,-1.4561,-0.38304,0.31871,-0.19666,0.39758
588.83,34.087,34.087,31.065,3.4483,-1.7682,-0.33017,0.37362,-0.095985,0.42895
589.49,34.088,34.088,31.061,3.2786,-2.0635,-0.2652,0.42153,0.012952,0.4362
590.15,34.082,34.082,31.06,3.0874,-2.34,-0.18949,0.46037,0.12371,0.41788
590.81,34.05,34.05,31.06,2.8729,-2.599,-0.10832,0.48543,0.22602,0.37153
591.47,33.98,33.98,31.058,2.6357,-2.8396,-0.025117,0.49524,0.3119,0.29958
592.14,33.871,33.871,31.056,2.3789,-3.0584,0.058907,0.49091,0.37683,0.2083
592.8,33.724,33.724,31.057,2.1062,-3.2524,0.14299,0.47393,0.41827,0.10502
593.46,33.541,33.541,31.06,1.8205,-3.4194,0.2259,0.44523,0.43491,-0.0030934
594.12,33.322,33.322,31.066,1.5245,-3.5584,0.30574,0.40527,0.42643,-0.10946
594.78,33.068,33.068,31.074,1.22,-3.669,0.38006,0.35426,0.39353,-0.20815
595.45,32.776,32.776,31.084,0.90848,-3.7516,0.44603,0.29246,0.33797,-0.29394
596.11,32.448,32.448,31.094,0.59128,-3.8068,0.50069,0.22042,0.26252,-0.36243
596.77,32.084,32.084,31.103,0.26947,-3.8352,0.54109,0.13912,0.1709,-0.41016
597.43,31.686,31.686,31.11,-0.05589,-3.8379,0.56452,0.050036,0.067606,-0.43469
598.09,31.229,31.229,31.086,-0.38369,-3.8155,0.56874,-0.044764,-0.042221,-0.43473
598.76,31.001,31.001,31.315,-0.71261,-3.7688,0.55214,-0.14263,-0.153,-0.41009
599.42,31.546,31.546,32.331,-1.041,-3.6982,0.514,-0.24034,-0.25888,-0.36174
600.08,31.065,31.065,32.331,-1.3669,-3.6038,0.45469,-0.33415,-0.35391,-0.29167
600.74,30.774,30.774,32.518,-1.6874,-3.4853,0.37585,-0.41991,-0.43221,-0.20285
601.4,31.326,31.326,33.532,-1.999,-3.3418,0.28084,-0.4929,-0.48777,-0.098802
602.07,30.889,30.889,33.536,-2.3002,-3.1749,0.17138,-0.55144,-0.51809,0.013178
602.73,30.575,30.575,33.679,-2.603,-2.9984,0.035722,-0.60528,-0.53697,0.11498
603.39,31.193,31.193,34.69,-2.8799,-2.7868,-0.097576,-0.62558,-0.51935,0.22761
604.05,31.054,31.054,34.764,-3.0947,-2.5129,-0.18809,-0.5852,-0.42759,0.36746
604.71,31.026,31.026,34.796,-3.2567,-2.1958,-0.24078,-0.50575,-0.27226,0.50164
605.38,31.081,31.081,34.838,-3.3909,-1.8663,-0.27898,-0.41898,-0.087448,0.59072
606.04,31.134,31.134,34.865,-3.5112,-1.5405,-0.3174,-0.34029,0.097911,0.61667
606.7,31.165,31.165,34.877,-3.6193,-1.2203,-0.35866,-0.2703,0.26626,0.58078
607.36,31.176,31.176,34.878,-3.7105,-0.90221,-0.39892,-0.20389,0.40774,0.49375
608.02,31.177,31.177,34.873,-3.7795,-0.5825,-0.43302,-0.13633,0.51609,0.36874
608.69,31.174,31.174,34.867,-3.8224,-0.25962,-0.45688,-0.065411,0.58679,0.21863
609.35,31.172,31.172,34.861,-3.8371,0.06591,-0.46804,0.0087059,0.61672,0.055444
610.01,31.187,31.187,34.871,-3.823,0.39214,-0.46557,0.084251,0.60448,-0.10947
610.67,31.072,31.072,34.751,-3.7803,0.71629,-0.44971,0.15858,0.55071,-0.2655
611.33,30.023,30.023,33.697,-3.7102,1.0351,-0.42173,0.22869,0.45817,-0.40295
612,29.904,29.904,33.571,-3.6146,1.3451,-0.38396,0.29131,0.33146,-0.51366
612.66,29.926,29.926,33.579,-3.494,1.6444,-0.33744,0.34543,0.17892,-0.58911
613.32,29.971,29.972,33.575,-3.3431,1.9365,-0.27724,0.39476,0.017313,-0.61917
613.98,29.984,29.984,33.575,-3.1894,2.1941,-0.232,0.41347,-0.16991,-0.62541
614.64,29.807,29.807,33.377,-3.0199,2.4326,-0.19059,0.41981,-0.35937,-0.58703
615.31,27.841,27.841,31.279,-2.8069,2.6774,-0.12432,0.43973,-0.50758,-0.48146
615.97,27.812,27.812,30.987,-2.5485,2.9256,-0.029668,0.46954,-0.59693,-0.32093
616.63,28.256,28.256,31.056,-2.2558,3.1632,0.083257,0.49449,-0.62701,-0.13164
617.29,28.741,28.741,31.087,-1.9416,3.3762,0.20092,0.50112,-0.60524,0.060467
617.95,29.267,29.267,31.112,-1.6161,3.5558,0.31181,0.48204,-0.54123,0.23553
618.62,29.806,29.806,31.129,-1.2858,3.6978,0.40795,0.43584,-0.44452,0.3805
619.28,30.341,30.341,31.135,-0.95431,3.8017,0.48442,0.36512,-0.32441,0.48768
619.94,30.858,30.858,31.134,-0.62385,3.8685,0.5385,0.27468,-0.19015,0.55329
620.6,31.348,31.348,31.125,-0.2957,3.9003,0.56905,0.1703,-0.050863,0.57664
621.26,31.803,31.803,31.113,0.02929,3.8993,0.57629,0.058143,0.084758,0.55963
621.93,32.219,32.219,31.098,0.35057,3.868,0.56157,-0.055676,0.2089,0.50642
622.59,32.592,32.592,31.082,0.66772,3.8088,0.5272,-0.16545,0.315,0.42293
623.25,32.923,32.923,31.069,0.98026,3.7241,0.47615,-0.2662,0.39792,0.31638
623.91,33.211,33.211,31.058,1.2874,3.6155,0.41173,-0.35391,0.45408,0.19466
624.57,33.458,33.458,31.051,1.5881,3.4844,0.33732,-0.42573,0.48143,0.065869
625.24,33.665,33.665,31.049,1.8807,3.3318,0.25608,-0.47992,0.4794,-0.062154
625.9,33.832,33.832,31.05,2.1629,3.158,0.17084,-0.51587,0.44882,-0.18216
626.56,33.962,33.962,31.054,2.4322,2.9634,0.08388,-0.53393,0.39177,-0.28784
627.22,34.056,34.056,31.06,2.6859,2.7483,-0.0025498,-0.53475,0.3119,-0.37346
627.88,34.122,34.122,31.069,2.9228,2.5144,-0.085067,-0.51842,0.21557,-0.43366
628.55,34.138,34.138,31.073,3.1332,2.2559,-0.16914,-0.49297,0.10121,-0.47178
629.21,34.12,34.12,31.074,3.3179,1.978,-0.25023,-0.4554,-0.021938,-0.48107
629.87,34.1,34.1,31.079,3.4814,1.6883,-0.3201,-0.40138,-0.13974,-0.45552
630.53,34.089,34.089,31.086,3.6225,1.3885,-0.37624,-0.3333,-0.24355,-0.39792
631.19,34.085,34.085,31.095,3.7379,1.0782,-0.41905,-0.25599,-0.32835,-0.31504
631.85,34.085,34.085,31.101,3.8243,0.7575,-0.44972,-0.174,-0.3909,-0.21462
632.52,34.086,34.086,31.105,3.8794,0.42748,-0.46921,-0.090816,-0.42911,-0.10417
633.18,34.087,34.087,31.105,3.9019,0.090388,-0.47807,-0.0088529,-0.4418,0.0092564
633.84,34.087,34.087,31.101,3.8915,-0.25077,-0.4765,0.070232,-0.42889,0.11918
634.5,34.087,34.087,31.094,3.8487,-0.59252,-0.46446,0.14528,-0.39141,0.2197
635.16,34.087,34.087,31.086,3.7745,-0.93111,-0.44173,0.21544,-0.33149,0.30568
635.83,34.087,34.087,31.077,3.6705,-1.2627,-0.40798,0.28007,-0.25223,0.37288
636.49,34.087,34.087,31.068,3.5391,-1.5833,-0.36284,0.33861,-0.15756,0.41816
637.15,34.087,34.087,31.062,3.3827,-1.8893,-0.30588,0.39057,-0.051901,0.43959
637.81,34.087,34.087,31.06,3.2043,-2.1771,-0.23685,0.4353,0.059855,0.43634
638.47,34.073,34.073,31.059,3.0038,-2.4465,-0.15894,0.46923,0.16938,0.40612
639.14,34.027,34.027,31.058,2.7798,-2.6985,-0.077247,0.48842,0.26657,0.34798
639.8,33.941,33.941,31.056,2.5343,-2.9307,0.0059501,0.4928,0.345,0.26638
640.46,33.817,33.817,31.055,2.2707,-3.1397,0.089812,0.48378,0.40105,0.16828
641.12,33.655,33.655,31.057,1.9926,-3.3229,0.17346,0.46264,0.4327,0.06111
641.78,33.458,33.458,31.061,1.7026,-3.4786,0.2554,0.43006,0.43906,-0.048127
642.45,33.225,33.225,31.068,1.4032,-3.6061,0.3335,0.38633,0.42023,-0.15304
643.11,32.956,32.956,31.078,1.0959,-3.7052,0.40512,0.33162,0.37735,-0.24794
643.77,32.65,32.65,31.088,0.78225,-3.7765,0.46734,0.26625,0.31263,-0.32787
644.43,32.308,32.308,31.098,0.46334,-3.8207,0.51715,0.1909,0.22929,-0.38877
645.09,31.93,31.93,31.106,0.14025,-3.8385,0.55165,0.1067,0.13141,-0.42756
645.76,31.518,31.518,31.112,-0.18596,-3.8309,0.56826,0.015356,0.023836,-0.44225
646.42,31.077,31.077,31.114,-0.51414,-3.7987,0.56494,-0.080859,-0.08805,-0.43201
647.08,30.611,30.611,31.112,-0.84288,-3.7424,0.54037,-0.17906,-0.19849,-0.39714
647.74,30.127,30.127,31.105,-1.1704,-3.6623,0.49421,-0.27582,-0.30152,-0.33905
648.4,29.587,29.587,31.045,-1.4943,-3.5585,0.4273,-0.36719,-0.39117,-0.26019
649.07,29.888,29.888,31.82,-1.8118,-3.4303,0.3418,-0.44888,-0.46156,-0.16391
649.73,29.979,29.979,32.363,-2.1186,-3.2766,0.24188,-0.51593,-0.50658,-0.053934
650.39,29.41,29.41,32.238,-2.4197,-3.1052,0.12289,-0.57282,-0.53106,0.056194
651.05,29.687,29.687,32.965,-2.7185,-2.9206,-0.018362,-0.61971,-0.54127,0.15846
651.71,29.936,29.936,33.541,-2.9724,-2.6848,-0.13709,-0.61656,-0.49557,0.28402
652.38,29.771,29.771,33.519,-3.1635,-2.39,-0.21026,-0.55698,-0.37434,0.42766
653.04,29.795,29.794,33.564,-3.312,-2.0651,-0.25494,-0.47205,-0.20232,0.54804
653.7,29.854,29.854,33.6,-3.44,-1.7363,-0.29268,-0.38811,-0.013627,0.61306
654.36,29.899,29.899,33.621,-3.556,-1.4131,-0.33292,-0.31367,0.16744,0.61349
655.02,29.921,29.921,33.627,-3.6583,-1.0945,-0.37493,-0.24602,0.32691,0.5555
655.69,29.927,29.927,33.625,-3.7414,-0.77616,-0.41386,-0.1797,0.45668,0.45134
656.35,29.926,29.926,33.62,-3.8006,-0.45528,-0.44479,-0.11091,0.55127,0.31426
657.01,29.923,29.923,33.613,-3.8325,-0.13117,-0.46424,-0.038445,0.60666,0.1568
657.67,29.921,29.921,33.607,-3.8359,0.195,-0.47039,0.036768,0.62032,-0.0092258
658.33,29.973,29.973,33.654,-3.8103,0.52088,-0.46277,0.11253,0.59163,-0.17272
659,29.312,29.312,32.989,-3.7565,0.84347,-0.44206,0.18598,0.52206,-0.32335
659.66,28.618,28.618,32.289,-3.6759,1.1594,-0.40987,0.25401,0.4152,-0.45186
660.32,28.721,28.721,32.384,-3.5708,1.4649,-0.36906,0.31324,0.27616,-0.55084
660.98,28.11,28.11,31.745,-3.4367,1.7635,-0.31603,0.36702,0.11807,-0.60842
661.67,27.425,27.425,31.015,-3.2755,2.0538,-0.25624,0.40795,-0.058347,-0.62681
