0.30084,34.905,34.856,20.373,8.6667,-6.7446,3.5553,-3.4845,2.2616,-2.355
0.98559,33.896,33.891,36.195,-2.2568,-1.5127,0.06272,-0.30146,-0.11013,-0.17024
1.65,33.729,33.73,34.71,0.22448,2.6607,-0.72926,0.093439,-0.47577,-0.82061
2.312,33.682,33.686,32.249,-0.12648,-2.3839,-0.68812,0.5073,2.2515,1.618
2.974,33.65,33.647,34.541,0.19824,1.4941,4.2051,-0.32214,-5.2975,-0.4785
3.636,33.824,33.822,32.759,-0.82681,-0.41157,-6.9808,-2.7072,8.8708,-0.4831
4.298,34.022,34.023,35.885,3.4255,1.6133,5.4002,7.5123,-10.688,-3.5901
4.96,34.128,34.135,31.259,-2.4116,-4.3075,0.57261,-7.9725,4.7143,12.049
5.622,34.14,34.129,33.35,-2.5426,0.67547,-5.8506,1.3927,9.172,-12.052
6.284,34.119,34.12,37.159,3.5019,4.0058,5.6244,5.8005,-12.166,-4.6065
6.946,34.099,34.108,33.991,1.4501,-1.1564,3.3683,-5.0581,-4.7019,13.481
7.608,34.088,34.088,31.584,-2.5086,-3.1232,-6.6111,-5.3959,11.624,3.9028
8.27,34.085,34.079,33.767,-1.2047,0.25759,-5.332,4.2462,6.8483,-11.457
8.932,34.085,34.083,36.146,1.9677,2.4204,3.6611,7.6334,-7.6914,-8.5376
9.594,34.086,34.09,35.474,2.12,0.68918,7.5678,1.3009,-11.072,5.1592
10.256,34.087,34.091,33.129,-0.53216,-2.0455,3.067,-5.9869,-1.5731,11.795
10.918,34.087,34.087,31.879,-2.7879,-2.5916,-3.7466,-6.9411,8.7425,5.9803
11.58,34.087,34.084,32.731,-2.5999,-0.66523,-6.4737,-1.9901,10.427,-4.7237
12.242,34.087,34.084,34.677,-0.4392,1.8499,-3.8307,3.8223,3.6767,-10.781
12.904,34.087,34.086,36.141,1.8866,3.0606,1.1878,6.2161,-5.1296,-8.5997
13.566,34.087,34.088,36.247,2.8947,2.3748,4.8115,4.3194,-9.8648,-1.0182
14.228,34.087,34.09,35.145,2.2386,0.46794,5.1001,0.084334,-8.393,6.5352
14.89,34.079,34.081,33.608,0.54862,-1.4821,2.4667,-3.7271,-2.5421,9.9447
15.552,34.04,34.041,32.446,-1.1895,-2.5507,-1.2645,-5.2398,4.0492,8.1638
16.214,33.961,33.961,32.108,-2.2046,-2.4258,-4.16,-4.1048,8.2175,2.8222
16.876,33.843,33.842,32.589,-2.2171,-1.37,-5.0765,-1.2181,8.5463,-3.2613
17.538,33.687,33.685,33.555,-1.4141,0.047444,-3.9212,1.9979,5.4655,-7.5693
18.2,33.495,33.493,34.56,-0.25019,1.2499,-1.4082,4.2859,0.59096,-8.7683
18.862,33.266,33.265,35.235,0.78596,1.8596,1.4053,4.9644,-4.1614,-6.8752
19.524,33,33.001,35.387,1.3438,1.7715,3.5596,4.0135,-7.2901,-2.9098
20.186,32.698,32.699,35.018,1.286,1.117,4.4691,1.9203,-8.0745,1.6706
20.848,32.358,32.36,34.276,0.6766,0.1673,4.0067,-0.58343,-6.5992,5.502
21.51,31.982,31.984,33.377,-0.28376,-0.77457,2.4339,-2.7795,-3.5429,7.6673
22.172,31.572,31.574,32.537,-1.3419,-1.4604,0.24675,-4.1466,0.13224,7.8322
22.834,31.131,31.132,31.916,-2.2659,-1.7453,-1.9956,-4.4447,3.4783,6.1982
23.496,30.665,30.665,31.594,-2.8943,-1.5992,-3.8124,-3.7111,5.7778,3.3407
24.158,30.18,30.18,31.572,-3.1566,-1.0887,-4.8884,-2.1948,6.6528,0.0043202
24.82,29.685,29.685,31.785,-3.0685,-0.34308,-5.1049,-0.26247,6.0736,-3.0855
25.482,29.193,29.193,32.131,-2.7115,0.48413,-4.5228,1.6963,4.2957,-5.3617
26.144,28.72,28.719,32.499,-2.2028,1.2495,-3.335,3.3457,1.7576,-6.49
26.806,28.253,28.253,32.782,-1.6751,1.8368,-1.8145,4.4461,-1.0396,-6.3908
27.468,27.771,27.771,32.899,-1.2477,2.1766,-0.25221,4.8822,-3.6281,-5.1965
28.13,27.418,27.418,32.843,-0.96837,2.2841,1.1377,4.6908,-5.5943,-3.1631
28.792,27.281,27.281,32.621,-0.86045,2.1945,2.1953,3.9763,-6.6749,-0.66504
29.454,27.291,27.292,32.24,-0.94524,1.9398,2.801,2.8723,-6.8036,1.8736
30.116,27.348,27.349,31.723,-1.2156,1.5725,2.9071,1.5489,-6.0662,4.084
30.778,27.395,27.396,31.124,-1.6285,1.1657,2.5463,0.19498,-4.6457,5.7053
31.44,27.419,27.42,30.504,-2.1183,0.79575,1.8137,-1.0151,-2.7796,6.5935
32.102,27.426,27.427,29.924,-2.6131,0.52594,0.84038,-1.9471,-0.72463,6.713
32.764,27.425,27.426,29.432,-3.0476,0.39793,-0.2317,-2.5191,1.273,6.119
33.426,27.423,27.424,29.06,-3.3703,0.42981,-1.2687,-2.703,3.0028,4.9365
34.088,27.421,27.422,28.821,-3.547,0.61822,-2.159,-2.5176,4.3069,3.3369
34.75,27.42,27.42,28.714,-3.5612,0.94247,-2.8207,-2.019,5.0886,1.5139
35.412,27.42,27.42,28.726,-3.4135,1.3695,-3.2059,-1.2878,5.3137,-0.33918
36.074,27.42,27.42,28.834,-3.1186,1.8589,-3.2997,-0.41784,5.0045,-2.0476
36.736,27.419,27.418,29.009,-2.7026,2.3676,-3.1176,0.49496,4.2299,-3.4693
37.398,27.437,27.436,29.226,-2.1916,2.861,-2.6908,1.3703,3.0929,-4.5005
38.06,27.488,27.488,29.459,-1.6116,3.3082,-2.0615,2.1403,1.7023,-5.0843
38.722,27.457,27.456,29.652,-1.0267,3.6501,-1.3196,2.7158,0.15028,-5.2096
39.384,27.467,27.467,29.812,-0.44289,3.8927,-0.50556,3.0826,-1.3966,-4.8416
40.046,27.653,27.653,29.945,0.13574,4.0425,0.34005,3.2348,-2.7673,-4.0051
40.708,28.024,28.023,30.032,0.67997,4.0837,1.149,3.1546,-3.8372,-2.7993
41.37,28.529,28.529,30.052,1.1553,4.0007,1.8467,2.8371,-4.5253,-1.3614
42.032,29.109,29.11,29.994,1.5357,3.791,2.37,2.303,-4.7899,0.16035
42.694,29.719,29.719,29.859,1.8091,3.4675,2.6764,1.598,-4.6253,1.6229
43.356,30.325,30.325,29.66,1.9773,3.0557,2.7476,0.78653,-4.0597,2.8988
44.018,30.908,30.909,29.419,2.0533,2.5878,2.5891,-0.057615,-3.1528,3.8833
44.68,31.455,31.455,29.161,2.0582,2.0984,2.2273,-0.86015,-1.9909,4.5003
45.342,31.955,31.956,28.912,2.0178,1.6205,1.7055,-1.5535,-0.67925,4.7074
46.004,32.404,32.404,28.697,1.9602,1.1828,1.0798,-2.0828,0.6673,4.4981
46.666,32.798,32.798,28.538,1.9128,0.80715,0.41319,-2.41,1.9341,3.9014
47.328,33.138,33.138,28.452,1.8998,0.50751,-0.23005,-2.5166,3.0163,2.9783
47.99,33.425,33.425,28.448,1.9399,0.28864,-0.79056,-2.405,3.8276,1.8156
48.652,33.661,33.661,28.529,2.0445,0.14636,-1.2189,-2.0968,4.3068,0.51789
49.314,33.849,33.849,28.689,2.2167,0.068351,-1.4798,-1.6308,4.4223,-0.80166
49.976,33.989,33.988,28.918,2.4512,0.035675,-1.5549,-1.0584,4.1738,-2.0312
50.638,34.091,34.09,29.2,2.7371,0.027161,-1.4415,-0.43671,3.5942,-3.0675
51.3,34.148,34.148,29.513,3.0527,0.015182,-1.1581,0.17062,2.74,-3.8309
51.962,34.142,34.142,29.83,3.3691,-0.028808,-0.74218,0.7027,1.6852,-4.2672
52.624,34.116,34.115,30.138,3.6698,-0.11604,-0.22719,1.1213,0.53502,-4.3378
53.286,34.096,34.095,30.422,3.9336,-0.25922,0.34205,1.3934,-0.602,-4.0443
53.948,34.086,34.086,30.664,4.1362,-0.47035,0.91226,1.4952,-1.6264,-3.4255
54.61,34.084,34.084,30.851,4.2556,-0.75512,1.4301,1.4185,-2.4528,-2.5477
55.272,34.085,34.085,30.975,4.2761,-1.1108,1.8487,1.1729,-3.0153,-1.4965
55.934,34.086,34.086,31.036,4.1898,-1.5262,2.1323,0.78449,-3.2721,-0.36913
56.596,34.087,34.087,31.039,3.9968,-1.9834,2.2588,0.29211,-3.208,0.73423
57.258,34.087,34.087,30.997,3.7052,-2.4595,2.2215,-0.25651,-2.8359,1.7183
57.92,34.087,34.087,30.923,3.3297,-2.9285,2.0289,-0.80978,-2.1945,2.5005
58.582,34.087,34.087,30.838,2.8906,-3.3641,1.7039,-1.3171,-1.3447,3.0178
59.244,34.087,34.087,30.758,2.4122,-3.7416,1.2807,-1.7334,-0.36386,3.2313
59.906,34.087,34.087,30.704,1.9203,-4.0397,0.8022,-2.0232,0.66117,3.1293
60.568,34.087,34.087,30.689,1.4406,-4.2426,0.31549,-2.1632,1.642,2.7275
61.23,34.084,34.084,30.727,0.99553,-4.3418,-0.13343,-2.1458,2.4949,2.066
61.892,34.057,34.057,30.819,0.59994,-4.3388,-0.50689,-1.9806,3.1448,1.2038
62.554,33.994,33.993,30.966,0.26469,-4.2401,-0.77406,-1.6883,3.5364,0.21879
63.216,33.891,33.89,31.165,-0.002805,-4.0558,-0.91232,-1.2983,3.6402,-0.79911
63.878,33.75,33.749,31.408,-0.20102,-3.8008,-0.91105,-0.84819,3.453,-1.7591
64.54,33.573,33.572,31.684,-0.33499,-3.4947,-0.77339,-0.38109,2.9965,-2.5779
65.202,33.36,33.36,31.977,-0.41573,-3.1596,-0.51606,0.058453,2.3144,-3.1871
65.864,33.112,33.111,32.269,-0.45892,-2.8183,-0.16758,0.42892,1.4684,-3.5382
66.526,32.827,32.826,32.543,-0.48313,-2.492,0.23448,0.69584,0.53202,-3.6059
67.188,32.505,32.505,32.781,-0.50794,-2.1986,0.64708,0.83505,-0.41532,-3.3897
67.85,32.148,32.147,32.969,-0.55212,-1.9513,1.0257,0.83486,-1.2956,-2.9132
68.512,31.755,31.755,33.097,-0.63187,-1.7575,1.3285,0.69706,-2.0388,-2.2214
69.174,31.331,31.331,33.159,-0.75941,-1.6186,1.5199,0.43671,-2.5883,-1.3764
69.836,30.879,30.879,33.153,-0.9419,-1.53,1.5739,0.0807,-2.9057,-0.45153
70.498,30.405,30.405,33.082,-1.1808,-1.4816,1.4766,-0.3347,-2.9733,0.47518
71.16,29.917,29.917,32.957,-1.4717,-1.4593,1.2274,-0.76706,-2.7951,1.3278
71.822,29.426,29.426,32.787,-1.8047,-1.4457,0.83944,-1.1716,-2.3956,2.039
72.484,28.944,28.945,32.588,-2.1649,-1.4222,0.33862,-1.5051,-1.8168,2.5555
73.146,28.485,28.485,32.375,-2.535,-1.3713,-0.23951,-1.7307,-1.1153,2.8412
73.808,27.997,27.997,32.149,-2.9109,-1.2917,-0.86818,-1.8335,-0.3731,2.8683
74.47,27.549,27.549,31.94,-3.2578,-1.1551,-1.4851,-1.7788,0.35186,2.6646
75.132,27.31,27.31,31.796,-3.5181,-0.92544,-1.9991,-1.5377,1.0317,2.2922
75.794,27.27,27.27,31.714,-3.6846,-0.61692,-2.3747,-1.1443,1.6157,1.7786
76.456,27.319,27.319,31.669,-3.7773,-0.26448,-2.6137,-0.65656,2.0419,1.1459
77.118,27.376,27.376,31.643,-3.8118,0.1073,-2.7226,-0.1218,2.2679,0.4386
77.78,27.411,27.411,31.63,-3.7945,0.48645,-2.7051,0.42633,2.2807,-0.28206
78.442,27.424,27.424,31.628,-3.728,0.8662,-2.5668,0.96085,2.0912,-0.95336
79.104,27.426,27.426,31.635,-3.6164,1.2397,-2.3189,1.457,1.7264,-1.5222
79.766,27.424,27.424,31.646,-3.4664,1.5984,-1.979,1.8915,1.2235,-1.9497
80.428,27.422,27.422,31.654,-3.2875,1.9334,-1.5702,2.2443,0.62521,-2.2126
81.09,27.421,27.421,31.653,-3.0901,2.2361,-1.1185,2.5004,-0.024071,-2.3018
81.752,27.42,27.42,31.637,-2.8847,2.4996,-0.65097,2.6504,-0.68071,-2.2206
82.414,27.42,27.42,31.599,-2.681,2.7194,-0.19345,2.6915,-1.3045,-1.9833
83.076,27.42,27.42,31.538,-2.487,2.893,0.23049,2.6265,-1.8608,-1.6121
83.738,27.419,27.419,31.449,-2.3092,3.0207,0.60114,2.4641,-2.3217,-1.1353
84.4,27.266,27.267,31.151,-2.1412,3.1136,0.9146,2.2233,-2.6583,-0.57254
85.062,30.468,30.468,34.198,-2.0011,3.1583,1.1438,1.8991,-2.8722,0.029247
85.724,32.645,32.645,36.228,-1.8951,3.1566,1.2728,1.5076,-2.9604,0.63699
86.386,32.533,32.533,35.861,-1.7841,3.1511,1.336,1.1048,-2.8792,1.2522
87.048,32.778,32.778,35.708,-1.656,3.152,1.3454,0.71263,-2.619,1.8391
87.71,33.156,33.156,35.569,-1.5144,3.1542,1.2997,0.33694,-2.1976,2.348
88.372,33.623,33.623,35.438,-1.3646,3.1517,1.1971,-0.017361,-1.6472,2.7347
89.034,34.138,34.138,35.313,-1.2086,3.1421,1.0404,-0.34197,-1.0065,2.9681
89.696,34.674,34.674,35.198,-1.0449,3.1272,0.83811,-0.62566,-0.3167,3.0316
90.358,35.21,35.21,35.095,-0.86921,3.1107,0.60322,-0.85675,0.38078,2.9223
91.02,35.733,35.733,35.012,-0.67611,3.0965,0.35126,-1.0255,1.0459,2.6486
91.682,36.232,36.232,34.952,-0.46062,3.0876,0.098647,-1.1257,1.6415,2.2288
92.344,36.697,36.698,34.919,-0.21864,3.0852,-0.1386,-1.155,2.1356,1.6895
93.006,37.124,37.124,34.915,0.052516,3.0892,-0.34584,-1.1155,2.5025,1.0634
93.668,37.509,37.509,34.941,0.35393,3.0973,-0.51067,-1.0129,2.7243,0.38763
94.33,37.849,37.849,34.996,0.68486,3.1059,-0.62359,-0.85672,2.792,-0.2986
94.992,38.146,38.146,35.076,1.0426,3.11,-0.67865,-0.6593,2.7054,-0.9564
95.654,38.401,38.4,35.179,1.4224,3.1033,-0.67385,-0.43526,2.4729,-1.5495
96.316,38.615,38.615,35.298,1.8174,3.0786,-0.6113,-0.2006,2.1104,-2.0463
96.978,38.791,38.791,35.428,2.2193,3.0284,-0.4971,0.028325,1.6408,-2.4215
97.64,38.93,38.93,35.56,2.6183,2.9454,-0.34087,0.23592,1.0919,-2.6572
98.302,39.032,39.031,35.688,3.0035,2.8228,-0.15511,0.40835,0.49485,-2.7437
98.964,39.107,39.107,35.806,3.3666,2.6573,0.048149,0.5365,-0.11461,-2.6775
99.626,39.139,39.139,35.905,3.6925,2.4408,0.24927,0.6081,-0.70763,-2.4702
100.29,39.127,39.127,35.977,3.9711,2.1717,0.43213,0.61977,-1.2539,-2.1352
100.95,39.106,39.106,36.028,4.2025,1.8586,0.59117,0.57964,-1.7164,-1.6857
101.61,39.092,39.092,36.059,4.3832,1.506,0.71778,0.49281,-2.0675,-1.1478
102.27,39.087,39.087,36.066,4.508,1.1169,0.8023,0.36417,-2.2898,-0.5555
102.94,39.086,39.086,36.05,4.573,0.69573,0.83708,0.20116,-2.3742,0.054622
103.6,39.086,39.087,36.011,4.5769,0.24901,0.81808,0.014238,-2.3196,0.64658
104.26,39.087,39.087,35.953,4.5209,-0.21463,0.74535,-0.18374,-2.1321,1.187
104.92,39.088,39.088,35.881,4.4088,-0.68522,0.62291,-0.37875,-1.8247,1.6468
105.58,39.088,39.088,35.8,4.2461,-1.1522,0.45835,-0.55675,-1.4163,2.002
106.25,39.088,39.088,35.717,4.0401,-1.605,0.26226,-0.70472,-0.931,2.2351
106.91,39.088,39.088,35.638,3.7991,-2.0335,0.047567,-0.81163,-0.39639,2.3356
107.57,39.088,39.088,35.57,3.532,-2.4287,-0.17129,-0.86906,0.15788,2.3005
108.23,39.088,39.088,35.518,3.2478,-2.7829,-0.37918,-0.87182,0.7018,2.1344
108.89,39.088,39.088,35.487,2.9555,-3.0899,-0.56112,-0.81815,1.2068,1.8488
109.56,39.081,39.081,35.48,2.6616,-3.3473,-0.70529,-0.71185,1.6449,1.4597
110.22,39.047,39.046,35.495,2.3681,-3.5572,-0.8052,-0.56233,1.9888,0.98676
110.88,38.973,38.973,35.53,2.0789,-3.7203,-0.85449,-0.37857,2.2191,0.45723
111.54,38.861,38.861,35.586,1.7981,-3.837,-0.84769,-0.16993,2.3249,-0.096657
112.2,38.712,38.712,35.662,1.5291,-3.9091,-0.7822,0.052427,2.3031,-0.64197
112.87,38.528,38.527,35.756,1.2729,-3.9403,-0.65927,0.27552,2.1577,-1.1475
113.53,38.307,38.307,35.863,1.0291,-3.9358,-0.4841,0.48542,1.8989,-1.5856
114.19,38.051,38.051,35.979,0.79513,-3.9019,-0.26551,0.6683,1.5427,-1.9332
114.85,37.759,37.758,36.096,0.56758,-3.8451,-0.015308,0.81157,1.1098,-2.1726
115.51,37.43,37.429,36.21,0.34208,-3.7719,0.25239,0.90473,0.62467,-2.2925
116.18,37.065,37.065,36.315,0.11395,-3.6882,0.52205,0.94014,0.1141,-2.2885
116.84,36.666,36.666,36.404,-0.12142,-3.5989,0.77762,0.91353,-0.39422,-2.1626
117.5,36.236,36.236,36.474,-0.36816,-3.5075,1.0035,0.82438,-0.87319,-1.9235
118.16,35.779,35.779,36.521,-0.62946,-3.4162,1.1855,0.67596,-1.2976,-1.5856
118.82,35.303,35.303,36.544,-0.90724,-3.3254,1.3117,0.4753,-1.6454,-1.1685
119.49,34.814,34.814,36.541,-1.2018,-3.2341,1.3733,0.23284,-1.8987,-0.6953
120.15,34.325,34.325,36.515,-1.5118,-3.1393,1.3655,-0.038078,-2.0446,-0.19184
120.81,33.849,33.849,36.469,-1.8331,-3.0366,1.2878,-0.32159,-2.075,0.3154
121.47,33.39,33.39,36.404,-2.1638,-2.9237,1.1406,-0.60414,-1.9914,0.79658
122.13,32.893,32.893,36.31,-2.5139,-2.8101,0.9136,-0.88297,-1.8167,1.2135
122.8,32.477,32.477,36.219,-2.8497,-2.6623,0.64344,-1.1134,-1.5354,1.5738
123.46,32.287,32.287,36.166,-3.1309,-2.4485,0.37817,-1.2574,-1.1257,1.8803
124.12,32.277,32.277,36.139,-3.3642,-2.1853,0.12055,-1.3285,-0.61924,2.0897
124.78,32.333,32.333,36.116,-3.5697,-1.8996,-0.14204,-1.3503,-0.071276,2.1602
125.44,32.387,32.387,36.086,-3.7562,-1.6033,-0.41176,-1.3314,0.46853,2.0776
126.11,32.416,32.416,36.052,-3.9199,-1.2954,-0.67848,-1.2687,0.96285,1.8518
126.77,32.426,32.426,36.021,-4.052,-0.97088,-0.92635,-1.1564,1.3838,1.5063
127.43,32.427,32.427,36,-4.1442,-0.62608,-1.1395,-0.99258,1.7101,1.0705
128.09,32.424,32.424,35.994,-4.1905,-0.26081,-1.3048,-0.7806,1.9257,0.57602
128.75,32.422,32.422,36.003,-4.188,0.12191,-1.4132,-0.5286,2.0205,0.055071
129.42,32.421,32.421,36.027,-4.1363,0.51672,-1.4596,-0.24821,1.9905,-0.46034
130.08,32.421,32.421,36.062,-4.0372,0.91676,-1.4425,0.046775,1.8386,-0.93979
130.74,32.421,32.421,36.105,-3.8949,1.3131,-1.3649,0.34067,1.5753,-1.3546
131.4,32.42,32.42,36.152,-3.7168,1.694,-1.2347,0.61606,1.2202,-1.6796
132.06,32.426,32.426,36.197,-3.5087,2.0533,-1.0608,0.86162,0.79861,-1.8986
132.73,32.47,32.47,36.245,-3.2692,2.3937,-0.8456,1.0744,0.33949,-2
133.39,32.456,32.456,36.267,-3.0276,2.6876,-0.62436,1.2235,-0.15876,-2.0031
134.05,32.45,32.45,36.276,-2.7751,2.9478,-0.39491,1.3215,-0.65628,-1.8884
134.71,32.577,32.576,36.298,-2.4883,3.197,-0.13883,1.39,-1.0945,-1.6392
135.37,32.858,32.858,36.331,-2.1691,3.4315,0.13773,1.4237,-1.4416,-1.2763
136.04,33.264,33.264,36.364,-1.8311,3.6372,0.41583,1.4088,-1.6845,-0.83704
136.7,33.749,33.749,36.385,-1.4893,3.8013,0.67426,1.3352,-1.8202,-0.36072
137.36,34.275,34.275,36.386,-1.1548,3.9166,0.89529,1.2005,-1.8512,0.1179
138.02,34.814,34.814,36.365,-0.83426,3.9819,1.0664,1.01,-1.7829,0.56997
138.68,35.349,35.349,36.324,-0.53077,3.9997,1.1799,0.77419,-1.6241,0.97203
139.35,35.866,35.866,36.265,-0.24495,3.9747,1.2325,0.50664,-1.3869,1.3054
140.01,36.355,36.355,36.194,0.024143,3.9128,1.2243,0.22227,-1.0867,1.556
140.67,36.81,36.81,36.114,0.27856,3.8203,1.1587,-0.063692,-0.74119,1.7148
141.33,37.225,37.225,36.032,0.52118,3.7037,1.0418,-0.33661,-0.36951,1.7775
141.99,37.598,37.598,35.952,0.75532,3.5689,0.88232,-0.58319,0.0086397,1.7452
142.66,37.928,37.928,35.879,0.98443,3.4213,0.69049,-0.79217,0.37402,1.6234
143.32,38.216,38.216,35.818,1.2116,3.2652,0.47763,-0.95489,0.70864,1.4217
143.98,38.462,38.462,35.771,1.4394,3.1038,0.25531,-1.0657,0.99648,1.1532
144.64,38.668,38.668,35.74,1.6692,2.9388,0.034704,-1.1219,1.2242,0.8337
145.3,38.835,38.835,35.726,1.9016,2.7707,-0.174,-1.124,1.3815,0.481
145.97,38.964,38.963,35.728,2.136,2.5991,-0.36214,-1.0751,1.4617,0.11376
146.63,39.057,39.057,35.746,2.3708,2.4227,-0.52237,-0.98064,1.4626,-0.24863
147.29,39.123,39.123,35.779,2.6051,2.2409,-0.64782,-0.84649,1.3874,-0.58662
147.95,39.139,39.139,35.817,2.8289,2.0449,-0.74214,-0.68771,1.2346,-0.88955
148.61,39.12,39.12,35.863,3.0419,1.8369,-0.80063,-0.50885,1.0165,-1.1374
149.28,39.101,39.101,35.918,3.2465,1.6207,-0.81677,-0.31353,0.75328,-1.3128
149.94,39.09,39.09,35.98,3.4392,1.3945,-0.79137,-0.1119,0.46179,-1.4089
150.6,39.086,39.086,36.044,3.6137,1.1542,-0.72958,0.084056,0.15747,-1.4257
151.26,39.086,39.086,36.105,3.7636,0.8967,-0.63842,0.26354,-0.14466,-1.3669
151.92,39.087,39.087,36.159,3.8831,0.62023,-0.52558,0.41807,-0.42985,-1.2389
152.59,39.088,39.087,36.203,3.9679,0.32477,-0.39878,0.54171,-0.68417,-1.0509
153.25,39.088,39.088,36.234,4.0144,0.011683,-0.26546,0.63088,-0.89528,-0.81414
153.91,39.088,39.088,36.253,4.0205,-0.31646,-0.13256,0.68425,-1.053,-0.54208
154.57,39.088,39.088,36.259,3.985,-0.65607,-0.0061793,0.70246,-1.1502,-0.24946
155.23,39.088,39.088,36.254,3.9081,-1.0027,0.10864,0.68793,-1.1824,0.048263
155.9,39.088,39.088,36.238,3.7908,-1.3512,0.20818,0.6446,-1.1488,0.33569
156.56,39.088,39.088,36.214,3.6356,-1.6959,0.29017,0.57761,-1.0516,0.59827
157.22,39.088,39.088,36.185,3.4457,-2.031,0.35371,0.49274,-0.89627,0.82285
157.88,39.074,39.074,36.15,3.2222,-2.3535,0.39606,0.39338,-0.69439,0.99567
158.54,39.028,39.028,36.11,2.9653,-2.6614,0.41412,0.28267,-0.46169,1.1059
159.21,38.942,38.942,36.066,2.6792,-2.9494,0.40906,0.16735,-0.21239,1.1499
159.87,38.817,38.817,36.022,2.3697,-3.2111,0.38469,0.05506,0.04044,1.1291
160.53,38.656,38.656,35.983,2.043,-3.4413,0.34576,-0.047634,0.28415,1.0479
161.19,38.459,38.459,35.95,1.7047,-3.636,0.29708,-0.13592,0.50659,0.91274
161.85,38.226,38.226,35.926,1.3598,-3.7926,0.24316,-0.20678,0.69662,0.73243
162.52,37.956,37.956,35.911,1.0124,-3.91,0.18799,-0.25879,0.8447,0.51745
163.18,37.65,37.65,35.906,0.66604,-3.9879,0.13496,-0.29194,0.94345,0.27975
163.84,37.308,37.308,35.91,0.32359,-4.0271,0.086711,-0.30737,0.9881,0.032243
164.5,36.93,36.93,35.921,-0.012766,-4.0291,0.04505,-0.30713,0.9767,-0.21182
165.16,36.519,36.519,35.939,-0.34142,-3.9961,0.010946,-0.29399,0.91031,-0.43951
165.83,36.078,36.078,35.962,-0.66124,-3.9304,-0.015428,-0.27104,0.79291,-0.63883
166.49,35.612,35.612,35.987,-0.97144,-3.835,-0.034576,-0.24151,0.63131,-0.79928
167.15,35.129,35.129,36.013,-1.2714,-3.7123,-0.047475,-0.20842,0.43486,-0.91241
167.81,34.637,34.637,36.038,-1.5605,-3.565,-0.05533,-0.17434,0.21502,-0.9722
168.47,34.149,34.149,36.061,-1.8379,-3.3952,-0.059253,-0.14114,-0.015017,-0.97536
169.14,33.681,33.681,36.083,-2.1015,-3.2038,-0.059443,-0.10945,-0.24041,-0.92109
169.8,33.212,33.212,36.093,-2.3589,-3.001,-0.06573,-0.088435,-0.45632,-0.82076
170.46,32.724,32.724,36.086,-2.6161,-2.7932,-0.087333,-0.082084,-0.65921,-0.68281
171.12,32.385,32.385,36.101,-2.8328,-2.5436,-0.085302,-0.0524,-0.79732,-0.4784
171.78,32.271,32.271,36.148,-2.9927,-2.2449,-0.042414,0.0062112,-0.84144,-0.21734
172.45,32.295,32.295,36.203,-3.1182,-1.9264,0.018557,0.063061,-0.80815,0.052293
173.11,32.354,32.354,36.241,-3.2327,-1.6139,0.070976,0.093522,-0.72482,0.29011
173.77,32.4,32.4,36.255,-3.3454,-1.3163,0.10124,0.09212,-0.6108,0.47755
174.43,32.421,32.421,36.247,-3.455,-1.031,0.10702,0.065673,-0.47716,0.61087
175.09,32.427,32.427,36.223,-3.5558,-0.75211,0.091299,0.02461,-0.33124,0.69238
175.76,32.426,32.426,36.19,-3.6421,-0.47456,0.058406,-0.021707,-0.17994,0.72578
176.42,32.424,32.424,36.151,-3.7095,-0.19543,0.012497,-0.066255,-0.030809,0.71504
177.08,32.422,32.422,36.111,-3.7548,0.086525,-0.04268,-0.10412,0.1083,0.66471
177.74,32.421,32.421,36.071,-3.7757,0.37129,-0.10365,-0.13199,0.22984,0.58038
178.4,32.421,32.421,36.032,-3.7706,0.65806,-0.16713,-0.14778,0.32721,0.46883
179.07,32.421,32.421,35.995,-3.7386,0.94539,-0.23009,-0.15048,0.39519,0.33785
179.73,32.42,32.42,35.96,-3.6797,1.231,-0.29025,-0.14037,0.42979,0.19561
180.39,32.442,32.442,35.933,-3.5876,1.5188,-0.33906,-0.11227,0.43582,0.056452
181.05,32.476,32.476,35.91,-3.4668,1.8013,-0.37787,-0.073197,0.41072,-0.077294
181.71,32.445,32.445,35.873,-3.3377,2.0582,-0.42564,-0.041325,0.33523,-0.21265
182.38,32.479,32.479,35.852,-3.1694,2.3195,-0.44933,0.014216,0.2458,-0.30879
183.04,32.666,32.666,35.865,-2.9442,2.5972,-0.42694,0.10345,0.17202,-0.34997
183.7,33,33,35.905,-2.667,2.8808,-0.35944,0.21251,0.12126,-0.34732
184.36,33.442,33.442,35.96,-2.3507,3.1536,-0.25785,0.32169,0.089779,-0.31921
185.02,33.947,33.947,36.019,-2.0083,3.4013,-0.13504,0.4148,0.070642,-0.28117
185.69,34.481,34.48,36.074,-1.6496,3.6148,-0.0020437,0.48186,0.057755,-0.24286
186.35,35.02,35.02,36.122,-1.2815,3.7894,0.13255,0.51825,0.046876,-0.20894
187.01,35.549,35.549,36.161,-0.90886,3.9232,0.26192,0.52292,0.035231,-0.18094
187.67,36.056,36.056,36.19,-0.53548,4.0156,0.38038,0.49701,0.021021,-0.15867
188.33,36.533,36.533,36.211,-0.16461,4.0671,0.48317,0.44313,0.0032038,-0.14099
189,36.973,36.973,36.224,0.20093,4.0786,0.56643,0.36503,-0.018521,-0.12624
189.66,37.372,37.372,36.23,0.55869,4.0517,0.62732,0.26729,-0.043717,-0.11249
190.32,37.729,37.729,36.23,0.90655,3.9883,0.66396,0.15506,-0.071295,-0.097872
190.98,38.043,38.043,36.225,1.2425,3.8903,0.67541,0.033729,-0.099715,-0.080846
191.64,38.315,38.315,36.216,1.5647,3.76,0.66156,-0.091342,-0.12723,-0.060435
192.31,38.546,38.546,36.204,1.8711,3.5993,0.62296,-0.21503,-0.15211,-0.036318
192.97,38.737,38.737,36.189,2.1599,3.4102,0.56083,-0.3326,-0.17289,-0.0088264
193.63,38.889,38.889,36.172,2.4288,3.1947,0.47691,-0.4398,-0.18847,0.02115
194.29,39.054,39.054,36.203,2.6759,2.9546,0.37335,-0.533,-0.19832,0.052215
194.95,38.544,38.544,35.59,2.9005,2.6935,0.25448,-0.60757,-0.2007,0.084282
195.62,37.835,37.835,34.81,3.0998,2.4119,0.12252,-0.66247,-0.19681,0.11403
196.28,37.883,37.883,34.832,3.2674,2.1082,-0.02388,-0.69955,-0.19258,0.13643
196.94,37.862,37.862,34.806,3.4099,1.7928,-0.17271,-0.70914,-0.18092,0.15872
197.6,37.845,37.845,34.785,3.5311,1.4723,-0.31425,-0.68726,-0.15694,0.18269
198.26,37.837,37.837,34.771,3.6305,1.1482,-0.4434,-0.63586,-0.12083,0.20487
198.93,37.835,37.835,34.761,3.7061,0.82104,-0.55695,-0.55895,-0.075201,0.22085
199.59,37.836,37.836,34.755,3.7566,0.49153,-0.65214,-0.46074,-0.0234,0.2273
200.25,37.837,37.837,34.751,3.781,0.16132,-0.72625,-0.34527,0.031208,0.22242
200.91,37.838,37.838,34.749,3.7794,-0.16745,-0.77673,-0.21651,0.085503,0.20579
201.57,37.838,37.838,34.75,3.7521,-0.49234,-0.80145,-0.078546,0.13668,0.17805
202.24,37.838,37.838,34.754,3.6999,-0.81087,-0.79888,0.06432,0.18232,0.14061
202.9,37.838,37.838,34.762,3.6238,-1.1206,-0.76823,0.20761,0.22049,0.095503
203.56,37.838,37.838,34.773,3.5249,-1.4192,-0.70951,0.34675,0.24978,0.045152
204.22,37.838,37.838,34.787,3.4045,-1.7045,-0.62355,0.47722,0.26947,-0.0077562
204.88,37.838,37.838,34.806,3.2643,-1.9744,-0.5119,0.59475,0.27955,-0.060393
205.55,37.835,37.835,34.828,3.1049,-2.2278,-0.37784,0.69447,0.27975,-0.11094
206.21,37.81,37.81,34.85,2.9235,-2.4673,-0.22936,0.76885,0.26618,-0.16064
206.87,37.748,37.748,34.868,2.7182,-2.6937,-0.074099,0.81332,0.23632,-0.20832
207.53,37.647,37.647,34.882,2.4906,-2.9048,0.082755,0.82724,0.1913,-0.24973
208.19,37.466,37.466,34.853,2.2427,-3.0981,0.23677,0.8115,0.1341,-0.28052
208.86,37.698,37.698,35.27,1.9768,-3.2713,0.38339,0.76745,0.068377,-0.29753
209.52,38.402,38.402,36.192,1.6944,-3.4232,0.51778,0.69669,-0.0021202,-0.2991
210.18,38.126,38.126,36.167,1.3971,-3.5527,0.63503,0.60132,-0.073763,-0.28489
210.84,37.84,37.84,36.167,1.0861,-3.6593,0.73051,0.4841,-0.14314,-0.25567
211.5,37.52,37.52,36.164,0.76301,-3.7424,0.80011,0.34854,-0.20716,-0.21303
212.17,37.163,37.163,36.157,0.42924,-3.8016,0.84051,0.19892,-0.26311,-0.1592
212.83,36.772,36.772,36.145,0.086622,-3.8363,0.8494,0.040204,-0.30872,-0.096903
213.49,36.348,36.348,36.128,-0.26277,-3.8458,0.8256,-0.1221,-0.34224,-0.029099
214.15,35.897,35.897,36.106,-0.61647,-3.8295,0.76925,-0.28207,-0.36237,0.041145
214.81,35.423,35.423,36.081,-0.97159,-3.7865,0.68188,-0.43357,-0.36824,0.11085
215.48,34.935,34.935,36.052,-1.3248,-3.7157,0.56652,-0.57045,-0.35934,0.17727
216.14,34.443,34.443,36.023,-1.672,-3.6161,0.4277,-0.68674,-0.33532,0.23801
216.8,33.96,33.961,35.993,-2.0087,-3.4861,0.27161,-0.77673,-0.29576,0.29125
217.46,33.5,33.5,35.967,-2.3304,-3.3252,0.10499,-0.83637,-0.24108,0.33459
218.12,33.014,33.014,35.93,-2.6474,-3.147,-0.080277,-0.87591,-0.18819,0.35336
218.79,32.563,32.563,35.898,-2.943,-2.9368,-0.26473,-0.87766,-0.1274,0.36336
219.45,32.317,32.317,35.909,-3.1744,-2.6605,-0.40032,-0.80809,-0.0181,0.39502
220.11,32.271,32.271,35.958,-3.3425,-2.3302,-0.48172,-0.68308,0.13743,0.42866
220.77,32.318,32.318,36.014,-3.4722,-1.9784,-0.53071,-0.53846,0.30661,0.42805
221.43,32.375,32.375,36.062,-3.5812,-1.6262,-0.56449,-0.39654,0.45935,0.37539
222.1,32.411,32.411,36.095,-3.6738,-1.2791,-0.5883,-0.26345,0.57804,0.27338
222.76,32.425,32.425,36.118,-3.747,-0.93525,-0.60032,-0.13774,0.65472,0.1353
223.42,32.427,32.427,36.134,-3.7966,-0.59214,-0.59713,-0.01726,0.68657,-0.023039
224.08,32.425,32.425,36.148,-3.8196,-0.2489,-0.57656,0.098167,0.67328,-0.18689
224.74,32.423,32.423,36.16,-3.8147,0.093291,-0.53841,0.20668,0.61627,-0.34351
225.41,32.422,32.421,36.169,-3.7824,0.43191,-0.48428,0.30522,0.51874,-0.48204
226.07,32.421,32.421,36.176,-3.7239,0.76374,-0.41707,0.39036,0.38566,-0.59345
226.73,32.421,32.421,36.179,-3.6413,1.0853,-0.34063,0.4589,0.22378,-0.67061
227.39,32.421,32.421,36.176,-3.537,1.3932,-0.2596,0.50811,0.04114,-0.70855
228.05,32.422,32.422,36.167,-3.4135,1.6845,-0.17854,0.53661,-0.15273,-0.70403
228.72,32.463,32.463,36.158,-3.2642,1.9653,-0.092677,0.55172,-0.33802,-0.64889
229.38,32.467,32.467,36.13,-3.1117,2.2127,-0.026601,0.53319,-0.52473,-0.56591
230.04,32.443,32.443,36.085,-2.9558,2.4306,0.016977,0.48914,-0.7031,-0.45098
230.7,32.534,32.534,36.056,-2.7645,2.6502,0.069961,0.45358,-0.82793,-0.27933
231.36,32.783,32.783,36.051,-2.5309,2.8745,0.14109,0.43037,-0.87862,-0.061498
232.03,33.165,33.165,36.061,-2.2633,3.0918,0.22322,0.40842,-0.85504,0.17453
232.69,33.637,33.637,36.074,-1.974,3.2887,0.30458,0.37595,-0.76718,0.39973
233.35,34.157,34.157,36.083,-1.6726,3.4561,0.37509,0.32637,-0.62857,0.5915
234.01,34.695,34.695,36.085,-1.3652,3.5901,0.42837,0.25891,-0.45318,0.73521
234.67,35.232,35.232,36.081,-1.0549,3.6901,0.46145,0.17675,-0.25473,0.82295
235.34,35.754,35.754,36.07,-0.74303,3.7576,0.47374,0.084982,-0.046657,0.85201
236,36.25,36.25,36.056,-0.4301,3.7945,0.46624,-0.010683,0.15806,0.82372
236.66,36.713,36.713,36.041,-0.11635,3.8032,0.44109,-0.10466,0.34743,0.74284
237.32,37.137,37.137,36.027,0.19813,3.7857,0.4013,-0.19188,0.51095,0.617
237.98,37.533,37.533,36.029,0.51318,3.7442,0.3504,-0.26811,0.64021,0.45603
238.65,37.78,37.78,35.931,0.82838,3.6801,0.29221,-0.33014,0.72909,0.27127
239.31,37.031,37.031,34.883,1.1428,3.5944,0.23038,-0.376,0.77398,0.074723
239.97,37.142,37.142,34.745,1.4551,3.4878,0.16815,-0.40501,0.77372,-0.12163
240.63,37.376,37.376,34.776,1.763,3.36,0.10806,-0.41766,0.72946,-0.3065
241.29,37.552,37.552,34.792,2.0636,3.2106,0.051831,-0.41547,0.64453,-0.46984
241.96,37.689,37.689,34.811,2.3536,3.0388,0.00030852,-0.40073,0.52407,-0.60325
242.62,37.789,37.789,34.831,2.6291,2.8438,-0.046433,-0.37612,0.37486,-0.70017
243.28,37.863,37.863,34.854,2.8883,2.6272,-0.086651,-0.34251,0.20734,-0.75434
243.94,37.899,37.899,34.879,3.1216,2.3832,-0.12677,-0.30801,0.024988,-0.76903
244.6,37.834,37.834,34.838,3.326,2.1136,-0.16766,-0.27305,-0.16271,-0.74195
245.27,36.78,36.78,33.815,3.506,1.827,-0.20239,-0.23186,-0.33774,-0.6678
245.93,36.558,36.558,33.615,3.6606,1.5261,-0.22932,-0.18517,-0.48774,-0.55104
246.59,36.616,36.616,33.685,3.7865,1.2108,-0.25006,-0.13649,-0.60511,-0.4015
247.25,37.64,37.64,34.712,3.8801,0.88158,-0.26691,-0.08904,-0.68514,-0.23062
247.91,37.87,37.87,34.938,3.9388,0.53989,-0.28162,-0.044689,-0.72514,-0.04986
248.58,37.817,37.817,34.875,3.9614,0.18856,-0.29507,-0.003985,-0.72419,0.12998
249.24,36.802,36.802,33.845,3.9478,-0.16865,-0.30724,0.033466,-0.68324,0.29894
249.9,36.559,36.559,33.583,3.8989,-0.52744,-0.31743,0.068605,-0.60504,0.44816
250.56,36.588,36.588,33.59,3.8164,-0.88319,-0.32429,0.10261,-0.49408,0.57014
251.22,36.588,36.588,33.567,3.7027,-1.2312,-0.32602,0.13665,-0.35632,0.65901
251.89,36.588,36.588,33.546,3.5607,-1.5668,-0.32047,0.17172,-0.19885,0.71073
252.55,36.588,36.588,33.529,3.3938,-1.8856,-0.30526,0.20847,-0.029491,0.72331
253.21,36.588,36.588,33.517,3.2056,-2.1835,-0.27797,0.24714,0.14368,0.69679
253.87,36.579,36.579,33.51,2.9979,-2.4591,-0.23878,0.28519,0.31017,0.63105
254.53,36.54,36.54,33.505,2.7694,-2.7136,-0.19116,0.31796,0.45682,0.5266
255.2,36.463,36.463,33.503,2.5221,-2.9453,-0.13628,0.344,0.57418,0.38981
255.86,36.342,36.342,33.5,2.2594,-3.1513,-0.073814,0.36354,0.65656,0.23057
256.52,36.179,36.179,33.497,1.9849,-3.3292,-0.0035875,0.37652,0.70081,0.059669
257.18,36.954,36.954,34.473,1.7017,-3.4775,0.0736,0.38205,0.70565,-0.11237
257.84,37.063,37.063,34.824,1.4117,-3.5963,0.15585,0.37858,0.67158,-0.27584
258.51,36.765,36.765,34.808,1.1164,-3.686,0.24029,0.36432,0.60078,-0.42202
259.17,36.467,36.467,34.83,0.81657,-3.7478,0.32332,0.3376,0.49715,-0.54343
259.83,36.13,36.13,34.85,0.51283,-3.7833,0.40084,0.29719,0.36609,-0.63402
260.49,35.735,35.735,34.847,0.20546,-3.7939,0.46853,0.24251,0.21432,-0.68939
261.15,36.262,36.262,35.796,-0.10526,-3.7813,0.52211,0.17383,0.049518,-0.70696
261.82,36.211,36.211,36.192,-0.41897,-3.7466,0.55765,0.092335,-0.11995,-0.68597
262.48,35.71,35.71,36.158,-0.73505,-3.6909,0.57187,0.0002119,-0.28541,-0.62755
263.14,35.229,35.229,36.157,-1.0524,-3.6148,0.56247,-0.099357,-0.4382,-0.53458
263.8,34.738,34.738,36.149,-1.3694,-3.5183,0.52839,-0.20227,-0.56998,-0.41151
264.46,34.248,34.248,36.135,-1.6836,-3.4009,0.47011,-0.30362,-0.67301,-0.26416
265.13,33.775,33.775,36.116,-1.9912,-3.2611,0.39033,-0.39749,-0.73988,-0.099016
265.79,33.312,33.312,36.089,-2.2936,-3.1027,0.28732,-0.48352,-0.77056,0.070825
266.45,32.818,32.818,36.044,-2.6002,-2.936,0.15129,-0.56689,-0.77703,0.22754
267.11,32.436,32.436,36.015,-2.8742,-2.7273,0.020181,-0.60983,-0.7254,0.39611
267.77,32.28,32.28,36.027,-3.0873,-2.4572,-0.072842,-0.59303,-0.58714,0.58038
268.44,32.285,32.284,36.06,-3.2544,-2.15,-0.1387,-0.54198,-0.38227,0.74026
269.1,32.343,32.343,36.088,-3.3987,-1.8338,-0.19926,-0.4846,-0.14764,0.83802
269.76,32.392,32.392,36.101,-3.5308,-1.5209,-0.2654,-0.43145,0.087482,0.85917
270.42,32.419,32.419,36.1,-3.65,-1.2108,-0.33649,-0.38025,0.30464,0.8074
271.08,32.427,32.427,36.092,-3.7504,-0.89937,-0.40656,-0.32482,0.49215,0.69475
271.75,32.426,32.426,36.08,-3.8263,-0.58281,-0.46892,-0.26043,0.64154,0.53552
272.41,32.424,32.424,36.07,-3.8735,-0.25991,-0.51825,-0.18531,0.74615,0.34408
273.07,32.422,32.422,36.062,-3.8898,0.068467,-0.55101,-0.10033,0.80112,0.13444
273.73,32.421,32.421,36.057,-3.8745,0.39999,-0.56531,-0.0081631,0.80388,-0.079747
274.39,32.421,32.421,36.055,-3.8278,0.73145,-0.56069,0.087471,0.75446,-0.28535
275.06,32.421,32.421,36.055,-3.7511,1.0591,-0.53798,0.18228,0.65561,-0.47017
275.72,32.42,32.42,36.054,-3.6465,1.3787,-0.49953,0.2715,0.5123,-0.6238
276.38,32.433,32.433,36.055,-3.513,1.6898,-0.4445,0.35454,0.33605,-0.73378
277.04,32.476,32.476,36.058,-3.3501,1.9906,-0.37273,0.42903,0.14084,-0.79302
277.7,32.451,32.451,36.039,-3.1856,2.2543,-0.3139,0.46914,-0.088679,-0.82001
278.37,32.461,32.461,36.022,-2.9972,2.505,-0.24749,0.50083,-0.31615,-0.78462
279.03,32.615,32.615,36.028,-2.7627,2.7614,-0.15062,0.54261,-0.50019,-0.67109
279.69,32.922,32.922,36.057,-2.4847,3.017,-0.024782,0.58633,-0.62496,-0.49592
280.35,33.346,33.346,36.094,-2.1756,3.2566,0.11718,0.61617,-0.68975,-0.28662
281.01,33.841,33.841,36.13,-1.8487,3.4669,0.26044,0.61939,-0.7004,-0.069319
281.68,34.371,34.371,36.157,-1.5139,3.6397,0.39279,0.58989,-0.66454,0.13594
282.34,34.911,34.911,36.173,-1.1773,3.772,0.5057,0.52757,-0.58996,0.31532
283,35.443,35.443,36.177,-0.84247,3.8638,0.59376,0.43627,-0.48466,0.45973
283.66,35.956,35.956,36.171,-0.51155,3.9166,0.65381,0.32198,-0.3571,0.56366
284.32,36.492,36.492,36.209,-0.18568,3.9329,0.68456,0.19174,-0.21609,0.62453
284.99,36.287,36.287,35.537,0.13448,3.9156,0.68628,0.053031,-0.070473,0.64237
285.65,35.993,35.993,34.812,0.44871,3.8677,0.66068,-0.086724,0.071393,0.61961
286.31,36.462,36.462,34.892,0.75697,3.7923,0.61066,-0.22056,0.20197,0.56066
286.97,36.159,36.159,34.245,1.0592,3.692,0.53998,-0.34234,0.3148,0.47152
287.63,35.711,35.711,33.499,1.3551,3.5691,0.45295,-0.44712,0.40471,0.35924
288.3,36.002,36.002,33.536,1.6439,3.4254,0.354,-0.53126,0.46782,0.23146
288.96,36.201,36.201,33.527,1.9246,3.2622,0.24748,-0.59251,0.50167,0.096044
289.62,36.361,36.361,33.523,2.1953,3.08,0.13738,-0.62998,0.50521,-0.039307
290.28,36.483,36.483,33.523,2.4537,2.8792,0.027119,-0.64403,0.47871,-0.16742
290.94,36.571,36.571,33.528,2.6982,2.6608,-0.079456,-0.63507,0.4248,-0.28087
291.61,36.63,36.63,33.536,2.9264,2.4252,-0.17916,-0.60491,0.34745,-0.37398
292.27,36.636,36.636,33.539,3.1292,2.1669,-0.27665,-0.5618,0.24416,-0.44775
292.93,36.616,36.616,33.544,3.3099,1.8929,-0.36432,-0.50152,0.12626,-0.49152
293.59,36.598,36.598,33.554,3.4716,1.6093,-0.43472,-0.4223,0.006813,-0.49908
294.25,36.588,36.588,33.568,3.6124,1.3166,-0.48604,-0.3285,-0.10608,-0.47231
294.92,36.585,36.585,33.583,3.7286,1.0139,-0.51919,-0.22625,-0.20705,-0.41652
295.58,36.586,36.586,33.597,3.8167,0.70083,-0.53578,-0.12116,-0.29194,-0.33794
296.24,36.633,36.633,33.654,3.8741,0.37831,-0.53738,-0.017612,-0.35732,-0.24287
296.9,36.143,36.143,33.17,3.8994,0.048267,-0.52535,0.081125,-0.40048,-0.13752
297.56,35.294,35.294,32.323,3.8919,-0.28659,-0.50084,0.17268,-0.41967,-0.028019
298.23,35.292,35.292,32.319,3.8516,-0.62304,-0.46488,0.25536,-0.41418,0.079667
298.89,35.756,35.756,32.78,3.7794,-0.95755,-0.41835,0.32799,-0.38448,0.17991
299.55,36.627,36.627,33.645,3.6766,-1.2864,-0.36204,0.38987,-0.33213,0.26764
300.21,36.632,36.632,33.643,3.5451,-1.6056,-0.29655,0.44061,-0.25966,0.33854
300.87,36.193,36.193,33.199,3.3874,-1.9115,-0.22234,0.48017,-0.1704,0.3893
301.54,35.301,35.301,32.304,3.206,-2.2006,-0.14018,0.50824,-0.068736,0.41723
302.2,35.275,35.275,32.293,3.0001,-2.4732,-0.054593,0.52146,0.036545,0.41783
302.86,35.634,35.634,32.7,2.7689,-2.7293,0.02946,0.5176,0.13587,0.38934
303.52,36.452,36.452,33.604,2.515,-2.9657,0.11015,0.49813,0.22307,0.33517
304.18,36.29,36.29,33.567,2.2422,-3.1787,0.18692,0.46563,0.29412,0.26096
304.85,36.12,36.12,33.561,1.9542,-3.3653,0.25926,0.42234,0.34612,0.17281
305.51,35.916,35.916,33.559,1.6542,-3.5235,0.32618,0.36985,0.37698,0.076696
306.17,35.676,35.676,33.56,1.3446,-3.6524,0.38624,0.30925,0.3854,-0.021659
306.83,35.4,35.4,33.564,1.0276,-3.7518,0.43765,0.24143,0.37105,-0.11683
307.49,35.087,35.087,33.569,0.70499,-3.8218,0.47844,0.16726,0.33462,-0.20375
308.16,34.701,34.701,33.538,0.37819,-3.863,0.50661,0.087762,0.27785,-0.27787
308.82,34.654,34.654,33.881,0.048655,-3.8761,0.52028,0.0042221,0.20352,-0.33532
309.48,35.199,35.199,34.849,-0.28229,-3.8621,0.51783,-0.081755,0.11531,-0.37302
310.14,34.708,34.708,34.805,-0.61323,-3.8218,0.49808,-0.16819,0.01772,-0.38886
310.8,34.548,34.548,35.114,-0.94261,-3.7559,0.46048,-0.25269,-0.084072,-0.38171
311.47,35.04,35.04,36.088,-1.2685,-3.665,0.40529,-0.33248,-0.18437,-0.35151
312.13,34.545,34.545,36.077,-1.5887,-3.5492,0.33376,-0.40445,-0.27713,-0.29923
312.79,34.055,34.055,36.063,-1.9001,-3.4084,0.24835,-0.46513,-0.35602,-0.22683
313.45,33.592,33.592,36.052,-2.1989,-3.2418,0.15296,-0.51086,-0.41452,-0.13717
314.11,33.114,33.114,36.03,-2.4941,-3.0613,0.038882,-0.55026,-0.46059,-0.045832
314.78,32.64,32.64,36,-2.7805,-2.8627,-0.088788,-0.57562,-0.49063,0.048795
315.44,32.347,32.347,36.004,-3.0144,-2.6081,-0.18345,-0.54799,-0.45882,0.17728
316.1,32.269,32.269,36.043,-3.1876,-2.2998,-0.23259,-0.47193,-0.35424,0.32394
316.76,32.306,32.306,36.092,-3.3238,-1.9692,-0.25767,-0.38066,-0.20472,0.44607
317.42,32.365,32.365,36.129,-3.4431,-1.6394,-0.27923,-0.29732,-0.041707,0.51532
318.09,32.406,32.406,36.149,-3.5518,-1.3174,-0.30514,-0.22748,0.11404,0.52529
318.75,32.423,32.423,36.154,-3.6472,-1.0007,-0.33416,-0.1671,0.25112,0.48276
319.41,32.427,32.427,36.15,-3.724,-0.6852,-0.36184,-0.11044,0.36292,0.39907
320.07,32.426,32.426,36.142,-3.7776,-0.36823,-0.38394,-0.053612,0.44477,0.2859
320.73,32.423,32.423,36.133,-3.8052,-0.049266,-0.39762,0.0048097,0.49307,0.15416
321.4,32.422,32.422,36.123,-3.8056,0.27056,-0.40146,0.064396,0.50551,0.014051
322.06,32.421,32.421,36.113,-3.7785,0.58908,-0.39514,0.12362,0.48138,-0.12476
322.72,32.421,32.421,36.103,-3.7245,0.90359,-0.37927,0.1804,0.42182,-0.25326
323.38,32.421,32.421,36.091,-3.6448,1.211,-0.35523,0.23243,0.3298,-0.36334
324.04,32.42,32.42,36.077,-3.5415,1.508,-0.32529,0.27727,0.20974,-0.44831
324.71,32.453,32.453,36.068,-3.408,1.7996,-0.28315,0.32071,0.076848,-0.49536
325.37,32.473,32.473,36.049,-3.259,2.0696,-0.24343,0.34747,-0.07315,-0.51536
326.03,32.442,32.442,36.012,-3.1064,2.3086,-0.21976,0.35087,-0.24423,-0.51118
326.69,32.503,32.503,35.991,-2.9175,2.5487,-0.17912,0.36491,-0.39143,-0.44897
327.35,32.721,32.721,35.997,-2.6805,2.7973,-0.10767,0.39606,-0.48779,-0.328
328.02,33.08,33.08,36.022,-2.4028,3.0428,-0.010868,0.43181,-0.5281,-0.16996
328.68,33.538,33.538,36.055,-2.0971,3.2702,0.09871,0.45681,-0.5181,-0.00078042
329.34,34.051,34.051,36.085,-1.7751,3.4683,0.20872,0.46047,-0.46728,0.15819
330,34.588,34.588,36.108,-1.4448,3.6309,0.30994,0.43849,-0.38536,0.29255
330.66,35.126,35.126,36.122,-1.1108,3.7558,0.39635,0.39138,-0.28148,0.39384
331.33,35.652,35.652,36.128,-0.77593,3.8435,0.46429,0.32247,-0.16441,0.45792
331.99,36.182,36.182,36.155,-0.44206,3.8952,0.51177,0.23653,-0.042616,0.48382
332.65,36.461,36.461,35.957,-0.11044,3.9128,0.53803,0.13894,0.075903,0.47312
333.31,34.799,34.799,33.853,0.21799,3.8985,0.54346,0.035251,0.18399,0.4295
333.97,34.909,34.909,33.561,0.54249,3.8546,0.5294,-0.069104,0.27569,0.35839
334.64,35.294,35.294,33.588,0.86232,3.7831,0.4979,-0.16917,0.34643,0.26639
335.3,35.6,35.6,33.579,1.1766,3.6859,0.4515,-0.26073,0.39314,0.1608
335.96,35.874,35.874,33.583,1.4842,3.5644,0.39292,-0.34049,0.41419,0.049029
336.62,36.031,36.031,33.513,1.7833,3.4198,0.32482,-0.40616,0.40931,-0.061781
337.28,35.174,35.174,32.473,2.0719,3.2527,0.24965,-0.45641,0.37947,-0.16511
337.95,35.142,35.142,32.298,2.3476,3.0636,0.16954,-0.49082,0.32678,-0.25533
338.61,35.271,35.271,32.324,2.6073,2.8526,0.086131,-0.50971,0.25416,-0.3279
339.27,35.35,35.35,32.329,2.85,2.6221,0.0030414,-0.51195,0.16772,-0.37751
339.93,35.388,35.388,32.332,3.0694,2.3688,-0.081841,-0.50232,0.068721,-0.40572
340.59,35.379,35.379,32.329,3.2601,2.0922,-0.17005,-0.48329,-0.040731,-0.41232
341.26,35.357,35.357,32.328,3.4277,1.8017,-0.25204,-0.44783,-0.1466,-0.3891
341.92,35.343,35.343,32.331,3.5734,1.5012,-0.32278,-0.39547,-0.23892,-0.33634
342.58,35.336,35.336,32.335,3.6947,1.191,-0.38134,-0.32998,-0.31245,-0.26001
343.24,35.335,35.335,32.339,3.7882,0.87106,-0.4282,-0.25579,-0.36439,-0.16774
343.9,35.336,35.336,32.341,3.8516,0.54218,-0.46386,-0.17657,-0.39326,-0.06703
344.57,35.337,35.337,32.34,3.8832,0.20631,-0.48845,-0.094978,-0.39851,0.035305
345.23,35.337,35.337,32.337,3.8828,-0.13378,-0.50169,-0.01293,-0.38048,0.13317
345.89,35.337,35.337,32.33,3.8506,-0.47478,-0.50312,0.068104,-0.3405,0.2212
346.55,35.337,35.337,32.323,3.7875,-0.8131,-0.49212,0.14691,-0.28085,0.29485
347.21,35.337,35.337,32.315,3.6951,-1.145,-0.46807,0.22238,-0.20463,0.3505
347.88,35.342,35.342,32.313,3.5752,-1.4668,-0.43038,0.29348,-0.11562,0.38557
348.54,35.342,35.342,32.308,3.4304,-1.7749,-0.37854,0.35913,-0.018002,0.39862
349.2,34.36,34.36,31.325,3.2634,-2.0657,-0.31213,0.41831,0.083904,0.38942
349.86,34.045,34.045,31.018,3.0756,-2.3376,-0.2326,0.46839,0.18412,0.35736
350.52,34.038,34.038,31.046,2.8651,-2.5922,-0.14544,0.50409,0.27298,0.30065
351.19,34.936,34.936,32.015,2.6324,-2.8285,-0.054489,0.52337,0.34324,0.22215
351.85,35.158,35.158,32.348,2.3802,-3.0437,0.03863,0.52689,0.39119,0.1284
352.51,34.975,34.975,32.315,2.112,-3.2348,0.13265,0.51575,0.41519,0.026789
353.17,34.793,34.793,32.321,1.8307,-3.3999,0.22583,0.49065,0.41485,-0.075666
353.83,34.574,34.574,32.329,1.5384,-3.5379,0.31573,0.45189,0.3907,-0.17273
354.5,34.32,34.32,32.339,1.237,-3.6486,0.3994,0.39967,0.34425,-0.25902
355.16,34.029,34.029,32.349,0.92785,-3.7322,0.47354,0.33438,0.2779,-0.33
355.82,33.699,33.699,32.357,0.61204,-3.7893,0.53479,0.25677,0.19493,-0.38208
356.48,33.307,33.307,32.337,0.29064,-3.8205,0.57989,0.16815,0.099408,-0.41267
357.14,33.826,33.826,33.259,-0.035292,-3.8267,0.60595,0.070412,-0.0040398,-0.42022
357.81,33.8,33.8,33.664,-0.36459,-3.8083,0.6106,-0.033913,-0.11033,-0.40431
358.47,33.268,33.268,33.586,-0.69585,-3.7659,0.59227,-0.14167,-0.21414,-0.36557
359.13,33.688,33.688,34.475,-1.0273,-3.6998,0.55036,-0.24912,-0.31002,-0.30564
359.79,33.628,33.628,34.892,-1.3567,-3.6096,0.48548,-0.35203,-0.3926,-0.22709
360.45,33.056,33.056,34.794,-1.6812,-3.4951,0.39957,-0.4458,-0.45668,-0.13327
361.12,33.455,33.455,35.652,-1.9969,-3.355,0.29639,-0.52531,-0.49703,-0.027891
361.78,33.451,33.451,36.087,-2.3021,-3.1909,0.17818,-0.58851,-0.51188,0.08181
362.44,32.914,32.914,36.005,-2.6086,-3.0162,0.033627,-0.64499,-0.51581,0.17785
363.1,32.494,32.494,35.977,-2.889,-2.806,-0.10859,-0.6661,-0.48492,0.28131
363.76,32.295,32.294,35.991,-3.1069,-2.5324,-0.20738,-0.62443,-0.38201,0.40943
364.43,32.276,32.276,36.032,-3.271,-2.2146,-0.26705,-0.54148,-0.21792,0.53014
365.09,32.331,32.33,36.075,-3.4064,-1.8834,-0.3106,-0.44928,-0.027155,0.60469
365.75,32.384,32.384,36.103,-3.527,-1.5551,-0.35258,-0.36367,0.16104,0.61566
366.41,32.415,32.415,36.116,-3.6345,-1.2319,-0.39551,-0.28572,0.32895,0.56506
367.07,32.426,32.426,36.119,-3.7244,-0.91034,-0.43553,-0.21074,0.46676,0.46434
367.74,32.427,32.427,36.117,-3.7914,-0.58695,-0.46751,-0.13444,0.56846,0.32735
368.4,32.425,32.425,36.114,-3.8317,-0.26034,-0.48751,-0.055056,0.62993,0.16756
369.06,32.422,32.422,36.111,-3.8434,0.068786,-0.49329,0.026829,0.64857,-0.0025274
369.72,32.421,32.421,36.108,-3.826,0.3983,-0.48422,0.10907,0.62359,-0.17125
370.38,32.421,32.421,36.106,-3.78,0.72526,-0.4609,0.18869,0.55633,-0.32785
371.05,32.421,32.421,36.102,-3.7066,1.0463,-0.425,0.26242,0.45025,-0.46266
371.71,32.42,32.42,36.097,-3.608,1.3578,-0.37926,0.32688,0.31064,-0.56769
372.37,32.426,32.426,36.09,-3.4849,1.6578,-0.32518,0.38091,0.14647,-0.63485
373.03,32.472,32.472,36.087,-3.332,1.9499,-0.25813,0.42838,-0.024875,-0.65434
373.69,32.459,32.459,36.062,-3.1768,2.2068,-0.207,0.44359,-0.21936,-0.64831
374.36,32.449,32.449,36.031,-3.0068,2.4437,-0.16131,0.4447,-0.41363,-0.59694
375.02,32.571,32.571,36.022,-2.7941,2.6862,-0.09245,0.45814,-0.5639,-0.47812
375.68,32.85,32.85,36.036,-2.5367,2.9317,0.0031273,0.48068,-0.65237,-0.30466
376.34,33.255,33.255,36.064,-2.2456,3.1663,0.11532,0.49797,-0.67869,-0.1034
377,33.739,33.739,36.092,-1.9335,3.3763,0.23065,0.49696,-0.65051,0.099087
377.67,34.265,34.265,36.115,-1.6106,3.5528,0.33774,0.47059,-0.57781,0.2824
378.33,34.856,34.856,36.181,-1.2832,3.692,0.42882,0.41781,-0.47065,0.43306
378.99,34.734,34.734,35.528,-0.95475,3.7933,0.49923,0.34154,-0.33891,0.54312
379.65,34.554,34.554,34.827,-0.62736,3.8581,0.54659,0.24684,-0.19245,0.6087
380.31,35.199,35.199,34.972,-0.30213,3.8883,0.5701,0.1397,-0.041053,0.62913
380.98,34.394,34.394,33.698,0.020223,3.8864,0.57036,0.026399,0.10597,0.60654
381.64,33.363,33.363,32.235,0.33929,3.8549,0.54907,-0.08692,0.24024,0.54539
382.3,33.841,33.841,32.322,0.65476,3.7962,0.50887,-0.1946,0.35467,0.45209
382.96,34.172,34.172,32.309,0.96623,3.7126,0.45303,-0.29178,0.44373,0.33437
383.62,34.46,34.46,32.298,1.273,3.6057,0.38508,-0.37467,0.50355,0.20074
384.29,34.758,34.758,32.343,1.574,3.4769,0.30857,-0.44066,0.53195,0.059914
384.95,34.388,34.388,31.766,1.8674,3.3269,0.22676,-0.48836,0.52834,-0.07963
385.61,33.782,33.782,30.995,2.1512,3.1561,0.14245,-0.51748,0.49369,-0.21006
386.27,33.961,33.961,31.05,2.4225,2.9645,0.057885,-0.52872,0.43032,-0.32454
386.93,34.055,34.055,31.059,2.6787,2.7523,-0.024857,-0.52311,0.34223,-0.41694
387.6,34.122,34.122,31.07,2.9184,2.5212,-0.10258,-0.50103,0.23627,-0.48153
388.26,34.138,34.138,31.076,3.1316,2.2651,-0.18101,-0.47082,0.11141,-0.52149
388.92,34.12,34.12,31.079,3.3193,1.9892,-0.25597,-0.42974,-0.022635,-0.53007
389.58,34.1,34.1,31.085,3.4855,1.7009,-0.31954,-0.3736,-0.15114,-0.5013
390.24,34.089,34.089,31.094,3.629,1.4019,-0.3695,-0.30486,-0.26489,-0.43816
390.91,34.085,34.085,31.104,3.7464,1.0919,-0.40658,-0.22835,-0.35835,-0.34774
391.57,34.085,34.085,31.111,3.8344,0.77074,-0.43224,-0.14857,-0.42787,-0.2382
392.23,34.086,34.086,31.114,3.8905,0.43969,-0.44771,-0.068865,-0.47101,-0.11758
392.89,34.087,34.087,31.113,3.9134,0.10103,-0.45372,0.0085435,-0.4864,0.0065563
393.55,34.087,34.087,31.109,3.9028,-0.24215,-0.4506,0.08225,-0.47384,0.12714
394.22,34.087,34.087,31.101,3.8593,-0.58626,-0.43838,0.15138,-0.43438,0.23774
394.88,34.087,34.087,31.091,3.7838,-0.92742,-0.41682,0.21541,-0.37031,0.33269
395.54,34.087,34.087,31.08,3.6781,-1.2616,-0.38552,0.274,-0.28497,0.40731
396.2,34.087,34.087,31.069,3.5446,-1.5849,-0.34395,0.32692,-0.18264,0.45812
396.86,34.087,34.087,31.061,3.386,-1.8933,-0.29148,0.37395,-0.068163,0.48292
397.53,34.087,34.087,31.056,3.2052,-2.1832,-0.22762,0.41469,0.053096,0.48076
398.19,34.074,34.074,31.054,3.0023,-2.4544,-0.15525,0.44577,0.17233,0.44933
398.85,34.027,34.027,31.051,2.7762,-2.7075,-0.079195,0.46339,0.27893,0.3878
399.51,33.942,33.942,31.048,2.5288,-2.9404,-0.0014463,0.4675,0.36598,0.30078
400.17,33.817,33.817,31.047,2.2637,-3.1496,0.077429,0.45952,0.4294,0.19559
400.84,33.656,33.656,31.048,1.9844,-3.3324,0.1568,0.44064,0.46684,0.080022
401.5,33.459,33.459,31.053,1.6939,-3.4872,0.2354,0.41143,0.47713,-0.038442
402.16,33.226,33.226,31.061,1.3943,-3.6132,0.31124,0.37198,0.4602,-0.15293
402.82,32.957,32.957,31.071,1.0875,-3.7106,0.38178,0.32222,0.41713,-0.25723
403.48,32.652,32.652,31.082,0.77474,-3.7799,0.44415,0.26221,0.35018,-0.34594
404.15,32.275,32.275,31.059,0.4572,-3.8219,0.4953,0.19234,0.2627,-0.41453
404.81,32.214,32.214,31.387,0.13583,-3.8376,0.53226,0.11347,0.15905,-0.45955
405.47,32.779,32.779,32.37,-0.1884,-3.8279,0.55229,0.027019,0.044381,-0.47872
406.13,32.301,32.301,32.337,-0.51444,-3.7937,0.55316,-0.064983,-0.075537,-0.471
406.79,32.125,32.125,32.627,-0.84099,-3.7358,0.53333,-0.15986,-0.19451,-0.4366
407.46,32.631,32.631,33.611,-1.1664,-3.6545,0.4922,-0.25433,-0.30614,-0.37695
408.12,32.112,32.112,33.574,-1.4884,-3.5498,0.43034,-0.34457,-0.404,-0.29461
408.78,31.89,31.89,33.827,-1.8042,-3.4214,0.34966,-0.42632,-0.48181,-0.19314
409.44,32.424,32.424,34.813,-2.1097,-3.2678,0.25407,-0.49459,-0.53308,-0.076552
410.1,31.94,31.94,34.773,-2.4099,-3.097,0.1388,-0.55372,-0.56227,0.0413
410.77,31.695,31.695,34.979,-2.7083,-2.9135,0.00031221,-0.60389,-0.57556,0.15182
411.43,32.369,32.369,35.98,-2.9625,-2.6794,-0.11683,-0.60492,-0.53133,0.28572
412.09,32.279,32.279,36.032,-3.1543,-2.3865,-0.18946,-0.54999,-0.40967,0.43756
412.75,32.295,32.295,36.068,-3.3038,-2.0636,-0.23457,-0.46986,-0.23531,0.56562
413.41,32.354,32.354,36.104,-3.4332,-1.7368,-0.27371,-0.39071,-0.04253,0.63736
414.08,32.4,32.4,36.123,-3.5508,-1.4157,-0.31628,-0.32085,0.14408,0.64313
414.74,32.421,32.421,36.128,-3.6549,-1.0989,-0.36146,-0.25736,0.3102,0.58882
415.4,32.427,32.427,36.124,-3.74,-0.78233,-0.4042,-0.19459,0.44737,0.48654
416.06,32.426,32.426,36.117,-3.8012,-0.46291,-0.43939,-0.12854,0.54971,0.34944
416.72,32.424,32.424,36.109,-3.8352,-0.1399,-0.46331,-0.057882,0.61278,0.19016
417.39,32.422,32.422,36.102,-3.8403,0.18558,-0.47391,0.016553,0.63368,0.020593
418.05,32.421,32.421,36.097,-3.8163,0.51122,-0.47049,0.092587,0.61141,-0.14792
418.71,32.421,32.421,36.091,-3.7637,0.83402,-0.4535,0.16733,0.54714,-0.30476
419.37,32.421,32.421,36.085,-3.6839,1.1506,-0.42439,0.2376,0.44419,-0.44035
420.03,32.42,32.42,36.077,-3.5792,1.4571,-0.38585,0.29987,0.3075,-0.54687
420.7,32.443,32.443,36.072,-3.4456,1.7562,-0.33437,0.35726,0.15077,-0.61212
421.36,32.477,32.477,36.063,-3.2896,2.0394,-0.27663,0.40166,-0.020348,-0.63836
422.02,32.445,32.445,36.033,-3.1333,2.2867,-0.2366,0.41521,-0.21796,-0.63882
422.68,32.479,32.479,36.011,-2.9469,2.5285,-0.1854,0.43047,-0.39959,-0.57986
423.34,32.665,32.665,36.015,-2.7135,2.7779,-0.10457,0.46006,-0.53139,-0.45406
424.01,33.016,33.016,36.055,-2.4381,3.0256,0.0023055,0.49361,-0.60357,-0.28133
424.67,33.343,33.343,35.974,-2.1336,3.2564,0.12263,0.5157,-0.61939,-0.088824
425.33,32.8,32.8,34.956,-1.8121,3.4583,0.24307,0.5149,-0.58719,0.099566
425.99,33.228,33.228,34.873,-1.4824,3.6241,0.35323,0.48624,-0.51628,0.26669
426.65,33.686,33.686,34.805,-1.1498,3.7515,0.44625,0.43011,-0.41574,0.40164
427.32,33.167,33.167,33.761,-0.81727,3.8405,0.51794,0.35017,-0.29449,0.49817
427.98,33.55,33.55,33.633,-0.48671,3.8928,0.56606,0.25176,-0.1615,0.55347
428.64,33.962,33.962,33.557,-0.15924,3.9106,0.58989,0.14099,-0.025559,0.56759
429.3,33.357,33.358,32.498,0.16443,3.8961,0.58999,0.024182,0.10505,0.54298
429.96,33.613,33.613,32.338,0.48381,3.8521,0.56803,-0.092482,0.22303,0.48417
430.63,33.921,33.921,32.273,0.79851,3.781,0.5266,-0.20334,0.3223,0.39731
431.29,33.194,33.194,31.219,1.108,3.6849,0.46886,-0.30356,0.39823,0.28961
431.95,33.292,33.292,31.035,1.4115,3.5655,0.39825,-0.38935,0.44765,0.16881
432.61,33.545,33.545,31.05,1.7077,3.4241,0.3182,-0.45809,0.46885,0.042739
433.27,33.736,33.736,31.047,1.9948,3.2616,0.2319,-0.50833,0.46153,-0.081112
433.94,33.888,33.888,31.049,2.2706,3.0783,0.14216,-0.53967,0.42672,-0.19588
434.6,34.002,34.002,31.052,2.5323,2.8743,0.051197,-0.55272,0.36654,-0.2957
435.26,34.086,34.086,31.059,2.7784,2.6513,-0.03754,-0.54722,0.28594,-0.37419
435.92,34.135,34.135,31.066,3.0046,2.4079,-0.12368,-0.52647,0.18824,-0.42944
436.58,34.132,34.132,31.067,3.203,2.1405,-0.21117,-0.49633,0.073167,-0.46261
437.25,34.111,34.111,31.07,3.3785,1.8579,-0.29123,-0.45058,-0.04568,-0.46414
437.91,34.095,34.095,31.076,3.5331,1.565,-0.35786,-0.38805,-0.15648,-0.43162
438.57,34.087,34.087,31.085,3.6645,1.2622,-0.40997,-0.3127,-0.25239,-0.3696
439.23,34.085,34.085,31.093,3.7692,0.94905,-0.4484,-0.22961,-0.32926,-0.28513
439.89,34.085,34.085,31.1,3.8441,0.62592,-0.47428,-0.14312,-0.38431,-0.18562
440.56,34.086,34.086,31.103,3.8874,0.29434,-0.48846,-0.056466,-0.41566,-0.078122
441.22,34.087,34.087,31.103,3.8981,-0.043198,-0.49139,0.028085,-0.42239,0.030788
441.88,34.087,34.087,31.099,3.8762,-0.38355,-0.48328,0.10892,-0.4046,0.13502
442.54,34.087,34.087,31.093,3.8222,-0.72319,-0.46413,0.18486,-0.36351,0.22906
443.2,34.087,34.087,31.085,3.7375,-1.0584,-0.43385,0.25501,-0.30135,0.30816
443.87,34.087,34.087,31.077,3.6238,-1.3852,-0.39225,0.31868,-0.22126,0.36847
444.53,34.087,34.087,31.07,3.4835,-1.7,-0.33912,0.37527,-0.12711,0.4072
445.19,34.087,34.087,31.066,3.3192,-1.9989,-0.27416,0.42433,-0.023175,0.4228
445.85,34.085,34.085,31.065,3.1331,-2.2794,-0.19812,0.46445,0.085045,0.414
446.51,34.06,34.06,31.064,2.9238,-2.5425,-0.11593,0.4911,0.18783,0.37786
447.18,33.998,33.998,31.062,2.6912,-2.7878,-0.03177,0.502,0.27646,0.31539
447.84,33.896,33.896,31.06,2.438,-3.0123,0.052811,0.49812,0.3459,0.2321
448.5,33.757,33.757,31.059,2.1679,-3.2126,0.13704,0.48107,0.39324,0.13502
449.16,33.582,33.582,31.061,1.884,-3.3864,0.21981,0.45206,0.41691,0.031179
449.82,33.37,33.37,31.065,1.5892,-3.5323,0.29941,0.41178,0.41626,-0.072901
450.49,33.123,33.123,31.072,1.2853,-3.6499,0.37354,0.36059,0.39164,-0.1713
451.15,32.839,32.839,31.081,0.97409,-3.7393,0.43954,0.29884,0.3444,-0.25874
451.81,32.519,32.519,31.09,0.65689,-3.8008,0.49453,0.22712,0.27689,-0.33072
452.47,32.162,32.162,31.099,0.33488,-3.8354,0.5357,0.14637,0.19243,-0.38356
453.13,31.77,31.77,31.106,0.0091682,-3.8438,0.56038,0.058051,0.095173,-0.41456
453.8,31.346,31.346,31.109,-0.3191,-3.8267,0.56634,-0.035892,-0.010083,-0.42208
454.46,30.857,30.857,31.072,-0.64861,-3.785,0.55195,-0.13293,-0.11801,-0.40559
455.12,31.264,31.264,31.948,-0.97779,-3.7191,0.5164,-0.22997,-0.22295,-0.36564
455.78,31.227,31.227,32.391,-1.3046,-3.6291,0.45991,-0.32345,-0.31907,-0.30382
456.44,30.65,30.65,32.293,-1.6266,-3.515,0.3839,-0.40937,-0.40053,-0.2227
457.11,31.027,31.027,33.137,-1.9402,-3.3759,0.29133,-0.4833,-0.46146,-0.12555
457.77,31.044,31.044,33.598,-2.2424,-3.2119,0.18566,-0.54173,-0.49718,-0.017457
458.43,30.468,30.468,33.477,-2.5445,-3.0364,0.055785,-0.59468,-0.52011,0.083254
459.09,30.855,30.855,34.283,-2.8301,-2.8348,-0.081411,-0.62339,-0.51676,0.18799
459.75,31.114,31.113,34.795,-3.0574,-2.5723,-0.1802,-0.5928,-0.44397,0.32191
460.42,31.021,31.021,34.787,-3.2272,-2.2605,-0.23696,-0.51666,-0.30256,0.45991
461.08,31.068,31.068,34.832,-3.3645,-1.9309,-0.27446,-0.42808,-0.12476,0.56037
461.74,31.125,31.125,34.863,-3.4863,-1.6032,-0.31014,-0.34635,0.058566,0.60038
462.4,31.161,31.161,34.878,-3.5963,-1.2817,-0.34884,-0.27444,0.22787,0.57803
463.06,31.175,31.175,34.881,-3.6907,-0.96336,-0.38768,-0.20777,0.37229,0.50273
463.73,31.177,31.177,34.877,-3.7641,-0.64422,-0.42157,-0.14124,0.48521,0.38733
464.39,31.175,31.175,34.871,-3.8122,-0.32225,-0.44622,-0.072045,0.56193,0.24468
465.05,31.173,31.173,34.865,-3.8326,0.0024219,-0.45892,0.00013034,0.59913,0.086819
465.71,31.171,31.171,34.859,-3.8244,0.32811,-0.4585,0.073861,0.59508,-0.074975
466.37,31.171,31.171,34.854,-3.7877,0.65221,-0.44501,0.14673,0.54998,-0.23011
467.04,31.171,31.171,34.848,-3.7235,0.97159,-0.41953,0.21587,0.46615,-0.36885
467.7,31.171,31.171,34.84,-3.6334,1.2828,-0.3841,0.27824,0.34782,-0.4828
468.36,31.172,31.172,34.831,-3.5192,1.5829,-0.34101,0.3315,0.20147,-0.56453
469.02,31.213,31.213,34.826,-3.374,1.8771,-0.28366,0.38144,0.044854,-0.60132
469.68,31.216,31.217,34.806,-3.2204,2.1421,-0.23548,0.40567,-0.13337,-0.61126
470.35,31.193,31.193,34.773,-3.0581,2.3808,-0.19826,0.41011,-0.32337,-0.58528
471.01,31.284,31.284,34.759,-2.8556,2.6234,-0.13998,0.42609,-0.47897,-0.49412
471.67,31.533,31.533,34.77,-2.6066,2.8717,-0.052476,0.45463,-0.57773,-0.34444
472.33,31.968,31.968,34.849,-2.3203,3.1126,0.056018,0.48194,-0.61677,-0.16095
472.99,31.779,31.779,34.219,-2.01,3.3316,0.17217,0.4937,-0.60263,0.029748
473.66,31.606,31.606,33.553,-1.6865,3.5188,0.2839,0.48113,-0.54485,0.20654
474.32,32.248,32.248,33.676,-1.3569,3.6691,0.38257,0.44167,-0.45311,0.35522
474.98,32.15,32.15,33.049,-1.0254,3.7813,0.46277,0.37721,-0.33678,0.4673
475.64,31.953,31.953,32.331,-0.6944,3.8562,0.52139,0.29211,-0.20512,0.53846
476.3,32.552,32.552,32.428,-0.3653,3.8957,0.55702,0.19193,-0.067267,0.56758
476.97,32.406,32.407,31.808,-0.03907,3.902,0.56958,0.082712,0.068043,0.5562
477.63,32.086,32.086,31.049,0.28365,3.8775,0.56017,-0.029502,0.19288,0.50816
478.29,32.519,32.52,31.086,0.6024,3.8245,0.53087,-0.13898,0.30052,0.42915
478.95,32.859,32.859,31.072,0.91668,3.7455,0.48447,-0.24064,0.38567,0.32621
479.61,33.156,33.156,31.061,1.2258,3.6421,0.42416,-0.33032,0.44459,0.20716
480.28,33.411,33.411,31.054,1.5286,3.5159,0.35323,-0.40496,0.47504,0.080067
480.94,33.626,33.626,31.051,1.8236,3.3679,0.27481,-0.46265,0.47633,-0.047202
481.6,33.801,33.801,31.052,2.1087,3.1985,0.19173,-0.50253,0.44915,-0.16735
482.26,33.939,33.939,31.056,2.3813,3.008,0.10633,-0.52474,0.39544,-0.27393
482.92,34.039,34.039,31.061,2.6384,2.7965,0.020541,-0.53009,0.31839,-0.36148
483.59,34.112,34.112,31.07,2.8794,2.5664,-0.061798,-0.51798,0.22462,-0.42388
484.25,34.139,34.139,31.075,3.0956,2.3124,-0.14492,-0.49555,0.11373,-0.46371
484.91,34.124,34.124,31.075,3.2848,2.037,-0.22743,-0.46267,-0.0083831,-0.47702
485.57,34.103,34.103,31.079,3.4522,1.7487,-0.30025,-0.4136,-0.127,-0.45617
486.23,34.091,34.091,31.085,3.5976,1.4503,-0.35985,-0.34965,-0.23251,-0.40264
486.9,34.085,34.085,31.093,3.718,1.1415,-0.40623,-0.27533,-0.31941,-0.32283
487.56,34.085,34.085,31.1,3.8099,0.82223,-0.44048,-0.1953,-0.38433,-0.22448
488.22,34.086,34.086,31.104,3.8708,0.4934,-0.46357,-0.11321,-0.42506,-0.11522
488.88,34.087,34.087,31.104,3.8993,0.15708,-0.47605,-0.031624,-0.4404,-0.0022052
489.54,34.087,34.087,31.1,3.895,-0.18383,-0.47812,0.047716,-0.43015,0.10799
490.21,34.087,34.087,31.094,3.8582,-0.52593,-0.46968,0.12358,-0.39525,0.2094
490.87,34.087,34.087,31.086,3.7898,-0.86549,-0.45049,0.19506,-0.33772,0.2968
491.53,34.087,34.087,31.076,3.6915,-1.1987,-0.42016,0.26146,-0.26057,0.36586
492.19,34.087,34.087,31.068,3.5653,-1.5216,-0.37828,0.32218,-0.16766,0.41332
492.85,34.087,34.087,31.061,3.4137,-1.8304,-0.32438,0.37665,-0.063381,0.43714
493.52,34.087,34.087,31.058,3.2397,-2.1216,-0.25802,0.42432,0.047557,0.43649
494.18,34.078,34.078,31.058,3.0441,-2.3941,-0.18141,0.46231,0.15781,0.40967
494.84,34.04,34.04,31.057,2.8252,-2.6491,-0.099869,0.48607,0.25703,0.35495
495.5,33.962,33.962,31.056,2.5843,-2.885,-0.016247,0.49479,0.33808,0.27594
496.16,33.845,33.845,31.055,2.3246,-3.0984,0.068438,0.48968,0.39697,0.17942
496.83,33.691,33.691,31.057,2.0497,-3.2865,0.15333,0.47206,0.43153,0.07285
497.49,33.501,33.501,31.061,1.7625,-3.4474,0.23703,0.44267,0.44077,-0.036612
498.15,33.276,33.275,31.068,1.4654,-3.5803,0.31745,0.40181,0.42471,-0.14245
498.81,33.014,33.014,31.077,1.1601,-3.6849,0.39196,0.34963,0.38438,-0.23886
499.47,32.715,32.715,31.088,0.84811,-3.7617,0.45761,0.28638,0.32191,-0.32078
500.14,32.38,32.38,31.098,0.53053,-3.8113,0.51134,0.21266,0.24039,-0.38405
500.8,32.009,32.009,31.107,0.20845,-3.8346,0.55014,0.12954,0.14384,-0.42547
501.46,31.604,31.604,31.113,-0.11711,-3.8324,0.57132,0.038629,0.037011,-0.44294
502.12,31.169,31.169,31.116,-0.44501,-3.8055,0.57265,-0.05787,-0.07477,-0.4355
502.78,30.707,30.707,31.114,-0.7739,-3.7545,0.55265,-0.15714,-0.1858,-0.40335
503.45,30.227,30.227,31.108,-1.1021,-3.6798,0.51076,-0.25578,-0.29016,-0.34779
504.11,29.706,29.706,31.068,-1.4273,-3.5813,0.44755,-0.34988,-0.38191,-0.27116
504.77,29.469,29.469,31.307,-1.7468,-3.4587,0.36494,-0.43515,-0.45522,-0.17675
505.43,30.007,30.007,32.301,-2.0566,-3.3107,0.26676,-0.50662,-0.50403,-0.068186
506.09,29.539,29.539,32.274,-2.3579,-3.1418,0.15206,-0.56525,-0.52911,0.044346
506.76,29.27,29.27,32.461,-2.6602,-2.9626,0.011604,-0.61762,-0.54246,0.14608
507.42,29.909,29.909,33.462,-2.927,-2.7399,-0.11648,-0.62755,-0.50947,0.26486
508.08,29.787,29.787,33.517,-3.1303,-2.4555,-0.19947,-0.57761,-0.4006,0.40684
508.74,29.784,29.784,33.553,-3.2856,-2.1342,-0.24902,-0.49507,-0.23428,0.53392
509.4,29.842,29.842,33.592,-3.417,-1.8048,-0.28797,-0.40936,-0.04522,0.60995
510.07,29.892,29.892,33.616,-3.5355,-1.4802,-0.32834,-0.33241,0.13982,0.62144
510.73,29.918,29.918,33.625,-3.641,-1.1607,-0.37094,-0.26302,0.30505,0.5724
511.39,29.926,29.926,33.625,-3.7285,-0.84223,-0.41129,-0.19585,0.44152,0.47451
512.05,29.926,29.926,33.62,-3.7927,-0.52156,-0.44429,-0.12664,0.54334,0.34112
512.71,29.924,29.924,33.614,-3.8301,-0.19759,-0.46612,-0.053748,0.60624,0.18508
513.38,29.922,29.922,33.608,-3.839,0.12882,-0.47465,0.022204,0.62741,0.018394
514.04,29.921,29.921,33.603,-3.8188,0.45547,-0.4692,0.099159,0.60587,-0.14761
514.7,29.921,29.921,33.598,-3.7702,0.77946,-0.45024,0.1743,0.54274,-0.30236
515.36,29.921,29.921,33.593,-3.6944,1.0975,-0.41927,0.24449,0.44129,-0.43634
516.02,29.919,29.92,33.586,-3.5936,1.4057,-0.37894,0.30634,0.30642,-0.54173
516.69,29.933,29.933,33.579,-3.4663,1.7044,-0.32837,0.36076,0.14908,-0.60848
517.35,29.976,29.976,33.573,-3.3119,1.9924,-0.26715,0.4068,-0.018023,-0.63175
518.01,29.95,29.95,33.544,-3.1575,2.2435,-0.22428,0.42015,-0.2118,-0.63168
518.67,29.961,29.961,33.517,-2.9803,2.4824,-0.17815,0.42829,-0.39772,-0.57924
519.33,30.115,30.115,33.514,-2.7576,2.7286,-0.10484,0.45077,-0.53671,-0.45951
520,30.438,30.438,33.549,-2.4912,2.9759,-0.0046178,0.48032,-0.61535,-0.28916
520.66,30.761,30.761,33.478,-2.1931,3.2093,0.11104,0.50177,-0.63537,-0.095274
521.32,30.208,30.208,32.461,-1.876,3.416,0.22867,0.50273,-0.60489,0.097028
521.98,30.618,30.618,32.363,-1.5492,3.5879,0.33741,0.47713,-0.53358,0.26917
522.64,31.09,31.09,32.309,-1.2187,3.722,0.42994,0.42458,-0.43095,0.40916
523.31,30.576,30.576,31.269,-0.88762,3.8179,0.50184,0.3483,-0.30632,0.51008
523.97,30.937,30.937,31.113,-0.55792,3.8772,0.55076,0.25343,-0.16897,0.56873
524.63,31.44,31.44,31.123,-0.23078,3.9018,0.57588,0.14592,-0.028057,0.58488
525.29,31.888,31.888,31.109,0.09303,3.8942,0.57769,0.032012,0.10777,0.56086
525.95,32.295,32.296,31.094,0.41304,3.8569,0.55782,-0.082189,0.23081,0.5012
526.62,32.661,32.661,31.078,0.72885,3.7922,0.51877,-0.19106,0.33468,0.41214
527.28,32.983,32.983,31.065,1.04,3.7024,0.46367,-0.28976,0.41444,0.3011
527.94,33.263,33.263,31.055,1.3456,3.5892,0.39594,-0.37451,0.4667,0.17609
528.6,33.502,33.502,31.049,1.6446,3.4539,0.31897,-0.44266,0.48965,0.045274
529.26,33.701,33.701,31.047,1.9351,3.2973,0.23592,-0.49275,0.48292,-0.083517
529.93,33.861,33.861,31.049,2.2149,3.1197,0.14956,-0.52436,0.44757,-0.20309
530.59,33.983,33.983,31.054,2.4813,2.9212,0.062085,-0.53811,0.38584,-0.30726
531.25,34.071,34.071,31.061,2.7321,2.7028,-0.023817,-0.5343,0.30213,-0.38996
531.91,34.13,34.13,31.069,2.9648,2.465,-0.10602,-0.51444,0.20182,-0.44725
532.57,34.136,34.136,31.072,3.1699,2.2023,-0.18999,-0.48615,0.083484,-0.48204
533.24,34.115,34.115,31.074,3.3507,1.9221,-0.26876,-0.44436,-0.040848,-0.48574
533.9,34.097,34.097,31.08,3.5104,1.6309,-0.33525,-0.38629,-0.15797,-0.45422
534.56,34.088,34.088,31.088,3.6472,1.3294,-0.38779,-0.31519,-0.26006,-0.39138
535.22,34.085,34.085,31.097,3.7576,1.0174,-0.42714,-0.23602,-0.34244,-0.30435
535.88,34.085,34.085,31.103,3.8384,0.69494,-0.45453,-0.15316,-0.40207,-0.20089
536.55,34.086,34.086,31.106,3.8875,0.36346,-0.47088,-0.069903,-0.43692,-0.08845
537.21,34.087,34.087,31.106,3.9038,0.025345,-0.47674,0.01152,-0.44596,0.025978
537.87,34.087,34.087,31.101,3.8872,-0.31629,-0.47228,0.089572,-0.42924,0.13594
538.53,34.087,34.087,31.094,3.8383,-0.65788,-0.45747,0.16319,-0.38796,0.23561
539.19,34.087,34.087,31.086,3.7581,-0.99564,-0.4321,0.2316,-0.32442,0.31991
539.86,34.087,34.087,31.076,3.6485,-1.3257,-0.39585,0.29422,-0.24189,0.38472
540.52,34.087,34.087,31.068,3.5118,-1.6441,-0.34835,0.35056,-0.14441,0.42704
541.18,34.087,34.087,31.062,3.3507,-1.9471,-0.28914,0.40019,-0.036488,0.44513
541.84,34.086,34.086,31.06,3.1678,-2.2316,-0.21829,0.44222,0.07661,0.43805
542.5,34.067,34.067,31.059,2.9623,-2.4981,-0.13985,0.47251,0.18562,0.40313
543.17,34.013,34.013,31.057,2.7334,-2.7468,-0.05845,0.48789,0.28091,0.34047
543.83,33.92,33.92,31.055,2.4837,-2.975,0.024123,0.48883,0.35667,0.25523
544.49,33.788,33.788,31.054,2.2166,-3.1794,0.10715,0.47684,0.40958,0.1546
545.15,33.619,33.619,31.056,1.9355,-3.3575,0.18969,0.4531,0.4378,0.045967
545.81,33.415,33.415,31.061,1.6432,-3.5077,0.27018,0.41822,0.44054,-0.063745
546.48,33.175,33.175,31.069,1.3418,-3.6296,0.34641,0.37244,0.41804,-0.16823
547.14,32.898,32.898,31.078,1.0329,-3.7231,0.4157,0.31592,0.37159,-0.26187
547.8,32.585,32.585,31.088,0.71803,-3.7889,0.47514,0.24902,0.30357,-0.3398
548.46,32.236,32.236,31.098,0.39817,-3.8275,0.52175,0.17247,0.21734,-0.39808
549.12,31.851,31.851,31.107,0.074424,-3.84,0.5527,0.087488,0.11715,-0.43375
549.79,31.433,31.433,31.112,-0.25216,-3.8271,0.56551,-0.0041721,0.0079483,-0.44496
550.45,30.987,30.987,31.114,-0.58037,-3.7898,0.55824,-0.10015,-0.10475,-0.43105
551.11,30.517,30.517,31.111,-0.90876,-3.7284,0.52975,-0.1975,-0.21511,-0.39246
551.77,30.031,30.031,31.103,-1.2355,-3.6432,0.4799,-0.29272,-0.31709,-0.33079
552.43,29.538,29.538,31.091,-1.5581,-3.5343,0.40974,-0.38184,-0.40467,-0.24863
553.1,29.053,29.053,31.076,-1.8735,-3.4009,0.32172,-0.46048,-0.47191,-0.14944
553.76,28.589,28.589,31.06,-2.1776,-3.2421,0.21997,-0.52405,-0.513,-0.037439
554.42,28.065,28.065,30.985,-2.4792,-3.0692,0.096084,-0.58031,-0.53696,0.070695
555.08,28.41,28.41,31.768,-2.7727,-2.8775,-0.04407,-0.62051,-0.54124,0.17596
555.74,28.644,28.644,32.292,-3.0137,-2.6289,-0.1532,-0.60501,-0.48137,0.30843
556.41,28.47,28.47,32.23,-3.1941,-2.3256,-0.21816,-0.53797,-0.34811,0.45216
557.07,29.302,29.302,33.069,-3.3371,-1.9985,-0.2596,-0.4522,-0.1708,0.56471
557.73,29.915,29.914,33.656,-3.4624,-1.6707,-0.29718,-0.37059,0.017708,0.6184
558.39,29.955,29.955,33.674,-3.5761,-1.349,-0.3379,-0.2986,0.19543,0.60779
559.05,29.203,29.203,32.908,-3.6752,-1.031,-0.37976,-0.23239,0.3499,0.54083
559.72,28.626,28.626,32.324,-3.7541,-0.71269,-0.41766,-0.16658,0.47372,0.43018
560.38,28.675,28.675,32.368,-3.8083,-0.39147,-0.44689,-0.09783,0.56167,0.28894
561.04,28.673,28.673,32.362,-3.835,-0.067116,-0.46429,-0.025388,0.60997,0.12947
561.7,28.671,28.671,32.356,-3.8329,0.25893,-0.46831,0.049546,0.61638,-0.036608
562.36,28.67,28.67,32.351,-3.802,0.58418,-0.45868,0.12462,0.58062,-0.19832
563.03,28.67,28.67,32.345,-3.743,0.90556,-0.43625,0.19694,0.50452,-0.34552
563.69,28.67,28.67,32.339,-3.6576,1.2197,-0.40278,0.26336,0.392,-0.46924
564.35,28.669,28.669,32.33,-3.548,1.5228,-0.36109,0.32074,0.2486,-0.56214
565.01,28.703,28.703,32.325,-3.408,1.8197,-0.30548,0.37428,0.090833,-0.61109
565.67,28.723,28.723,32.311,-3.2527,2.0938,-0.25146,0.40807,-0.084441,-0.62711
566.34,28.691,28.691,32.278,-3.0941,2.3357,-0.21321,0.41533,-0.27969,-0.61316
567,28.753,28.753,32.26,-2.8999,2.5774,-0.15844,0.42988,-0.44868,-0.53603
567.66,28.971,28.971,32.268,-2.6586,2.826,-0.074124,0.45814,-0.56347,-0.39595
568.32,29.383,29.383,32.345,-2.3778,3.0701,0.033588,0.48776,-0.61799,-0.2157
568.98,29.201,29.201,31.737,-2.0704,3.2948,0.15159,0.50378,-0.61734,-0.022409
569.65,29,29,31.052,-1.7481,3.4889,0.26715,0.49613,-0.57062,0.16133
570.31,29.589,29.589,31.124,-1.4188,3.6465,0.37081,0.46115,-0.48741,0.31984
570.97,30.127,30.127,31.135,-1.0871,3.7659,0.45649,0.40006,-0.37701,0.44344
571.63,30.653,30.653,31.136,-0.75576,3.8475,0.52063,0.31694,-0.24862,0.52689
572.29,31.154,31.154,31.131,-0.42631,3.8932,0.56145,0.21728,-0.11135,0.56827
572.96,31.624,31.624,31.12,-0.099787,3.905,0.57862,0.10716,0.025904,0.56841
573.62,32.056,32.056,31.105,0.22314,3.8854,0.57301,-0.0072206,0.15498,0.53055
574.28,32.447,32.447,31.09,0.54203,3.837,0.54656,-0.11992,0.2688,0.45988
574.94,32.795,32.795,31.075,0.85644,3.762,0.502,-0.22559,0.36164,0.36309
575.6,33.1,33.1,31.063,1.1658,3.6625,0.44253,-0.31977,0.42928,0.24781
576.27,33.364,33.364,31.054,1.469,3.54,0.37153,-0.39909,0.46902,0.12203
576.93,33.586,33.586,31.05,1.7648,3.3956,0.29231,-0.46131,0.47969,-0.0063077
577.59,33.77,33.77,31.049,2.0512,3.23,0.20786,-0.50535,0.4615,-0.12972
578.25,33.914,33.914,31.052,2.3258,3.0435,0.12074,-0.53113,0.41602,-0.2415
578.91,34.021,34.021,31.057,2.5856,2.8361,0.032926,-0.53947,0.34588,-0.33598
579.58,34.1,34.1,31.065,2.8296,2.6099,-0.051779,-0.52978,0.25715,-0.40668
580.24,34.138,34.138,31.071,3.0513,2.3615,-0.13549,-0.50755,0.15126,-0.45415
580.9,34.128,34.128,31.072,3.2453,2.0901,-0.2198,-0.47582,0.030787,-0.47715
581.56,34.107,34.107,31.075,3.417,1.8047,-0.29541,-0.42822,-0.089578,-0.46668
582.22,34.092,34.092,31.082,3.5673,1.509,-0.35766,-0.36492,-0.19909,-0.42245
582.89,34.086,34.086,31.09,3.6934,1.2032,-0.40611,-0.29024,-0.29157,-0.35007
583.55,34.085,34.085,31.098,3.7919,0.8868,-0.44179,-0.20905,-0.36323,-0.25705
584.21,34.085,34.085,31.103,3.8598,0.56056,-0.46579,-0.12532,-0.41155,-0.15099
584.87,34.086,34.086,31.105,3.8957,0.22627,-0.47882,-0.041908,-0.43496,-0.039072
585.53,34.087,34.087,31.102,3.8987,-0.11336,-0.48123,0.039228,-0.43292,0.072049
586.2,34.087,34.087,31.097,3.869,-0.45501,-0.47305,0.11671,-0.40597,0.17627
586.86,34.087,34.087,31.09,3.8076,-0.79506,-0.45417,0.18956,-0.35574,0.26815
587.52,34.087,34.087,31.081,3.7156,-1.1297,-0.42432,0.25702,-0.28492,0.3431
588.18,34.087,34.087,31.072,3.5953,-1.455,-0.38317,0.31848,-0.19708,0.39753
588.84,34.087,34.087,31.065,3.4489,-1.7671,-0.33035,0.3734,-0.096418,0.429
589.51,34.088,34.088,31.061,3.2793,-2.0624,-0.26543,0.42133,0.012525,0.43634
590.17,34.082,34.082,31.06,3.0881,-2.339,-0.18977,0.4602,0.12333,0.41811
590.83,34.05,34.05,31.06,2.8737,-2.5982,-0.10862,0.48532,0.22571,0.37185
591.49,33.98,33.98,31.058,2.6365,-2.8388,-0.025433,0.49517,0.31168,0.29997
592.15,33.871,33.871,31.056,2.3798,-3.0577,0.05858,0.4909,0.37672,0.20873
592.82,33.725,33.725,31.057,2.1071,-3.2517,0.14265,0.47396,0.41826,0.10545
593.48,33.542,33.542,31.06,1.8215,-3.4189,0.22556,0.44531,0.43499,-0.0026907
594.14,33.323,33.323,31.066,1.5255,-3.558,0.30542,0.4054,0.4266,-0.1091
594.8,33.069,33.069,31.074,1.221,-3.6687,0.37976,0.35443,0.39378,-0.20785
595.46,32.777,32.777,31.084,0.90952,-3.7514,0.44577,0.29268,0.33829,-0.29372
596.13,32.449,32.449,31.094,0.59233,-3.8066,0.50047,0.22068,0.26289,-0.3623
596.79,32.086,32.086,31.103,0.27053,-3.8352,0.54093,0.13942,0.17129,-0.41012
597.45,31.687,31.687,31.11,-0.054826,-3.8379,0.56443,0.050368,0.068007,-0.43475
598.11,31.258,31.258,31.113,-0.38262,-3.8156,0.56873,-0.044409,-0.041833,-0.43487
598.77,30.801,30.801,31.113,-0.71155,-3.769,0.5522,-0.14227,-0.15265,-0.41031
599.44,30.323,30.323,31.108,-1.04,-3.6985,0.51415,-0.23998,-0.25858,-0.36202
600.1,29.833,29.834,31.098,-1.3658,-3.6041,0.45492,-0.33381,-0.35368,-0.29201
600.76,29.342,29.342,31.085,-1.6864,-3.4857,0.37614,-0.4196,-0.43206,-0.20323
601.42,28.864,28.864,31.069,-1.998,-3.3423,0.28117,-0.49265,-0.48772,-0.099198
602.08,28.404,28.404,31.05,-2.2993,-3.1754,0.17178,-0.55122,-0.51812,0.012811
602.75,27.911,27.911,31.014,-2.6021,-2.9989,0.036196,-0.60511,-0.53703,0.11467
603.41,27.492,27.492,30.988,-2.8791,-2.7876,-0.097183,-0.62558,-0.5196,0.22724
604.07,27.27,27.27,30.98,-3.0941,-2.5138,-0.18784,-0.58537,-0.42806,0.36708
604.73,27.446,27.446,31.215,-3.2563,-2.1968,-0.2406,-0.50599,-0.27285,0.50136
605.39,28.535,28.535,32.292,-3.3905,-1.8673,-0.27882,-0.41922,-0.088059,0.59062
606.06,28.666,28.666,32.397,-3.5109,-1.5414,-0.31724,-0.34051,0.097349,0.61677
606.72,28.512,28.512,32.224,-3.619,-1.2212,-0.3585,-0.27052,0.26579,0.58104
607.38,27.482,27.482,31.184,-3.7103,-0.90312,-0.39878,-0.20411,0.40737,0.49414
608.04,27.415,27.415,31.111,-3.7793,-0.58341,-0.43292,-0.13657,0.51585,0.36922
608.7,27.424,27.424,31.116,-3.8223,-0.26053,-0.45682,-0.065659,0.58668,0.21914
609.37,27.422,27.422,31.11,-3.8371,0.064998,-0.46803,0.0084506,0.61674,0.055963
610.03,27.42,27.421,31.105,-3.8231,0.39124,-0.4656,0.083998,0.60463,-0.10898
610.69,27.42,27.42,31.099,-3.7805,0.71541,-0.44979,0.15834,0.55097,-0.26507
611.35,27.42,27.42,31.094,-3.7104,1.0343,-0.42184,0.22847,0.45854,-0.4026
612.01,27.42,27.42,31.087,-3.6149,1.3442,-0.3841,0.29112,0.3319,-0.51341
612.68,27.426,27.426,31.078,-3.4943,1.6436,-0.33762,0.34527,0.17941,-0.58899
613.34,27.471,27.471,31.074,-3.3435,1.9358,-0.27742,0.39465,0.017829,-0.61916
614,27.458,27.458,31.049,-3.1898,2.1935,-0.23212,0.41345,-0.16935,-0.62548
614.66,27.448,27.448,31.018,-3.0204,2.432,-0.19075,0.41978,-0.35889,-0.58728
615.32,27.571,27.571,31.011,-2.8075,2.6768,-0.12455,0.43968,-0.50724,-0.48186
615.99,27.851,27.851,31.027,-2.5492,2.925,-0.029937,0.46949,-0.59675,-0.32144
616.65,28.255,28.255,31.056,-2.2565,3.1627,0.082973,0.49448,-0.62698,-0.13218
617.31,28.74,28.74,31.087,-1.9423,3.3758,0.20066,0.50117,-0.60534,0.059951
617.97,29.266,29.266,31.112,-1.6168,3.5554,0.31159,0.48215,-0.54143,0.23508
618.63,29.805,29.805,31.129,-1.2865,3.6976,0.40778,0.43601,-0.4448,0.38014
619.3,30.34,30.34,31.135,-0.95503,3.8015,0.48431,0.36534,-0.32474,0.48742
619.96,30.857,30.857,31.134,-0.62455,3.8684,0.53844,0.27492,-0.19051,0.55315
620.62,31.347,31.347,31.126,-0.29638,3.9003,0.56905,0.17056,-0.05123,0.57661
621.28,31.802,31.802,31.113,0.028625,3.8993,0.57634,0.058403,0.084406,0.5597
621.94,32.218,32.218,31.098,0.34992,3.8681,0.56167,-0.055432,0.20859,0.50657
622.61,32.592,32.592,31.082,0.66709,3.809,0.52733,-0.16523,0.31473,0.42316
623.27,32.922,32.922,31.069,0.97965,3.7243,0.4763,-0.26602,0.39771,0.31665
623.93,33.211,33.211,31.058,1.2869,3.6157,0.41191,-0.35377,0.45394,0.19497
624.59,33.458,33.458,31.051,1.5876,3.4847,0.3375,-0.42563,0.48136,0.066189
625.25,33.664,33.664,31.049,1.8801,3.3321,0.25627,-0.47987,0.4794,-0.06184
625.92,33.832,33.832,31.05,2.1624,3.1584,0.17101,-0.51587,0.44889,-0.18187
626.58,33.962,33.962,31.054,2.4317,2.9638,0.084041,-0.53396,0.39191,-0.28758
627.24,34.055,34.055,31.06,2.6855,2.7487,-0.0024059,-0.53481,0.31208,-0.37326
627.9,34.122,34.122,31.069,2.9224,2.5148,-0.084938,-0.5185,0.21579,-0.43351
628.56,34.138,34.138,31.073,3.1328,2.2563,-0.16902,-0.49307,0.10147,-0.47169
629.23,34.12,34.12,31.074,3.3176,1.9784,-0.25014,-0.45552,-0.021668,-0.48105
629.89,34.1,34.1,31.079,3.4811,1.6887,-0.32004,-0.40151,-0.13948,-0.45557
630.55,34.089,34.089,31.086,3.6223,1.389,-0.3762,-0.33345,-0.24333,-0.39804
631.21,34.085,34.085,31.095,3.7377,1.0787,-0.41904,-0.25613,-0.32816,-0.31521
631.87,34.085,34.085,31.101,3.8242,0.75802,-0.44973,-0.17414,-0.39076,-0.21482
632.54,34.086,34.086,31.105,3.8793,0.42801,-0.46924,-0.090939,-0.42901,-0.1044
633.2,34.087,34.087,31.105,3.9019,0.090921,-0.47811,-0.0089602,-0.44175,0.0090271
633.86,34.087,34.087,31.101,3.8915,-0.25024,-0.47655,0.070142,-0.4289,0.11896
634.52,34.087,34.087,31.094,3.8488,-0.592,-0.46451,0.14521,-0.39147,0.2195
635.18,34.087,34.087,31.086,3.7746,-0.9306,-0.44178,0.21539,-0.33159,0.3055
635.85,34.087,34.087,31.077,3.6707,-1.2622,-0.40805,0.28003,-0.25237,0.37273
636.51,34.087,34.087,31.068,3.5393,-1.5829,-0.36291,0.33858,-0.15772,0.41805
637.17,34.087,34.087,31.062,3.383,-1.8888,-0.30596,0.39055,-0.052089,0.43953
637.83,34.087,34.087,31.06,3.2046,-2.1767,-0.23693,0.43529,0.059655,0.43633
638.49,34.074,34.074,31.059,3.0041,-2.4462,-0.15901,0.46923,0.16919,0.40615
639.16,34.027,34.027,31.058,2.7801,-2.6982,-0.077321,0.48844,0.2664,0.34807
639.82,33.941,33.941,31.056,2.5346,-2.9304,0.005882,0.49283,0.34485,0.2665
640.48,33.817,33.817,31.055,2.2711,-3.1395,0.089748,0.48382,0.40093,0.16843
641.14,33.656,33.656,31.057,1.9929,-3.3227,0.1734,0.46268,0.43262,0.061273
641.8,33.458,33.458,31.061,1.703,-3.4785,0.25535,0.4301,0.43901,-0.047957
642.47,33.226,33.225,31.068,1.4035,-3.6059,0.33345,0.38638,0.42022,-0.15288
643.13,32.956,32.956,31.078,1.0963,-3.7051,0.40508,0.33167,0.37738,-0.24778
643.79,32.65,32.65,31.088,0.78258,-3.7765,0.4673,0.2663,0.31269,-0.32773
644.45,32.308,32.308,31.098,0.46366,-3.8206,0.51711,0.19095,0.22937,-0.38865
645.11,31.93,31.93,31.106,0.14056,-3.8385,0.55162,0.10676,0.13152,-0.42747
645.78,31.519,31.519,31.112,-0.18567,-3.831,0.56825,0.015411,0.023962,-0.4422
646.44,31.077,31.077,31.114,-0.51386,-3.7988,0.56493,-0.080804,-0.087916,-0.43199
647.1,30.611,30.611,31.112,-0.84261,-3.7425,0.54037,-0.17901,-0.19835,-0.39714
647.76,30.128,30.128,31.105,-1.1701,-3.6624,0.49423,-0.27576,-0.30139,-0.33909
648.42,29.636,29.636,31.094,-1.4941,-3.5586,0.42733,-0.36714,-0.39105,-0.26026
649.09,29.148,29.148,31.079,-1.8116,-3.4305,0.34183,-0.44883,-0.46147,-0.164
649.75,28.68,28.68,31.063,-2.1184,-3.2767,0.24192,-0.51589,-0.50651,-0.054038
650.41,28.211,28.211,31.038,-2.4195,-3.1053,0.12295,-0.57278,-0.531,0.05609
651.07,27.723,27.723,31.001,-2.7183,-2.9207,-0.0183,-0.61968,-0.54123,0.15835
651.73,27.385,27.385,30.99,-2.9723,-2.685,-0.13705,-0.61656,-0.49559,0.28389
652.4,27.271,27.271,31.019,-3.1634,-2.3901,-0.21024,-0.557,-0.3744,0.42753
653.06,27.294,27.294,31.063,-3.3119,-2.0653,-0.25492,-0.47207,-0.20242,0.54793
653.72,27.354,27.354,31.1,-3.4399,-1.7365,-0.29266,-0.38812,-0.013728,0.61299
654.38,27.399,27.399,31.12,-3.556,-1.4133,-0.33289,-0.31367,0.16734,0.61346
655.04,27.421,27.421,31.127,-3.6582,-1.0946,-0.3749,-0.24602,0.32681,0.55549
655.71,27.426,27.426,31.125,-3.7414,-0.7763,-0.41383,-0.1797,0.4566,0.45136
656.37,27.425,27.425,31.119,-3.8005,-0.45541,-0.44475,-0.11091,0.5512,0.31429
657.03,27.423,27.423,31.113,-3.8325,-0.13129,-0.4642,-0.038451,0.6066,0.15685
657.69,27.421,27.421,31.107,-3.8359,0.19488,-0.47035,0.036757,0.62027,-0.0091698
658.35,27.42,27.42,31.102,-3.8103,0.52077,-0.46274,0.11251,0.5916,-0.17266
659.02,27.42,27.42,31.097,-3.7565,0.84338,-0.44203,0.18596,0.52204,-0.32329
659.68,27.42,27.42,31.091,-3.6759,1.1594,-0.40985,0.25399,0.4152,-0.45181
660.34,27.419,27.419,31.082,-3.5708,1.4648,-0.36904,0.31322,0.27616,-0.55079
661,27.442,27.442,31.076,-3.4367,1.7634,-0.31602,0.36699,0.11808,-0.60837
661.69,27.476,27.476,31.066,-3.2755,2.0538,-0.25622,0.40792,-0.058326,-0.62676
