-98.275,217.92,259.48
-95.462,213.41,250.12
-94.153,209.52,242.7
-93.855,206.16,237.44
-94.197,203.19,234.05
-94.918,200.49,232.05
-95.85,197.96,230.98
-96.884,195.51,230.52
-97.954,193.09,230.44
-99.015,190.66,230.63
-100.04,188.2,230.98
-101.01,185.7,231.46
-101.9,183.14,232.02
-102.72,180.51,232.65
-103.43,177.82,233.35
-104.05,175.04,234.12
-104.56,172.19,234.94
-104.94,169.25,235.84
-105.18,166.21,236.78
-105.29,163.09,238.02
-104.96,159.71,242.37
-104.27,156.13,241.91
-103.77,152.64,240.69
-103.42,149.24,239.93
-103.17,145.9,239.39
-102.99,142.59,239.01
-102.85,139.32,238.73
-102.76,136.07,238.52
-102.69,132.83,238.38
-102.63,129.61,238.27
-102.59,126.39,238.19
-102.57,123.18,238.13
-102.55,119.98,238.09
-102.53,116.78,238.06
-102.52,113.58,238.04
-102.51,110.38,238.02
-102.51,107.19,238.01
-102.5,103.99,238
-102.5,100.8,237.99
-102.5,97.604,237.99
-102.49,94.411,237.98
-102.49,91.219,237.98
-102.49,88.026,237.98
-102.49,84.834,237.98
-102.49,81.642,237.98
-102.49,78.45,237.97
-102.49,75.257,237.97
-102.49,72.066,237.97
-102.49,68.874,237.97
-102.49,65.682,237.97
-102.49,62.49,237.97
-102.49,59.298,237.97
-102.49,56.106,237.97
-102.49,52.914,237.97
-102.49,49.722,237.97
-102.49,46.53,237.97
-102.49,43.338,237.97
-102.49,40.147,237.97
-102.49,36.955,237.97
-102.49,33.763,237.97
-102.49,30.57,238.06
-102.49,27.377,237.22
-102.87,24.445,234.02
-103.32,21.554,236.19
-103.41,18.425,238.4
-103.2,15.102,240.45
-102.67,11.604,242.47
-101.83,7.9397,244.56
-100.64,4.1132,246.8
-99.081,0.12494,249.26
-97.089,-4.0252,252.04
-94.6,-8.3358,255.25
-91.524,-12.8,258.99
-87.745,-17.399,275.86
-83.116,-22.093,156.78
-77.454,-26.805,-94.729
-70.538,-31.394,-77.121
-62.125,-35.621,-67.014
-51.987,-39.101,-55.171
-39.996,-41.268,-40.956
-26.257,-41.386,-24.23
-11.259,-38.639,-4.9433
4.0161,-32.333,16.962
18.097,-22.209,41.139
29.282,-8.8383,68.226
36.076,6.3075,92.997
39.86,21.587,103.69
42.254,36.533,109.94
43.823,51.188,113.81
44.887,65.623,116.31
45.627,79.899,117.98
46.148,94.059,119.14
46.521,108.14,119.97
46.764,122.14,120.36
47.366,136.33,115.92
47.936,150.5,122.97
47.039,163.7,133.83
44.8,175.62,144.19
41.527,186.13,153.81
37.537,195.2,162.46
33.109,202.92,170.07
28.459,209.41,176.71
23.741,214.81,182.46
19.059,219.27,187.44
14.48,222.93,191.74
10.041,225.9,195.45
5.7627,228.28,198.66
1.6511,230.16,201.44
-2.2952,231.62,203.85
-6.0825,232.72,205.94
-9.7205,233.51,207.76
-13.22,234.04,209.34
-16.592,234.34,210.72
-19.848,234.45,211.93
-22.999,234.38,213
-26.053,234.17,213.95
-29.019,233.82,214.8
-31.905,233.36,215.56
-34.717,232.8,216.26
-37.46,232.14,216.89
-40.137,231.39,217.49
-42.753,230.57,218.05
-45.31,229.67,218.58
-47.81,228.7,219.09
-50.255,227.66,219.58
-52.645,226.55,220.06
-54.982,225.38,220.53
-57.265,224.15,221
-59.495,222.85,221.46
-61.672,221.5,221.91
-63.795,220.09,222.37
-65.865,218.61,222.83
-67.88,217.08,223.28
-69.84,215.49,223.74
-71.745,213.84,224.2
-73.593,212.14,224.67
-75.383,210.37,225.14
-77.114,208.55,225.61
-78.785,206.67,226.1
-80.394,204.73,226.59
-81.94,202.72,227.1
-83.42,200.66,227.61
-84.832,198.54,228.14
-86.174,196.35,228.69
-87.443,194.1,229.25
-88.636,191.78,229.83
-89.749,189.4,230.44
-90.779,186.94,231.07
-91.719,184.42,231.74
-92.567,181.82,232.44
-93.314,179.14,233.17
-93.955,176.39,233.96
-94.481,173.55,234.79
-94.883,170.62,235.69
-95.149,167.6,236.66
-95.284,164.49,237.68
-95.034,161.16,241.95
-94.338,157.57,242.12
-93.821,154.08,240.8
-93.457,150.67,240.01
-93.195,147.32,239.45
-93.005,144.01,239.05
-92.867,140.74,238.76
-92.766,137.48,238.55
-92.692,134.24,238.39
-92.638,131.02,238.28
-92.599,127.8,238.2
-92.57,124.59,238.14
-92.548,121.39,238.09
-92.533,118.19,238.06
-92.521,114.99,238.04
-92.513,111.79,238.02
-92.506,108.59,238.01
-92.502,105.4,238
-92.498,102.21,237.99
-92.496,99.012,237.99
-92.494,95.819,237.98
-92.493,92.626,237.98
-92.492,89.434,237.98
-92.491,86.242,237.98
-92.491,83.05,237.98
-92.49,79.857,237.97
-92.49,76.665,237.97
-92.49,73.473,237.97
-92.49,70.281,237.97
-92.489,67.09,237.97
-92.489,63.898,237.97
-92.489,60.706,237.97
-92.489,57.514,237.97
-92.489,54.322,237.97
-92.489,51.13,237.97
-92.489,47.938,237.97
-92.489,44.746,237.97
-92.489,41.555,237.97
-92.489,38.363,237.97
-92.489,35.171,237.97
-92.488,31.978,238.02
-92.475,28.778,237.64
-92.784,25.798,234.14
-93.271,22.932,235.84
-93.413,19.832,238.13
-93.238,16.533,240.18
-92.753,13.057,242.21
-91.952,9.4143,244.28
-90.812,5.6086,246.5
-89.3,1.6412,248.93
-87.367,-2.4883,251.67
-84.946,-6.7786,254.81
-81.95,-11.224,258.48
-78.269,-15.807,271.67
-73.757,-20.493,199.14
-68.238,-25.209,-83.161
-61.495,-29.824,-79.538
-53.286,-34.115,-68.363
-43.378,-37.717,-56.805
-31.623,-40.089,-42.901
-18.089,-40.513,-26.498
-3.2069,-38.174,-7.5399
12.106,-32.348,14.032
26.43,-22.697,37.994
38.09,-9.6754,64.424
45.447,5.3468,90.764
49.48,20.659,102.7
52.009,35.646,109.32
53.66,50.333,113.41
54.775,64.792,116.05
55.548,79.085,117.81
56.093,93.259,119.01
56.481,107.35,119.86
56.735,121.36,120.57
57.255,135.5,116.13
57.945,149.73,121.57
57.239,163.08,132.49
55.154,175.18,142.91
51.994,185.87,152.64
48.079,195.12,161.41
43.693,203.01,169.16
39.061,209.64,175.92
34.346,215.17,181.78
29.655,219.75,186.84
25.06,223.5,191.22
20.602,226.55,195
16.302,229,198.27
12.169,230.95,201.11
8.2022,232.46,203.56
4.395,233.6,205.69
0.73854,234.43,207.54
-2.778,234.99,209.15
-6.1659,235.32,210.55
-9.4364,235.44,211.79
-12.6,235.4,212.87
-15.666,235.2,213.83
-18.643,234.87,214.69
-21.539,234.43,215.47
-24.36,233.88,216.17
-27.111,233.23,216.82
-29.797,232.5,217.42
-32.42,231.68,217.98
-34.985,230.79,218.51
-37.492,229.82,219.03
-39.944,228.79,219.52
-42.341,227.7,220
-44.684,226.53,220.47
-46.974,225.31,220.94
-49.211,224.02,221.4
-51.395,222.68,221.86
-53.525,221.27,222.31
-55.602,219.81,222.77
-57.624,218.28,223.22
-59.592,216.7,223.68
-61.503,215.06,224.14
-63.359,213.36,224.61
-65.156,211.6,225.08
-66.895,209.79,225.55
-68.574,207.91,226.04
-70.191,205.98,226.53
-71.745,203.99,227.03
-73.233,201.93,227.55
-74.654,199.81,228.07
-76.006,197.63,228.62
-77.284,195.39,229.18
-78.487,193.08,229.76
-79.611,190.71,230.36
-80.651,188.26,230.99
-81.604,185.75,231.65
-82.463,183.16,232.34
-83.224,180.49,233.08
-83.879,177.75,233.85
-84.42,174.92,234.68
-84.839,172,235.57
-85.123,168.99,236.54
-85.275,165.9,237.43
-85.112,162.62,241.36
-84.429,159.04,242.37
-83.882,155.53,240.93
-83.501,152.11,240.1
-83.226,148.75,239.52
-83.028,145.44,239.09
-82.883,142.16,238.79
-82.778,138.9,238.57
-82.701,135.66,238.41
-82.645,132.43,238.29
-82.603,129.22,238.21
-82.573,126,238.15
-82.551,122.8,238.1
-82.534,119.6,238.07
-82.522,116.4,238.04
-82.514,113.2,238.02
-82.507,110,238.01
-82.502,106.81,238
-82.499,103.62,237.99
-82.496,100.42,237.99
-82.494,97.229,237.98
-82.493,94.036,237.98
-82.492,90.844,237.98
-82.491,87.652,237.98
-82.491,84.459,237.98
-82.49,81.267,237.97
-82.49,78.075,237.97
-82.49,74.883,237.97
-82.49,71.691,237.97
-82.489,68.499,237.97
-82.489,65.307,237.97
-82.489,62.116,237.97
-82.489,58.924,237.97
-82.489,55.732,237.97
-82.489,52.54,237.97
-82.489,49.348,237.97
-82.489,46.156,237.97
-82.489,42.964,237.97
-82.489,39.773,237.97
-82.489,36.581,237.97
-82.489,33.389,237.99
-82.472,30.185,237.9
-82.72,27.164,234.36
-83.232,24.316,235.49
-83.417,21.244,237.86
-83.281,17.969,239.93
-82.836,14.515,241.95
-82.075,10.893,244.01
-80.98,7.1078,246.2
-79.518,3.1611,248.6
-77.642,-0.94753,251.29
-75.288,-5.2174,254.38
-72.372,-9.6433,257.97
-68.786,-14.211,267.95
-64.391,-18.886,228.9
-59.013,-23.604,-65.854
-52.44,-28.242,-82.679
-44.434,-32.592,-69.693
-34.755,-36.309,-58.42
-23.241,-38.877,-44.83
-9.9209,-39.596,-28.753
4.8279,-37.658,-10.127
20.155,-32.312,11.106
34.699,-23.149,34.821
46.803,-10.502,60.732
54.736,4.3676,88.194
59.059,19.706,101.6
61.739,34.737,108.63
63.48,49.459,112.98
64.652,63.944,115.76
65.462,78.256,117.61
66.032,92.442,118.88
66.437,106.54,119.76
66.708,120.56,120.64
67.134,134.65,116.74
67.906,148.93,120.14
67.404,162.43,131.1
65.482,174.7,141.58
62.443,185.58,151.43
58.608,195.01,160.34
54.269,203.07,168.22
49.659,209.85,175.1
44.947,215.52,181.07
40.248,220.21,186.23
35.638,224.06,190.7
31.161,227.2,194.55
26.841,229.72,197.88
22.686,231.72,200.77
18.698,233.29,203.26
14.871,234.47,205.43
11.196,235.34,207.31
7.6619,235.93,208.95
4.2581,236.29,210.38
0.9733,236.44,211.64
-2.2032,236.41,212.74
-5.2813,236.24,213.72
-8.2694,235.92,214.59
-11.175,235.49,215.37
-14.005,234.95,216.08
-16.765,234.32,216.74
-19.459,233.59,217.34
-22.09,232.79,217.91
-24.662,231.91,218.45
-27.177,230.95,218.96
-29.635,229.93,219.46
-32.039,228.84,219.94
-34.39,227.68,220.41
-36.686,226.47,220.88
-38.93,225.19,221.34
-41.121,223.85,221.8
-43.258,222.45,222.25
-45.341,221,222.71
-47.37,219.48,223.16
-49.345,217.9,223.62
-51.264,216.27,224.08
-53.126,214.58,224.55
-54.931,212.83,225.02
-56.678,211.02,225.49
-58.364,209.15,225.97
-59.989,207.23,226.46
-61.551,205.24,226.97
-63.048,203.2,227.48
-64.478,201.09,228.01
-65.838,198.92,228.55
-67.126,196.68,229.11
-68.339,194.38,229.68
-69.472,192.01,230.28
-70.524,189.58,230.91
-71.488,187.07,231.57
-72.36,184.49,232.25
-73.133,181.83,232.98
-73.802,179.1,233.75
-74.358,176.28,234.57
-74.793,173.38,235.46
-75.095,170.38,236.41
-75.263,167.3,237.27
-75.169,164.05,240.76
-74.512,160.49,242.57
-73.937,156.96,241.05
-73.54,153.54,240.19
-73.255,150.17,239.58
-73.049,146.86,239.14
-72.899,143.57,238.82
-72.789,140.31,238.59
-72.709,137.07,238.43
-72.651,133.84,238.31
-72.608,130.62,238.22
-72.576,127.41,238.15
-72.553,124.21,238.1
-72.536,121,238.07
-72.524,117.8,238.04
-72.515,114.61,238.02
-72.508,111.41,238.01
-72.503,108.22,238
-72.499,105.02,237.99
-72.497,101.83,237.99
-72.495,98.635,237.98
-72.493,95.442,237.98
-72.492,92.25,237.98
-72.491,89.058,237.98
-72.491,85.865,237.98
-72.49,82.673,237.97
-72.49,79.481,237.97
-72.49,76.289,237.97
-72.49,73.097,237.97
-72.489,69.905,237.97
-72.489,66.713,237.97
-72.489,63.521,237.97
-72.489,60.329,237.97
-72.489,57.138,237.97
-72.489,53.946,237.97
-72.489,50.754,237.97
-72.489,47.562,237.97
-72.489,44.37,237.97
-72.489,41.178,237.97
-72.489,37.986,237.97
-72.489,34.795,237.98
-72.473,31.592,238.06
-72.66,28.529,234.71
-73.186,25.692,235.14
-73.415,22.649,237.6
-73.318,19.397,239.67
-72.911,15.965,241.69
-72.192,12.364,243.75
-71.141,8.5992,245.92
-69.728,4.673,248.28
-67.907,0.58489,250.93
-65.618,-3.6646,253.96
-62.779,-8.0713,257.48
-59.285,-12.622,264.75
-55.002,-17.286,251.67
-49.76,-22.004,-41.271
-43.353,-26.662,-86.519
-35.543,-31.064,-70.977
-26.089,-34.887,-59.98
-14.812,-37.636,-46.697
-1.7097,-38.635,-30.943
12.894,-37.081,-12.643
28.212,-32.202,8.2542
42.947,-23.526,31.701
55.458,-11.272,57.162
63.973,3.4143,85.345
68.618,18.768,100.44
71.458,33.842,107.9
73.294,48.6,112.53
74.525,63.112,115.47
75.374,77.442,117.41
75.969,91.643,118.74
76.393,105.75,119.67
76.681,119.78,120.6
77.041,133.84,117.37
77.862,148.15,118.87
77.558,161.78,129.77
75.799,174.21,140.28
72.883,185.27,150.23
69.132,194.89,159.27
64.843,203.11,167.27
60.257,210.06,174.28
55.55,215.86,180.36
50.845,220.66,185.62
46.221,224.61,190.16
41.725,227.83,194.09
37.384,230.43,197.48
33.208,232.49,200.42
29.199,234.11,202.96
25.351,235.34,205.17
21.657,236.24,207.09
18.106,236.87,208.76
14.686,237.25,210.21
11.387,237.43,211.49
8.1973,237.43,212.61
5.1072,237.27,213.6
2.108,236.97,214.48
-0.80804,236.55,215.28
-3.6475,236.03,216
-6.4159,235.4,216.66
-9.1179,234.69,217.27
-11.757,233.9,217.84
-14.336,233.02,218.38
-16.858,232.08,218.9
-19.324,231.06,219.4
-21.735,229.98,219.88
-24.092,228.84,220.35
-26.396,227.63,220.82
-28.646,226.36,221.28
-30.843,225.03,221.74
-32.987,223.63,222.2
-35.078,222.18,222.65
-37.114,220.68,223.11
-39.095,219.11,223.56
-41.021,217.48,224.02
-42.891,215.8,224.49
-44.703,214.06,224.96
-46.457,212.26,225.43
-48.152,210.4,225.91
-49.785,208.48,226.4
-51.355,206.5,226.9
-52.86,204.46,227.41
-54.299,202.36,227.94
-55.668,200.2,228.48
-56.965,197.97,229.03
-58.188,195.68,229.61
-59.332,193.32,230.21
-60.394,190.89,230.83
-61.369,188.4,231.48
-62.253,185.82,232.16
-63.04,183.18,232.89
-63.723,180.45,233.65
-64.294,177.65,234.47
-64.744,174.75,235.34
-65.064,171.77,236.28
-65.248,168.7,237.14
-65.214,165.49,240.14
-64.599,161.95,242.73
-63.995,158.41,241.18
-63.582,154.97,240.28
-63.285,151.6,239.64
-63.07,148.28,239.18
-62.914,144.99,238.86
-62.801,141.73,238.62
-62.718,138.48,238.44
-62.657,135.25,238.32
-62.612,132.04,238.23
-62.58,128.82,238.16
-62.556,125.62,238.11
-62.538,122.41,238.07
-62.525,119.21,238.05
-62.516,116.02,238.03
-62.509,112.82,238.01
-62.503,109.62,238
-62.5,106.43,237.99
-62.497,103.24,237.99
-62.495,100.04,237.98
-62.493,96.851,237.98
-62.492,93.658,237.98
-62.491,90.466,237.98
-62.491,87.274,237.98
-62.49,84.081,237.97
-62.49,80.889,237.97
-62.49,77.697,237.97
-62.49,74.505,237.97
-62.489,71.313,237.97
-62.489,68.121,237.97
-62.489,64.93,237.97
-62.489,61.738,237.97
-62.489,58.546,237.97
-62.489,55.354,237.97
-62.489,52.162,237.97
-62.489,48.97,237.97
-62.489,45.778,237.97
-62.489,42.587,237.97
-62.489,39.395,237.97
-62.489,36.203,237.97
-62.476,33.002,238.15
-62.599,29.895,235.25
-63.12,27.057,234.77
-63.398,24.046,237.31
-63.342,20.82,239.4
-62.976,17.41,241.43
-62.298,13.831,243.48
-61.291,10.087,245.63
-59.927,6.1817,247.97
-58.162,2.1143,250.58
-55.937,-2.1146,253.55
-53.173,-6.5017,257
-49.77,-11.035,262.14
-45.596,-15.688,269.23
-40.487,-20.403,-3.9348
-34.24,-25.078,-91.246
-26.623,-29.528,-72.227
-17.39,-33.448,-61.502
-6.3508,-36.368,-48.523
6.5288,-37.632,-33.088
20.974,-36.449,-15.115
36.263,-32.029,5.4482
51.16,-23.843,28.604
64.049,-11.998,53.678
73.159,2.4696,82.121
78.165,17.821,99.236
81.169,32.938,107.14
83.104,47.733,112.06
84.396,62.271,115.17
85.283,76.621,117.21
85.905,90.836,118.6
86.347,104.95,119.57
86.653,118.99,120.51
86.961,133.03,118.07
87.796,147.34,117.75
87.691,161.1,128.41
86.099,173.7,138.97
83.313,184.94,149.01
79.65,194.74,158.17
75.415,203.14,166.31
70.855,210.23,173.44
66.156,216.17,179.63
61.446,221.1,184.99
56.808,225.15,189.62
52.294,228.46,193.62
47.932,231.13,197.08
43.735,233.26,200.07
39.704,234.93,202.66
35.837,236.2,204.91
32.124,237.15,206.86
28.555,237.8,208.55
25.119,238.22,210.04
21.805,238.42,211.33
18.601,238.44,212.47
15.499,238.29,213.48
12.489,238.02,214.38
9.5624,237.61,215.18
6.7134,237.1,215.91
3.9361,236.49,216.57
1.2259,235.79,217.19
-1.4212,235,217.77
-4.0081,234.14,218.31
-6.5371,233.2,218.83
-9.01,232.2,219.33
-11.428,231.12,219.82
-13.792,229.99,220.29
-16.102,228.79,220.76
-18.36,227.52,221.22
-20.564,226.2,221.68
-22.715,224.82,222.14
-24.812,223.37,222.59
-26.855,221.87,223.05
-28.844,220.31,223.5
-30.777,218.7,223.96
-32.654,217.02,224.43
-34.474,215.28,224.9
-36.235,213.49,225.37
-37.937,211.64,225.85
-39.578,209.73,226.34
-41.156,207.76,226.84
-42.67,205.73,227.35
-44.117,203.63,227.87
-45.496,201.48,228.41
-46.803,199.26,228.96
-48.035,196.98,229.53
-49.189,194.63,230.13
-50.262,192.21,230.75
-51.249,189.72,231.39
-52.145,187.16,232.07
-52.945,184.52,232.79
-53.641,181.81,233.55
-54.227,179.01,234.36
-54.693,176.13,235.22
-55.031,173.16,236.16
-55.231,170.1,237.04
-55.251,166.92,239.43
-54.702,163.42,242.82
-54.065,159.86,241.35
-53.632,156.41,240.39
-53.321,153.03,239.72
-53.096,149.7,239.24
-52.933,146.41,238.9
-52.814,143.15,238.65
-52.728,139.9,238.47
-52.664,136.67,238.33
-52.618,133.45,238.24
-52.584,130.24,238.17
-52.559,127.03,238.12
-52.54,123.82,238.08
-52.527,120.62,238.05
-52.517,117.43,238.03
-52.509,114.23,238.01
-52.504,111.03,238
-52.5,107.84,237.99
-52.497,104.65,237.99
-52.495,101.45,237.98
-52.494,98.261,237.98
-52.492,95.068,237.98
-52.491,91.876,237.98
-52.491,88.684,237.98
-52.49,85.492,237.97
-52.49,82.299,237.97
-52.49,79.108,237.97
-52.49,75.916,237.97
-52.49,72.724,237.97
-52.489,69.532,237.97
-52.489,66.34,237.97
-52.489,63.148,237.97
-52.489,59.956,237.97
-52.489,56.764,237.97
-52.489,53.572,237.97
-52.489,50.38,237.97
-52.489,47.189,237.97
-52.489,43.997,237.97
-52.489,40.805,237.97
-52.489,37.613,237.97
-52.479,34.414,238.16
-52.557,31.277,235.77
-53.062,28.428,234.46
-53.387,25.449,237.04
-53.37,22.247,239.15
-53.043,18.86,241.17
-52.405,15.302,243.21
-51.442,11.579,245.34
-50.125,7.6942,247.65
-48.415,3.6476,250.22
-46.253,-0.56066,253.14
-43.564,-4.9278,256.53
-40.249,-9.4436,260.73
-36.183,-14.083,277
-31.205,-18.795,34.031
-25.118,-23.483,-95.141
-17.69,-27.976,-73.461
-8.679,-31.987,-63.005
2.1211,-35.069,-50.331
14.771,-36.589,-35.219
29.044,-35.768,-17.576
44.283,-31.803,2.6497
59.317,-24.114,25.486
72.56,-12.704,50.285
82.246,1.5164,78.687
87.662,16.849,97.848
90.849,32.011,106.3
92.895,46.844,111.54
94.254,61.412,114.83
95.185,75.783,116.99
95.836,90.013,118.45
96.297,104.14,119.46
96.622,118.19,120.36
96.888,132.21,118.91
97.687,146.5,116.84
97.783,160.39,126.99
96.369,173.15,137.61
93.721,184.58,147.76
90.154,194.56,157.04
85.977,203.14,165.32
81.448,210.39,172.57
76.758,216.47,178.88
72.044,221.52,184.34
67.393,225.68,189.06
62.861,229.07,193.14
58.479,231.82,196.66
54.26,234.01,199.71
50.209,235.74,202.35
46.321,237.06,204.64
42.588,238.04,206.62
39.002,238.73,208.35
35.549,239.17,209.86
32.22,239.4,211.18
29.003,239.44,212.33
25.889,239.32,213.36
22.867,239.06,214.27
19.93,238.67,215.08
17.072,238.17,215.82
14.286,237.57,216.49
11.567,236.88,217.11
8.9122,236.11,217.7
6.3178,235.25,218.24
3.7815,234.33,218.77
1.3016,233.33,219.27
-1.1233,232.26,219.76
-3.4942,231.13,220.23
-5.8114,229.94,220.7
-8.0755,228.69,221.16
-10.286,227.37,221.62
-12.444,226,222.08
-14.548,224.56,222.53
-16.598,223.07,222.99
-18.594,221.51,223.45
-20.534,219.9,223.91
-22.418,218.24,224.37
-24.245,216.51,224.84
-26.014,214.72,225.31
-27.724,212.88,225.79
-29.373,210.97,226.28
-30.959,209.01,226.77
-32.481,206.99,227.28
-33.937,204.9,227.8
-35.324,202.76,228.34
-36.64,200.54,228.89
-37.882,198.27,229.46
-39.047,195.93,230.05
-40.13,193.52,230.67
-41.129,191.04,231.31
-42.036,188.49,231.99
-42.848,185.86,232.7
-43.558,183.16,233.45
-44.159,180.37,234.25
-44.641,177.5,235.11
-44.995,174.54,236.03
-45.212,171.49,236.94
-45.272,168.34,238.87
-44.791,164.87,242.78
-44.129,161.3,241.52
-43.677,157.84,240.48
-43.353,154.46,239.79
-43.12,151.12,239.29
-42.95,147.83,238.93
-42.827,144.56,238.67
-42.737,141.31,238.48
-42.671,138.08,238.35
-42.623,134.86,238.25
-42.587,131.64,238.17
-42.561,128.44,238.12
-42.542,125.23,238.08
-42.528,122.03,238.05
-42.518,118.83,238.03
-42.51,115.64,238.02
-42.505,112.44,238
-42.501,109.25,238
-42.497,106.05,237.99
-42.495,102.86,237.98
-42.494,99.667,237.98
-42.492,96.475,237.98
-42.492,93.282,237.98
-42.491,90.09,237.98
-42.49,86.898,237.97
-42.49,83.706,237.97
-42.49,80.514,237.97
-42.49,77.322,237.97
-42.49,74.13,237.97
-42.489,70.938,237.97
-42.489,67.746,237.97
-42.489,64.554,237.97
-42.489,61.362,237.97
-42.489,58.17,237.97
-42.489,54.978,237.97
-42.489,51.787,237.97
-42.489,48.595,237.97
-42.489,45.403,237.97
-42.489,42.211,237.97
-42.489,39.019,237.97
-42.483,35.823,238.14
-42.519,32.657,236.39
-42.985,29.782,234.2
-43.359,26.837,236.74
-43.384,23.661,238.88
-43.097,20.297,240.91
-42.5,16.761,242.94
-41.58,13.059,245.06
-40.311,9.1947,247.34
-38.653,5.1689,249.88
-36.552,0.98117,252.75
-33.935,-3.3662,256.07
-30.707,-7.8641,259.97
-26.744,-12.49,279.45
-21.891,-17.197,75.603
-15.957,-21.896,-97.839
-8.7129,-26.426,-74.642
0.085146,-30.519,-64.445
10.651,-33.75,-52.066
23.072,-35.509,-37.271
37.166,-35.029,-19.951
52.337,-31.502,-0.055484
67.479,-24.301,22.458
81.04,-13.331,47.026
91.275,0.61598,75.12
97.136,15.908,96.339
100.52,31.113,105.43
102.68,45.985,111.01
104.11,60.583,114.49
105.08,74.976,116.76
105.77,89.221,118.29
106.25,103.36,119.35
106.59,117.42,120.22
106.84,131.43,119.52
107.59,145.69,116.22
107.86,159.69,125.61
106.63,172.61,136.3
104.12,184.21,146.52
100.65,194.38,155.93
96.531,203.13,164.33
92.034,210.54,171.71
87.357,216.76,178.13
82.639,221.93,183.69
77.977,226.19,188.5
73.428,229.68,192.65
69.026,232.5,196.24
64.786,234.76,199.35
60.713,236.54,202.03
56.805,237.91,204.36
53.054,238.93,206.39
49.449,239.66,208.14
45.981,240.13,209.68
42.636,240.38,211.02
39.406,240.45,212.2
36.279,240.34,213.23
33.246,240.1,214.16
30.299,239.73,214.98
27.431,239.24,215.73
24.636,238.65,216.41
21.909,237.97,217.04
19.246,237.21,217.62
16.644,236.37,218.18
14.1,235.45,218.7
11.613,234.46,219.21
9.1815,233.4,219.7
6.8038,232.28,220.17
4.4798,231.1,220.64
2.209,229.85,221.11
-0.0086828,228.54,221.57
-2.1731,227.17,222.02
-4.284,225.75,222.48
-6.3409,224.26,222.93
-8.3434,222.72,223.39
-10.291,221.11,223.85
-12.182,219.45,224.31
-14.017,217.73,224.78
-15.793,215.95,225.25
-17.51,214.12,225.73
-19.167,212.22,226.21
-20.761,210.26,226.71
-22.292,208.25,227.22
-23.756,206.17,227.74
-25.152,204.03,228.27
-26.477,201.83,228.82
-27.729,199.56,229.39
-28.904,197.23,229.97
-29.998,194.83,230.59
-31.007,192.36,231.23
-31.926,189.82,231.9
-32.751,187.2,232.6
-33.474,184.51,233.35
-34.089,181.73,234.15
-34.587,178.87,235
-34.958,175.92,235.91
-35.192,172.88,236.85
-35.284,169.75,238.38
-34.879,166.33,242.62
-34.197,162.75,241.71
-33.724,159.28,240.59
-33.387,155.88,239.86
-33.144,152.54,239.34
-32.968,149.24,238.97
-32.84,145.97,238.7
-32.746,142.72,238.5
-32.678,139.49,238.36
-32.628,136.27,238.26
-32.591,133.05,238.18
-32.564,129.84,238.13
-32.544,126.64,238.09
-32.53,123.44,238.06
-32.519,120.24,238.03
-32.511,117.04,238.02
-32.505,113.85,238.01
-32.501,110.65,238
-32.498,107.46,237.99
-32.496,104.27,237.99
-32.494,101.07,237.98
-32.493,97.88,237.98
-32.492,94.687,237.98
-32.491,91.495,237.98
-32.491,88.303,237.98
-32.49,85.111,237.97
-32.49,81.919,237.97
-32.49,78.727,237.97
-32.49,75.535,237.97
-32.489,72.343,237.97
-32.489,69.151,237.97
-32.489,65.959,237.97
-32.489,62.767,237.97
-32.489,59.576,237.97
-32.489,56.384,237.97
-32.489,53.192,237.97
-32.489,50,237.97
-32.489,46.808,237.97
-32.489,43.616,237.97
-32.489,40.424,237.97
-32.485,37.23,238.1
-32.497,34.047,236.88
-32.918,31.142,234.06
-33.336,28.228,236.44
-33.401,25.077,238.62
-33.153,21.736,240.66
-32.595,18.22,242.68
-31.717,14.539,244.79
-30.494,10.696,247.04
-28.888,6.6902,249.54
-26.847,2.5229,252.36
-24.3,-1.8045,255.62
-21.156,-6.2841,259.43
-17.294,-10.896,278.19
-12.565,-15.596,125.2
-6.7797,-20.303,-97.797
0.28393,-24.867,-75.854
8.871,-29.036,-65.858
19.203,-32.406,-53.772
31.391,-34.392,-39.293
45.295,-34.244,-22.296
60.379,-31.146,-2.7326
75.604,-24.433,19.451
89.459,-13.918,43.81
100.23,-0.27498,71.318
106.59,14.947,94.644
110.18,30.194,104.52
112.46,45.105,110.45
113.96,59.732,114.13
114.98,74.148,116.52
115.69,88.409,118.13
116.2,102.56,119.24
116.55,116.63,120.09
116.79,130.63,120.02
117.47,144.86,115.89
117.92,158.96,124.19
116.87,172.03,134.96
114.5,183.81,145.26
111.14,194.16,154.78
107.09,203.08,163.32
102.63,210.66,170.82
97.962,217.03,177.36
93.244,222.32,183.03
88.57,226.69,187.92
84.005,230.27,192.16
79.582,233.17,195.81
75.321,235.5,198.97
71.227,237.34,201.71
67.298,238.76,204.08
63.527,239.82,206.14
59.905,240.58,207.93
56.419,241.08,209.49
53.06,241.36,210.86
49.815,241.45,212.05
46.675,241.37,213.11
43.63,241.14,214.04
40.673,240.78,214.88
37.795,240.31,215.64
34.991,239.73,216.33
32.256,239.07,216.96
29.585,238.31,217.55
26.975,237.48,218.11
24.424,236.57,218.63
21.93,235.59,219.14
19.491,234.54,219.63
17.106,233.43,220.11
14.776,232.25,220.58
12.498,231.01,221.05
10.273,229.71,221.51
8.1022,228.35,221.96
5.9844,226.93,222.42
3.9205,225.45,222.87
1.911,223.92,223.33
-0.043526,222.32,223.79
-1.9422,220.67,224.25
-3.784,218.95,224.72
-5.568,217.18,225.19
-7.2929,215.35,225.67
-8.9574,213.47,226.15
-10.56,211.52,226.64
-12.099,209.51,227.15
-13.572,207.44,227.67
-14.977,205.31,228.2
-16.311,203.12,228.75
-17.572,200.86,229.31
-18.757,198.53,229.9
-19.862,196.14,230.51
-20.882,193.68,231.14
-21.813,191.15,231.81
-22.65,188.54,232.51
-23.387,185.86,233.25
-24.016,183.09,234.04
-24.53,180.24,234.89
-24.918,177.31,235.79
-25.169,174.28,236.75
-25.287,171.16,237.93
-24.974,167.79,242.28
-24.278,164.2,241.95
-23.78,160.72,240.71
-23.428,157.32,239.95
-23.174,153.97,239.4
-22.99,150.67,239.01
-22.856,147.39,238.73
-22.758,144.14,238.53
-22.686,140.9,238.38
-22.634,137.68,238.27
-22.595,134.46,238.19
-22.567,131.26,238.13
-22.547,128.05,238.09
-22.531,124.85,238.06
-22.52,121.65,238.04
-22.512,118.45,238.02
-22.506,115.26,238.01
-22.501,112.06,238
-22.498,108.87,237.99
-22.496,105.68,237.99
-22.494,102.48,237.98
-22.493,99.29,237.98
-22.492,96.098,237.98
-22.491,92.905,237.98
-22.491,89.713,237.98
-22.49,86.521,237.97
-22.49,83.329,237.97
-22.49,80.137,237.97
-22.49,76.945,237.97
-22.489,73.753,237.97
-22.489,70.561,237.97
-22.489,67.37,237.97
-22.489,64.178,237.97
-22.489,60.986,237.97
-22.489,57.794,237.97
-22.489,54.602,237.97
-22.489,51.41,237.97
-22.489,48.218,237.97
-22.489,45.027,237.97
-22.489,41.835,237.97
-22.487,38.642,238.05
-22.483,35.447,237.31
-22.849,32.506,234.03
-23.308,29.62,236.13
-23.413,26.496,238.35
-23.205,23.178,240.4
-22.687,19.684,242.42
-21.851,16.023,244.51
-20.673,12.2,246.74
-19.119,8.2156,249.2
-17.138,4.0691,251.98
-14.661,-0.23791,255.17
-11.599,-4.6987,258.9
-7.8376,-9.2952,275.13
-3.2296,-13.988,165.32
2.4074,-18.701,-93.197
9.2926,-23.295,-77.48
17.67,-27.533,-67.253
27.767,-31.035,-55.461
39.717,-33.239,-41.3
53.42,-33.412,-24.631
68.399,-30.737,-5.4015
83.683,-24.515,16.445
97.808,-14.473,40.587
109.08,-1.1626,67.546
115.97,13.963,92.63
119.8,29.249,103.52
122.21,44.202,109.83
123.8,58.862,113.74
124.87,73.302,116.26
125.61,87.581,117.95
126.14,101.74,119.12
126.51,115.82,119.95
126.76,129.83,120.42
127.34,144,115.97
127.93,158.19,122.71
127.07,171.41,133.58
124.86,183.37,143.96
121.61,193.91,153.6
117.63,203.02,162.27
113.21,210.76,169.91
108.56,217.27,176.57
103.84,222.7,182.34
99.162,227.18,187.34
94.579,230.85,191.65
90.137,233.84,195.37
85.855,236.23,198.59
81.74,238.13,201.38
77.79,239.6,203.8
73.999,240.7,205.89
70.358,241.5,207.72
66.856,242.03,209.3
63.481,242.34,210.69
60.222,242.45,211.91
57.069,242.38,212.98
54.013,242.17,213.93
51.045,241.83,214.78
48.157,241.37,215.54
45.344,240.81,216.24
42.6,240.16,216.88
39.921,239.41,217.48
37.304,238.59,218.04
34.746,237.69,218.57
32.244,236.72,219.08
29.799,235.68,219.57
27.407,234.57,220.05
25.069,233.41,220.52
22.785,232.17,220.99
20.554,230.88,221.45
18.376,229.53,221.91
16.251,228.12,222.36
14.18,226.65,222.82
12.164,225.12,223.27
10.202,223.53,223.73
8.2963,221.88,224.19
6.4472,220.18,224.66
4.6558,218.41,225.13
2.9233,216.59,225.6
1.251,214.71,226.09
-0.35947,212.77,226.58
-1.9064,210.77,227.08
-3.3879,208.71,227.6
-4.8016,206.59,228.13
-6.1453,204.4,228.68
-7.416,202.15,229.24
-8.6106,199.83,229.82
-9.7256,197.45,230.43
-10.757,195,231.06
-11.7,192.47,231.72
-12.549,189.88,232.42
-13.299,187.2,233.16
-13.942,184.45,233.94
-14.471,181.61,234.78
-14.876,178.69,235.67
-15.145,175.67,236.64
-15.282,172.56,237.63
-15.05,169.24,241.85
-14.354,165.65,242.17
-13.832,162.16,240.82
-13.465,158.75,240.03
-13.2,155.39,239.46
-13.009,152.09,239.06
-12.87,148.81,238.76
-12.768,145.55,238.55
-12.694,142.32,238.4
-12.639,139.09,238.28
-12.599,135.87,238.2
-12.57,132.66,238.14
-12.549,129.46,238.1
-12.533,126.26,238.06
-12.521,123.06,238.04
-12.513,119.86,238.02
-12.507,116.66,238.01
-12.502,113.47,238
-12.499,110.28,237.99
-12.496,107.08,237.99
-12.494,103.89,237.98
-12.493,100.7,237.98
-12.492,97.504,237.98
-12.491,94.312,237.98
-12.491,91.119,237.98
-12.49,87.928,237.97
-12.49,84.736,237.97
-12.49,81.544,237.97
-12.49,78.352,237.97
-12.489,75.16,237.97
-12.489,71.968,237.97
-12.489,68.776,237.97
-12.489,65.584,237.97
-12.489,62.392,237.97
-12.489,59.2,237.97
-12.489,56.008,237.97
-12.489,52.817,237.97
-12.489,49.625,237.97
-12.489,46.433,237.97
-12.489,43.241,237.97
-12.488,40.049,238.01
-12.474,36.847,237.71
-12.769,33.858,234.18
-13.262,30.996,235.77
-13.412,27.901,238.08
-13.243,24.606,240.14
-12.766,21.134,242.16
-11.972,17.495,244.24
-10.84,13.693,246.45
-9.3367,9.7291,248.87
-7.4131,5.6033,251.6
-5.0037,1.3165,254.74
-2.0219,-3.1255,258.39
1.6435,-7.7064,271.39
6.1348,-12.39,200.87
11.63,-17.107,-82.492
18.344,-21.726,-79.815
26.519,-26.027,-68.59
36.388,-29.65,-57.081
48.102,-32.056,-43.23
61.6,-32.53,-26.882
76.461,-30.26,-7.9796
91.777,-24.515,13.535
106.14,-14.946,37.451
117.88,-1.9858,63.849
125.32,13.016,90.369
129.4,28.334,102.49
131.96,43.329,109.19
133.63,58.023,113.33
134.75,72.486,116
135.53,86.783,117.77
136.08,100.96,118.99
136.47,115.05,119.85
136.73,129.06,120.59
137.23,143.19,116.24
137.94,157.44,121.32
137.27,170.81,132.25
135.21,182.94,142.69
132.07,193.66,152.44
128.17,202.94,161.24
123.79,210.85,169
119.16,217.51,175.78
114.44,223.07,181.66
109.75,227.66,186.74
105.15,231.43,191.14
100.69,234.49,194.93
96.389,236.96,198.21
92.253,238.91,201.05
88.282,240.43,203.51
84.472,241.58,205.64
80.812,242.41,207.5
77.293,242.98,209.11
73.903,243.31,210.53
70.63,243.44,211.76
67.464,243.4,212.85
64.396,243.21,213.82
61.417,242.88,214.68
58.52,242.44,215.45
55.697,241.89,216.16
52.945,241.24,216.8
50.258,240.51,217.4
47.633,239.7,217.97
45.067,238.81,218.5
42.559,237.85,219.02
40.106,236.82,219.51
37.708,235.72,219.99
35.363,234.56,220.46
33.072,233.33,220.93
30.834,232.05,221.39
28.649,230.7,221.85
26.518,229.3,222.3
24.44,227.84,222.76
22.417,226.31,223.21
20.448,224.73,223.67
18.535,223.09,224.13
16.679,221.4,224.6
14.88,219.64,225.07
13.14,217.83,225.54
11.46,215.95,226.03
9.8416,214.02,226.52
8.2864,212.03,227.02
6.7966,209.97,227.54
5.374,207.86,228.06
4.0214,205.68,228.61
2.7412,203.44,229.17
1.5368,201.13,229.75
0.41145,198.76,230.35
-0.6307,196.31,230.98
-1.5852,193.8,231.64
-2.4468,191.21,232.33
-3.2096,188.55,233.06
-3.8668,185.8,233.84
-4.4105,182.98,234.67
-4.8314,180.06,235.56
-5.1188,177.06,236.51
-5.2735,173.96,237.41
-5.1164,170.68,241.32
-4.4341,167.1,242.39
-3.8854,163.59,240.94
-3.5032,160.17,240.11
-3.2282,156.82,239.52
-3.0291,153.5,239.1
-2.8843,150.22,238.79
-2.7787,146.97,238.57
-2.7016,143.73,238.41
-2.6451,140.5,238.29
-2.6037,137.28,238.21
-2.5733,134.07,238.15
-2.551,130.86,238.1
-2.5346,127.66,238.07
-2.5225,124.46,238.04
-2.5137,121.27,238.02
-2.5072,118.07,238.01
-2.5024,114.88,238
-2.4989,111.68,237.99
-2.4963,108.49,237.99
-2.4944,105.29,237.98
-2.493,102.1,237.98
-2.492,98.909,237.98
-2.4912,95.717,237.98
-2.4907,92.525,237.98
-2.4903,89.333,237.97
-2.49,86.141,237.97
-2.4897,82.949,237.97
-2.4896,79.757,237.97
-2.4895,76.565,237.97
-2.4894,73.373,237.97
-2.4893,70.181,237.97
-2.4893,66.989,237.97
-2.4892,63.797,237.97
-2.4892,60.606,237.97
-2.4892,57.414,237.97
-2.4892,54.222,237.97
-2.4892,51.03,237.97
-2.4892,47.838,237.97
-2.4892,44.646,237.97
-2.4889,41.454,237.99
-2.4722,38.251,237.95
-2.7056,35.22,234.44
-3.2205,32.374,235.42
-3.4135,29.307,237.81
-3.2842,26.037,239.88
-2.8458,22.586,241.9
-2.0924,18.968,243.97
-1.0049,15.186,246.16
0.44889,11.243,248.55
2.3158,7.1374,251.24
4.6593,2.8708,254.31
7.5627,-1.5521,257.9
11.134,-6.1167,267.22
15.511,-10.79,234.57
20.867,-15.508,-61.013
27.413,-20.15,-83.407
35.388,-24.509,-69.9
45.031,-28.243,-58.671
56.507,-30.84,-45.13
69.793,-31.605,-29.104
84.52,-29.729,-10.53
99.847,-24.457,10.65
114.42,-15.371,34.326
126.59,-2.7857,60.138
134.62,12.055,87.743
139,27.397,101.43
141.7,42.434,108.52
143.45,57.161,112.91
144.63,71.65,115.72
145.45,85.964,117.59
146.02,100.15,118.86
146.43,114.25,119.75
146.7,128.27,120.64
147.13,142.37,116.73
147.92,156.65,119.97
147.44,170.17,130.91
145.54,182.46,141.39
142.52,193.37,151.25
138.7,202.83,160.17
134.37,210.91,168.07
129.76,217.72,174.97
125.05,223.41,180.96
120.35,228.12,186.13
115.74,231.99,190.61
111.26,235.14,194.47
106.93,237.67,197.82
102.77,239.69,200.71
98.783,241.26,203.21
94.953,242.45,205.39
91.275,243.32,207.28
87.738,243.92,208.92
84.332,244.28,210.36
81.044,244.44,211.61
77.866,244.42,212.72
74.785,244.24,213.7
71.795,243.93,214.57
68.888,243.5,215.36
66.056,242.97,216.07
63.295,242.33,216.72
60.6,241.61,217.33
57.967,240.81,217.9
55.394,239.93,218.44
52.878,238.97,218.95
50.418,237.95,219.45
48.013,236.86,219.93
45.662,235.71,220.4
43.364,234.5,220.87
41.119,233.22,221.33
38.927,231.88,221.79
36.789,230.48,222.24
34.704,229.03,222.7
32.674,227.51,223.15
30.698,225.94,223.61
28.778,224.31,224.07
26.915,222.62,224.54
25.108,220.87,225.01
23.36,219.06,225.48
21.673,217.2,225.96
20.046,215.27,226.45
18.483,213.29,226.95
16.985,211.24,227.47
15.553,209.13,227.99
14.191,206.96,228.54
12.902,204.73,229.09
11.687,202.43,229.67
10.552,200.07,230.27
9.4985,197.63,230.9
8.5325,195.13,231.55
7.6586,192.55,232.24
6.8827,189.89,232.96
6.2115,187.16,233.73
5.6528,184.34,234.56
5.2155,181.44,235.44
4.9103,178.45,236.39
4.7397,175.37,237.24
4.8208,172.13,240.63
5.4693,168.57,242.61
6.0504,165.04,241.08
6.4508,161.61,240.21
6.7386,158.25,239.59
6.9468,154.93,239.15
7.0982,151.64,238.83
7.2085,148.38,238.6
7.2891,145.14,238.43
7.3481,141.91,238.31
7.3913,138.69,238.22
7.423,135.48,238.15
7.4463,132.28,238.11
7.4634,129.07,238.07
7.476,125.87,238.04
7.4852,122.68,238.03
7.492,119.48,238.01
7.497,116.29,238
7.5007,113.09,237.99
7.5034,109.9,237.99
7.5054,106.71,237.98
7.5068,103.51,237.98
7.5079,100.32,237.98
7.5087,97.128,237.98
7.5093,93.936,237.98
7.5097,90.743,237.97
7.51,87.551,237.97
7.5102,84.359,237.97
7.5104,81.167,237.97
7.5105,77.975,237.97
7.5106,74.784,237.97
7.5107,71.592,237.97
7.5107,68.4,237.97
7.5108,65.208,237.97
7.5108,62.016,237.97
7.5108,58.824,237.97
7.5108,55.632,237.97
7.5108,52.44,237.97
7.5108,49.249,237.97
7.5108,46.057,237.97
7.5109,42.865,237.97
7.5267,39.662,238.09
7.3523,36.591,234.8
6.8264,33.754,235.07
6.5887,30.717,237.55
6.6787,27.47,239.62
7.0779,24.041,241.65
7.7903,20.444,243.7
8.8336,16.683,245.87
10.238,12.76,248.23
12.049,8.6759,250.87
14.327,4.4299,253.89
17.153,0.02659,257.4
20.631,-4.5212,264.17
24.895,-9.1836,255.74
30.114,-13.901,-34.875
36.494,-18.562,-87.379
44.27,-22.973,-71.194
53.686,-26.813,-60.244
64.922,-29.592,-47.013
77.987,-30.638,-31.313
92.563,-29.148,-13.07
107.88,-24.348,7.7701
122.64,-15.756,31.169
135.22,-3.5707,56.55
143.84,11.08,84.806
148.54,26.434,100.24
151.41,41.515,107.77
153.26,56.279,112.45
154.5,70.795,115.42
155.36,85.129,117.38
155.96,99.332,118.72
156.39,113.44,119.65
156.68,127.47,120.59
157.02,141.53,117.53
157.85,155.83,118.65
157.58,169.49,129.52
155.85,181.95,140.05
152.96,193.05,150.02
149.22,202.7,159.08
144.94,210.95,167.11
140.36,217.92,174.13
135.65,223.74,180.23
130.95,228.57,185.51
126.32,232.54,190.07
121.82,235.77,194.01
117.48,238.38,197.42
113.3,240.45,200.36
109.28,242.08,202.91
105.43,243.32,205.13
101.74,244.23,207.05
98.181,244.86,208.72
94.759,245.25,210.18
91.457,245.43,211.46
88.265,245.43,212.58
85.173,245.27,213.58
82.172,244.98,214.47
79.254,244.56,215.26
76.413,244.04,215.98
73.643,243.42,216.64
70.94,242.71,217.25
68.299,241.91,217.83
65.718,241.04,218.37
63.196,240.1,218.89
60.729,239.08,219.39
58.316,238.01,219.87
55.958,236.86,220.34
53.653,235.65,220.81
51.402,234.38,221.27
49.203,233.05,221.73
47.058,231.66,222.19
44.967,230.22,222.64
42.929,228.71,223.1
40.947,227.14,223.55
39.02,225.52,224.01
37.149,223.84,224.48
35.335,222.1,224.95
33.58,220.3,225.42
31.884,218.44,225.9
30.25,216.52,226.39
28.678,214.54,226.89
27.172,212.5,227.4
25.732,210.41,227.93
24.361,208.24,228.47
23.062,206.02,229.02
21.838,203.73,229.6
20.692,201.37,230.19
19.628,198.94,230.81
18.65,196.45,231.47
17.765,193.88,232.15
16.976,191.24,232.87
16.291,188.51,233.63
15.717,185.71,234.45
15.264,182.82,235.32
14.941,179.84,236.26
14.755,176.76,237.12
14.778,173.56,240
15.382,170.03,242.76
15.992,166.48,241.21
16.409,163.04,240.3
16.708,159.67,239.66
16.925,156.35,239.2
17.082,153.06,238.86
17.197,149.8,238.62
17.28,146.55,238.45
17.342,143.32,238.32
17.387,140.1,238.23
17.42,136.89,238.16
17.444,133.68,238.11
17.462,130.48,238.07
17.475,127.28,238.05
17.484,124.08,238.03
17.491,120.89,238.01
17.496,117.69,238
17.5,114.5,237.99
17.503,111.31,237.99
17.505,108.11,237.98
17.507,104.92,237.98
17.508,101.73,237.98
17.509,98.534,237.98
17.509,95.342,237.98
17.51,92.15,237.97
17.51,88.958,237.97
17.51,85.766,237.97
17.51,82.574,237.97
17.511,79.382,237.97
17.511,76.19,237.97
17.511,72.998,237.97
17.511,69.806,237.97
17.511,66.614,237.97
17.511,63.422,237.97
17.511,60.231,237.97
17.511,57.039,237.97
17.511,53.847,237.97
17.511,50.655,237.97
17.511,47.463,237.97
17.511,44.271,237.97
17.523,41.071,238.16
17.411,37.957,235.37
16.893,35.116,234.71
16.607,32.111,237.26
16.656,28.89,239.36
17.014,25.484,241.38
17.686,21.908,243.43
18.685,18.168,245.58
20.041,14.266,247.91
21.797,10.202,250.52
24.011,5.9768,253.48
26.762,1.5931,256.92
30.151,-2.9375,261.97
34.307,-7.588,269.75
39.394,-12.303,-2.0527
45.614,-16.98,-91.588
53.2,-21.437,-72.433
62.396,-25.373,-61.752
73.396,-28.32,-48.823
86.238,-29.628,-33.442
100.66,-28.505,-15.523
115.94,-24.16,4.9847
130.86,-16.056,28.088
143.81,-4.2821,53.125
153.01,10.149,81.635
158.07,25.501,98.985
161.11,40.626,107
163.07,55.427,111.97
164.37,69.971,115.11
165.27,84.325,117.17
165.89,98.542,118.58
166.34,112.66,119.55
166.65,126.7,120.48
166.95,140.73,118.24
167.78,155.04,117.58
167.7,168.82,128.18
166.14,181.45,138.75
163.38,192.72,148.81
159.73,202.55,157.99
155.5,210.98,166.15
150.95,218.1,173.3
146.25,224.06,179.51
141.54,229.01,184.88
136.9,233.08,189.53
132.38,236.4,193.54
128.02,239.08,197.01
123.82,241.22,200.01
119.78,242.9,202.61
115.91,244.18,204.86
112.2,245.13,206.82
108.62,245.79,208.52
105.19,246.21,210.01
101.87,246.41,211.31
98.664,246.44,212.45
95.56,246.3,213.46
92.548,246.02,214.36
89.62,245.62,215.16
86.77,245.11,215.89
83.991,244.5,216.56
81.279,243.8,217.18
78.631,243.02,217.76
76.043,242.16,218.3
73.513,241.22,218.82
71.039,240.22,219.32
68.62,239.15,219.81
66.255,238.01,220.28
63.943,236.81,220.75
61.685,235.55,221.21
59.48,234.23,221.67
57.328,232.84,222.13
55.229,231.4,222.58
53.185,229.9,223.04
51.196,228.34,223.5
49.261,226.73,223.96
47.383,225.05,224.42
45.562,223.32,224.89
43.799,221.53,225.36
42.096,219.68,225.84
40.454,217.77,226.33
38.874,215.8,226.83
37.359,213.77,227.34
35.911,211.68,227.86
34.531,209.52,228.4
33.223,207.3,228.95
31.989,205.02,229.52
30.833,202.67,230.12
29.758,200.26,230.73
28.77,197.77,231.38
27.872,195.21,232.06
27.07,192.58,232.78
26.372,189.86,233.53
25.784,187.07,234.34
25.315,184.19,235.21
24.975,181.22,236.14
24.772,178.16,237.02
24.747,174.98,239.39
25.292,171.48,242.82
25.931,167.92,241.36
26.365,164.48,240.39
26.677,161.1,239.72
26.902,157.77,239.24
27.066,154.48,238.9
27.185,151.21,238.65
27.272,147.97,238.47
27.335,144.73,238.33
27.382,141.51,238.24
27.416,138.3,238.17
27.441,135.09,238.12
27.46,131.89,238.08
27.473,128.69,238.05
27.483,125.49,238.03
27.491,122.29,238.01
27.496,119.1,238
27.5,115.9,237.99
27.503,112.71,237.99
27.505,109.52,237.98
27.506,106.32,237.98
27.508,103.13,237.98
27.509,99.94,237.98
27.509,96.747,237.98
27.51,93.556,237.97
27.51,90.363,237.97
27.51,87.171,237.97
27.51,83.979,237.97
27.51,80.787,237.97
27.511,77.595,237.97
27.511,74.404,237.97
27.511,71.212,237.97
27.511,68.02,237.97
27.511,64.828,237.97
27.511,61.636,237.97
27.511,58.444,237.97
27.511,55.252,237.97
27.511,52.061,237.97
27.511,48.869,237.97
27.511,45.677,237.97
27.52,42.479,238.16
27.451,39.335,235.89
26.953,36.482,234.41
26.62,33.509,236.99
26.63,30.311,239.1
26.95,26.928,241.13
27.581,23.373,243.17
28.537,19.654,245.3
29.846,15.772,247.6
31.548,11.729,250.17
33.701,7.5238,253.08
36.378,3.1597,256.45
39.679,-1.3533,260.55
43.729,-5.9908,277.98
48.688,-10.702,42.999
54.751,-15.392,-95.808
62.149,-19.891,-73.646
71.127,-23.915,-63.231
81.891,-27.021,-50.603
94.505,-28.579,-35.541
108.75,-27.812,-17.948
123.98,-23.916,2.2266
139.03,-16.303,25.013
152.33,-4.9592,49.773
162.1,9.2191,78.101
167.59,24.546,97.642
170.8,39.715,106.18
172.86,54.553,111.47
174.23,69.125,114.78
175.17,83.499,116.96
175.82,97.731,118.43
176.29,111.86,119.45
176.62,125.91,120.35
176.88,139.93,118.93
177.69,154.22,116.71
177.81,168.12,126.8
176.42,180.91,137.42
173.79,192.36,147.57
170.24,202.38,156.87
166.07,210.98,165.17
161.55,218.26,172.44
156.86,224.36,178.76
152.14,229.43,184.24
147.49,233.6,188.97
142.96,237.01,193.06
138.57,239.77,196.59
134.35,241.97,199.65
130.29,243.7,202.3
126.4,245.04,204.59
122.67,246.02,206.58
119.08,246.72,208.32
115.62,247.17,209.83
112.29,247.4,211.15
109.07,247.44,212.31
105.95,247.32,213.34
102.93,247.06,214.25
99.992,246.68,215.07
97.132,246.18,215.8
94.345,245.59,216.48
91.625,244.9,217.1
88.968,244.12,217.68
86.373,243.27,218.23
83.835,242.35,218.75
81.354,241.35,219.26
78.928,240.29,219.75
76.556,239.16,220.22
74.238,237.97,220.69
71.972,236.71,221.16
69.76,235.4,221.61
67.602,234.03,222.07
65.497,232.59,222.52
63.445,231.1,222.98
61.448,229.55,223.44
59.507,227.94,223.9
57.622,226.27,224.36
55.793,224.55,224.83
54.023,222.76,225.3
52.312,220.92,225.78
50.662,219.02,226.27
49.074,217.05,226.76
47.551,215.03,227.27
46.093,212.95,227.79
44.705,210.8,228.33
43.387,208.59,228.88
42.143,206.32,229.45
40.977,203.98,230.04
39.892,201.57,230.65
38.892,199.09,231.3
37.982,196.54,231.97
37.168,193.92,232.68
36.456,191.22,233.43
35.853,188.43,234.23
35.368,185.56,235.09
35.011,182.61,236.02
34.791,179.56,236.93
34.725,176.41,238.76
35.189,172.95,242.76
35.857,169.38,241.56
36.313,165.92,240.5
36.639,162.53,239.8
36.875,159.19,239.3
37.046,155.9,238.94
37.17,152.63,238.68
37.261,149.38,238.49
37.328,146.15,238.35
37.376,142.93,238.25
37.412,139.71,238.18
37.438,136.5,238.12
37.458,133.3,238.08
37.472,130.1,238.05
37.482,126.9,238.03
37.49,123.71,238.02
37.495,120.51,238
37.499,117.32,238
37.502,114.12,237.99
37.505,110.93,237.98
37.506,107.74,237.98
37.508,104.54,237.98
37.508,101.35,237.98
37.509,98.158,237.98
37.51,94.966,237.97
37.51,91.774,237.97
37.51,88.582,237.97
37.51,85.39,237.97
37.51,82.198,237.97
37.511,79.006,237.97
37.511,75.814,237.97
37.511,72.622,237.97
37.511,69.431,237.97
37.511,66.239,237.97
37.511,63.047,237.97
37.511,59.855,237.97
37.511,56.663,237.97
37.511,53.471,237.97
37.511,50.279,237.97
37.511,47.088,237.97
37.517,43.892,238.13
37.482,40.724,236.41
37.017,37.849,234.17
36.637,34.908,236.71
36.607,31.736,238.84
36.888,28.375,240.87
37.479,24.842,242.9
38.393,21.143,245.02
39.655,17.282,247.3
41.304,13.26,249.82
43.394,9.0753,252.68
45.999,4.7313,255.99
49.214,0.23655,259.87
53.159,-4.387,279.48
57.99,-9.0931,85.021
63.898,-13.793,-98.128
71.111,-18.33,-74.845
79.872,-22.436,-64.693
90.397,-25.692,-52.366
102.78,-27.492,-37.626
116.84,-27.071,-20.362
132,-23.619,-0.52429
147.15,-16.503,21.932
160.77,-5.6108,46.463
171.1,8.2847,74.452
177.05,23.566,96.066
180.46,38.779,105.27
182.64,53.657,110.91
184.08,68.26,114.43
185.07,82.657,116.72
185.75,96.905,118.26
186.24,111.05,119.33
186.59,125.16,120.08
186.84,139.65,120.63
