-100.3,218.12,262.7
-101.17,213.78,260.17
-102.24,209.61,258
-103.51,205.5,256.28
-104.92,201.41,255.08
-106.41,197.36,254.45
-107.94,193.31,254.37
-109.46,189.25,254.79
-110.91,185.18,255.64
-112.27,181.09,256.85
-113.49,176.96,258.34
-114.56,172.8,260.07
-115.45,168.61,261.98
-116.14,164.4,264.03
-116.64,160.16,280.98
-116.83,155.91,89.793
-116.45,151.67,-100.54
-116.08,147.42,-86.905
-115.81,143.17,-87.672
-115.61,138.91,-88.249
-115.46,134.66,-88.683
-115.35,130.4,-89.01
-115.26,126.14,-89.256
-115.2,121.88,-89.441
-115.15,117.62,-89.579
-115.11,113.36,-89.684
-115.08,109.1,-89.762
-115.06,104.84,-89.821
-115.05,100.58,-89.866
-115.03,96.321,-89.899
-115.03,92.061,-89.924
-115.02,87.802,-89.943
-115.02,83.542,-89.957
-115.01,79.283,-89.968
-115.01,75.024,-89.976
-115.01,70.764,-89.982
-115,66.505,-89.986
-115,62.245,-89.99
-115,57.986,-89.992
-115,53.727,-89.994
-115,49.467,-89.996
-115,45.208,-89.997
-115,40.948,-89.998
-115,36.689,-89.998
-115,32.43,-89.999
-115,28.17,-91.349
-114.99,23.91,-90.519
-115.16,19.659,193.23
-115.49,15.41,264.98
-115.52,11.152,-39.186
-115.26,6.8985,-92.825
-114.72,2.6651,-83.153
-113.92,-1.5363,-80.443
-112.85,-5.6937,-77.77
-111.52,-9.7954,-75.114
-109.94,-13.83,-72.46
-108.11,-17.785,-69.797
-106.03,-21.649,-67.112
-103.7,-25.409,-64.396
-101.13,-29.052,-61.639
-98.314,-32.564,-58.834
-95.26,-35.932,-55.973
-91.967,-39.139,-53.047
-88.441,-42.17,-50.049
-84.683,-45.007,-46.972
-80.7,-47.635,-43.808
-76.496,-50.032,-40.55
-72.08,-52.181,-37.19
-67.458,-54.061,-33.719
-62.643,-55.65,-30.13
-57.645,-56.926,-26.416
-52.481,-57.868,-22.567
-47.168,-58.451,-18.577
-41.727,-58.652,-14.437
-36.181,-58.45,-10.139
-30.558,-57.82,-5.6783
-24.891,-56.743,-1.0466
-19.215,-55.198,3.761
-13.57,-53.17,8.749
-8.0016,-50.645,13.921
-2.5579,-47.614,19.277
2.7081,-44.073,24.819
7.7405,-40.026,30.543
12.481,-35.484,36.444
16.87,-30.464,42.514
20.848,-24.995,48.743
24.358,-19.114,55.118
27.345,-12.868,61.62
29.767,-6.3132,68.082
31.528,0.49649,76.718
32.466,7.5111,83.025
33.083,14.578,84.524
33.557,21.657,85.874
33.915,28.745,86.894
34.184,35.837,87.663
34.386,42.933,88.243
34.539,50.03,88.679
34.653,57.128,89.007
34.739,64.226,89.253
34.804,71.324,89.439
34.853,78.424,89.578
34.889,85.522,89.683
34.917,92.621,89.762
34.937,99.721,89.821
34.953,106.82,89.865
34.965,113.92,89.899
34.973,121.02,89.924
34.976,128.12,90.106
35.005,135.22,88.361
35.303,142.3,87.107
35.328,149.4,92.828
34.769,156.47,98.712
33.623,163.44,104.84
31.881,170.27,111.15
29.551,176.86,117.55
26.657,183.17,123.99
23.234,189.11,130.41
19.327,194.65,136.77
14.991,199.73,143.03
10.285,204.33,149.17
5.27,208.41,155.15
0.0078081,211.96,160.96
-5.4408,214.97,166.59
-11.018,217.45,172.04
-16.67,219.4,177.3
-22.347,220.85,182.36
-28.005,221.8,187.24
-33.605,222.28,191.93
-39.111,222.31,196.45
-44.494,221.93,200.79
-49.727,221.15,204.97
-54.79,220,208.99
-59.664,218.5,212.87
-64.333,216.69,216.6
-68.786,214.59,220.21
-73.012,212.21,223.7
-77.004,209.6,227.07
-80.755,206.75,230.35
-84.259,203.7,233.53
-87.514,200.47,236.62
-90.517,197.07,239.63
-93.264,193.52,242.58
-95.756,189.84,245.45
-97.991,186.04,248.28
-99.969,182.13,251.05
-101.69,178.14,253.79
-103.15,174.07,256.48
-104.35,169.94,259.15
-105.3,165.76,261.79
-105.99,161.55,278.62
-106.36,157.31,119.88
-106.13,153.06,-100.69
-105.84,148.8,-87.631
-105.63,144.55,-88.194
-105.47,140.29,-88.642
-105.36,136.03,-88.979
-105.27,131.77,-89.233
-105.2,127.52,-89.423
-105.15,123.26,-89.566
-105.11,119,-89.674
-105.09,114.74,-89.755
-105.06,110.48,-89.816
-105.05,106.22,-89.861
-105.04,101.96,-89.896
-105.03,97.7,-89.922
-105.02,93.44,-89.941
-105.02,89.181,-89.956
-105.01,84.922,-89.967
-105.01,80.662,-89.975
-105.01,76.403,-89.981
-105,72.143,-89.986
-105,67.884,-89.989
-105,63.625,-89.992
-105,59.365,-89.994
-105,55.106,-89.996
-105,50.846,-89.997
-105,46.587,-89.997
-105,42.328,-89.998
-105,38.068,-89.999
-105,33.809,-89.999
-105,29.549,-90.527
-104.99,25.289,-98.312
-105.13,21.036,164.7
-105.47,16.788,279.02
-105.53,12.53,-15.59
-105.29,8.276,-95.438
-104.78,4.0402,-83.396
-104,-0.16453,-80.683
-102.95,-4.3263,-78.007
-101.65,-8.4334,-75.35
-100.09,-12.474,-72.697
-98.282,-16.437,-70.034
-96.223,-20.309,-67.352
-93.917,-24.079,-64.639
-91.367,-27.733,-61.886
-88.574,-31.258,-59.086
-85.541,-34.639,-56.229
-82.269,-37.861,-53.309
-78.764,-40.908,-50.319
-75.027,-43.763,-47.249
-71.063,-46.41,-44.093
-66.879,-48.829,-40.844
-62.481,-51.001,-37.493
-57.877,-52.905,-34.032
-53.078,-54.521,-30.454
-48.096,-55.826,-26.751
-42.947,-56.798,-22.915
-37.646,-57.414,-18.937
-32.215,-57.65,-14.811
-26.677,-57.484,-10.528
-21.06,-56.894,-6.0815
-15.396,-55.857,-1.4653
-9.7187,-54.355,3.3265
-4.0694,-52.37,8.2983
1.5079,-49.89,13.454
6.9647,-46.904,18.794
12.249,-43.408,24.319
17.304,-39.406,30.027
22.073,-34.907,35.912
26.496,-29.929,41.968
30.513,-24.498,48.184
34.066,-18.652,54.546
37.102,-12.436,61.037
39.575,-5.9065,67.499
41.408,0.88136,75.822
42.404,7.8838,82.808
43.034,14.949,84.389
43.52,22.028,85.769
43.887,29.115,86.815
44.163,36.207,87.604
44.371,43.302,88.198
44.527,50.399,88.645
44.644,57.497,88.981
44.733,64.595,89.234
44.799,71.693,89.424
44.849,78.792,89.567
44.886,85.892,89.675
44.915,92.991,89.755
44.936,100.09,89.816
44.952,107.19,89.862
44.964,114.28,89.896
44.973,121.38,89.922
44.977,128.48,90.075
44.993,135.58,88.736
45.275,142.67,86.799
45.349,149.77,92.303
44.842,156.84,98.178
43.749,163.83,104.29
42.06,170.67,110.58
39.781,177.29,116.98
36.936,183.62,123.42
33.558,189.6,129.84
29.692,195.18,136.21
25.393,200.3,142.48
20.717,204.94,148.63
15.726,209.07,154.62
10.484,212.66,160.45
5.0494,215.72,166.1
-0.51864,218.25,171.57
-6.166,220.25,176.84
-11.843,221.74,181.92
-17.504,222.73,186.81
-23.11,223.26,191.52
-28.626,223.33,196.05
-34.021,222.98,200.41
-39.269,222.23,204.6
-44.348,221.11,208.64
-49.239,219.65,212.53
-53.927,217.86,216.28
-58.4,215.79,219.9
-62.646,213.44,223.39
-66.659,210.84,226.78
-70.431,208.01,230.06
-73.958,204.98,233.25
-77.235,201.77,236.35
-80.26,198.38,239.37
-83.031,194.84,242.32
-85.545,191.17,245.2
-87.803,187.38,248.03
-89.803,183.49,250.81
-91.546,179.5,253.55
-93.03,175.44,256.24
-94.256,171.31,258.91
-95.223,167.14,261.56
-95.938,162.92,276.84
-96.352,158.68,150.11
-96.164,154.43,-97.574
-95.86,150.18,-87.804
-95.647,145.93,-88.148
-95.486,141.67,-88.607
-95.366,137.41,-88.953
-95.275,133.15,-89.213
-95.207,128.89,-89.408
-95.155,124.63,-89.555
-95.117,120.37,-89.666
-95.088,116.11,-89.749
-95.066,111.85,-89.811
-95.05,107.59,-89.858
-95.037,103.33,-89.893
-95.028,99.077,-89.92
-95.021,94.818,-89.94
-95.016,90.559,-89.955
-95.012,86.299,-89.966
-95.009,82.04,-89.974
-95.007,77.781,-89.981
-95.005,73.521,-89.986
-95.004,69.262,-89.989
-95.003,65.002,-89.992
-95.002,60.743,-89.994
-95.002,56.484,-89.995
-95.001,52.224,-89.997
-95.001,47.965,-89.997
-95.001,43.705,-89.998
-95.001,39.446,-89.999
-95,35.187,-89.999
-95,30.927,-90.118
-94.99,26.667,-102.82
-95.099,22.413,134.18
-95.444,18.166,288.9
-95.534,13.909,11.265
-95.326,9.6534,-98.004
-94.838,5.4155,-83.64
-94.08,1.2075,-80.922
-93.058,-2.9586,-78.243
-91.776,-7.0711,-75.585
-90.24,-11.118,-72.933
-88.453,-15.088,-70.272
-86.416,-18.969,-67.591
-84.132,-22.749,-64.881
-81.603,-26.414,-62.132
-78.832,-29.95,-59.337
-75.82,-33.344,-56.486
-72.57,-36.581,-53.572
-69.084,-39.644,-50.587
-65.368,-42.518,-47.525
-61.424,-45.184,-44.377
-57.259,-47.624,-41.136
-52.88,-49.818,-37.795
-48.294,-51.748,-34.344
-43.512,-53.39,-30.777
-38.546,-54.723,-27.085
-33.411,-55.726,-23.261
-28.122,-56.374,-19.297
-22.702,-56.645,-15.184
-17.173,-56.516,-10.915
-11.562,-55.964,-6.4833
-5.8999,-54.968,-1.8824
-0.22248,-53.508,2.8935
5.431,-51.567,7.8492
11.017,-49.13,12.988
16.486,-46.189,18.312
21.788,-42.74,23.821
26.866,-38.782,29.512
31.663,-34.326,35.382
36.118,-29.39,41.423
40.174,-23.998,47.625
43.771,-18.187,53.975
46.855,-12.002,60.456
49.379,-5.4976,66.927
51.279,1.2683,74.924
52.34,8.257,82.539
52.984,15.321,84.257
53.483,22.398,85.661
53.859,29.485,86.734
54.142,36.577,87.543
54.355,43.672,88.152
54.515,50.768,88.61
54.635,57.866,88.955
54.726,64.964,89.215
54.794,72.063,89.41
54.845,79.161,89.556
54.884,86.26,89.666
54.912,93.359,89.749
54.934,100.46,89.812
54.951,107.56,89.858
54.963,114.66,89.893
54.972,121.76,89.92
54.977,128.86,90.041
54.984,135.96,89.081
55.245,143.04,86.577
55.366,150.14,91.771
54.911,157.21,97.646
53.87,164.21,103.74
52.233,171.07,110.02
50.007,177.71,116.41
47.211,184.07,122.85
43.878,190.08,129.27
40.054,195.7,135.65
35.791,200.87,141.93
31.146,205.55,148.09
26.181,209.72,154.1
20.958,213.37,159.94
15.538,216.47,165.61
9.9799,219.05,171.09
4.3375,221.1,176.38
-1.3387,222.63,181.48
-7.0033,223.67,186.39
-12.616,224.23,191.11
-18.141,224.34,195.66
-23.548,224.03,200.03
-28.809,223.31,204.24
-33.904,222.23,208.29
-38.812,220.79,212.19
-43.519,219.03,215.95
-48.011,216.98,219.58
-52.278,214.65,223.09
-56.312,212.08,226.48
-60.106,209.27,229.77
-63.655,206.26,232.97
-66.954,203.06,236.08
-70.002,199.69,239.1
-72.795,196.16,242.06
-75.332,192.5,244.95
-77.613,188.72,247.78
-79.636,184.83,250.57
-81.401,180.86,253.3
-82.908,176.8,256.01
-84.157,172.68,258.68
-85.148,168.51,261.32
-85.884,164.3,274.5
-86.338,160.06,178.25
-86.195,155.81,-91.48
-85.883,151.56,-88.333
-85.664,147.3,-88.099
-85.499,143.05,-88.571
-85.375,138.79,-88.926
-85.282,134.53,-89.192
-85.212,130.27,-89.393
-85.159,126.01,-89.544
-85.12,121.75,-89.657
-85.09,117.49,-89.742
-85.068,113.23,-89.806
-85.051,108.97,-89.854
-85.038,104.72,-89.89
-85.029,100.46,-89.918
-85.022,96.197,-89.938
-85.016,91.938,-89.953
-85.012,87.679,-89.965
-85.009,83.419,-89.974
-85.007,79.16,-89.98
-85.005,74.9,-89.985
-85.004,70.641,-89.989
-85.003,66.382,-89.992
-85.002,62.122,-89.994
-85.002,57.863,-89.995
-85.001,53.603,-89.996
-85.001,49.344,-89.997
-85.001,45.085,-89.998
-85.001,40.825,-89.998
-85,36.566,-89.999
-85,32.306,-90.003
-84.991,28.047,-104.65
-85.074,23.791,102.48
-85.419,19.544,294.64
-85.539,15.287,40.727
-85.356,11.031,-100.22
-84.893,6.7909,-83.885
-84.158,2.5797,-81.162
-83.159,-1.5906,-78.481
-81.9,-5.7083,-75.821
-80.387,-9.7618,-73.168
-78.621,-13.739,-70.509
-76.607,-17.629,-67.83
-74.345,-21.417,-65.123
-71.838,-25.093,-62.378
-69.088,-28.642,-59.587
-66.097,-32.049,-56.741
-62.868,-35.3,-53.833
-59.403,-38.38,-50.856
-55.707,-41.271,-47.8
-51.783,-43.956,-44.661
-47.638,-46.417,-41.428
-43.277,-48.634,-38.096
-38.709,-50.587,-34.655
-33.944,-52.256,-31.099
-28.994,-53.618,-27.419
-23.873,-54.651,-23.606
-18.598,-55.332,-19.655
-13.188,-55.637,-15.555
-7.6677,-55.544,-11.301
-2.0627,-55.031,-6.8837
3.5961,-54.075,-2.2981
9.2736,-52.657,2.4621
14.931,-50.759,7.4017
20.524,-48.367,12.524
26.006,-45.471,17.832
31.325,-42.066,23.324
36.425,-38.154,29
41.249,-33.742,34.854
45.738,-28.847,40.88
49.831,-23.495,47.068
53.472,-17.719,53.405
56.603,-11.565,59.875
59.178,-5.0867,66.349
61.14,1.658,74.17
62.258,8.634,82.226
62.921,15.696,84.09
63.436,22.772,85.527
63.823,29.857,86.632
64.115,36.949,87.466
64.335,44.044,88.094
64.5,51.14,88.567
64.624,58.238,88.923
64.717,65.336,89.19
64.787,72.434,89.391
64.84,79.533,89.542
64.88,86.633,89.656
64.91,93.732,89.741
64.932,100.83,89.806
64.949,107.93,89.854
64.962,115.02,89.89
64.971,122.12,89.917
64.978,129.22,90.007
64.977,136.32,89.384
65.214,143.41,86.449
65.378,150.51,91.233
64.974,157.59,97.118
63.986,164.6,103.19
62.402,171.47,109.46
60.227,178.13,115.84
57.48,184.52,122.28
54.194,190.57,128.71
50.411,196.22,135.09
46.184,201.43,141.38
41.57,206.15,147.55
36.631,210.37,153.57
31.429,214.06,159.43
26.024,217.22,165.11
20.476,219.84,170.61
14.839,221.93,175.92
9.1636,223.51,181.03
3.4963,224.59,185.96
-2.1223,225.2,190.7
-7.6564,225.35,195.26
-13.075,225.07,199.65
-18.35,224.39,203.87
-23.46,223.34,207.93
-28.386,221.93,211.85
-33.111,220.2,215.62
-37.623,218.17,219.26
-41.91,215.87,222.78
-45.965,213.32,226.19
-49.78,210.53,229.49
-53.351,207.53,232.69
-56.672,204.35,235.8
-59.742,200.99,238.84
-62.558,197.48,241.8
-65.118,193.83,244.7
-67.422,190.06,247.53
-69.468,186.18,250.32
-71.256,182.21,253.06
-72.785,178.16,255.77
-74.057,174.05,258.44
-75.071,169.88,261.09
-75.828,165.67,271.94
-76.319,161.44,203.54
-76.226,157.19,-81.9
-75.906,152.94,-89.305
-75.681,148.68,-88.05
-75.512,144.42,-88.534
-75.385,140.16,-88.897
-75.289,135.91,-89.171
-75.217,131.65,-89.377
-75.163,127.39,-89.532
-75.123,123.13,-89.648
-75.093,118.87,-89.735
-75.069,114.61,-89.801
-75.052,110.36,-89.85
-75.039,106.1,-89.888
-75.03,101.84,-89.916
-75.022,97.573,-89.936
-75.017,93.314,-89.952
-75.013,89.054,-89.964
-75.009,84.795,-89.973
-75.007,80.536,-89.98
-75.005,76.276,-89.985
-75.004,72.017,-89.989
-75.003,67.757,-89.991
-75.002,63.498,-89.994
-75.002,59.239,-89.995
-75.001,54.979,-89.996
-75.001,50.72,-89.997
-75.001,46.46,-89.998
-75.001,42.201,-89.998
-75,37.942,-89.999
-75,33.682,-89.999
-74.993,29.423,-104.62
-75.052,25.166,70.566
-75.392,20.92,296.39
-75.541,16.664,71.943
-75.383,12.407,-101.71
-74.945,8.165,-84.129
-74.234,3.9508,-81.401
-73.258,-0.22361,-78.717
-72.022,-4.3464,-76.056
-70.531,-8.4061,-73.403
-68.788,-12.391,-70.745
-66.795,-16.289,-68.068
-64.555,-20.087,-65.364
-62.069,-23.773,-62.623
-59.341,-27.333,-59.836
-56.371,-30.754,-56.995
-53.163,-34.019,-54.093
-49.719,-37.115,-51.122
-46.043,-40.023,-48.074
-42.14,-42.727,-44.942
-38.013,-45.209,-41.718
-33.671,-47.448,-38.395
-29.121,-49.426,-34.964
-24.373,-51.12,-31.418
-19.439,-52.511,-27.749
-14.332,-53.573,-23.949
-9.0702,-54.286,-20.01
-3.6716,-54.626,-15.924
1.8402,-54.569,-11.683
7.439,-54.094,-7.2811
13.094,-53.178,-2.7106
18.772,-51.801,2.0339
24.432,-49.946,6.9575
30.033,-47.599,12.064
35.527,-44.748,17.355
40.863,-41.388,22.831
45.985,-37.52,28.49
50.836,-33.152,34.329
55.356,-28.299,40.341
59.487,-22.986,46.515
63.169,-17.246,52.839
66.348,-11.124,59.298
68.974,-4.6711,65.788
70.998,2.0513,73.295
72.188,9.0108,81.845
72.869,16.071,83.963
73.396,23.145,85.414
73.793,30.23,86.547
74.093,37.321,87.402
74.318,44.416,88.046
74.487,51.512,88.531
74.614,58.61,88.895
74.71,65.708,89.169
74.782,72.807,89.376
74.836,79.906,89.531
74.877,87.004,89.647
74.907,94.104,89.735
74.93,101.2,89.801
74.948,108.3,89.85
74.961,115.4,89.887
74.97,122.5,89.915
74.977,129.6,89.979
74.974,136.7,89.638
75.182,143.79,86.418
75.385,150.88,90.691
75.033,157.96,96.592
74.097,164.98,102.64
72.566,171.87,108.89
70.443,178.55,115.27
67.745,184.97,121.71
64.505,191.05,128.14
60.764,196.74,134.53
56.574,201.99,140.83
51.992,206.76,147.01
47.08,211.02,153.04
41.898,214.76,158.92
36.509,217.96,164.62
30.971,220.63,170.13
25.339,222.77,175.46
19.666,224.39,180.59
13.996,225.52,185.53
8.3716,226.16,190.29
2.8287,226.35,194.87
-2.6009,226.11,199.27
-7.8901,225.47,203.5
-13.016,224.44,207.58
-17.958,223.07,211.51
-22.702,221.37,215.29
-27.233,219.36,218.95
-31.54,217.09,222.48
-35.616,214.55,225.89
-39.453,211.78,229.2
-43.045,208.81,232.41
-46.389,205.64,235.53
-49.481,202.29,238.57
-52.319,198.8,241.54
-54.902,195.16,244.44
-57.228,191.4,247.28
-59.297,187.53,250.08
-61.108,183.57,252.82
-62.661,179.52,255.53
-63.955,175.41,258.21
-64.991,171.25,260.86
-65.771,167.05,269.43
-66.293,162.81,225.42
-66.256,158.56,-68.526
-65.93,154.31,-90.737
-65.699,150.06,-87.999
-65.525,145.8,-88.496
-65.395,141.54,-88.869
-65.297,137.28,-89.15
-65.223,133.02,-89.361
-65.168,128.76,-89.519
-65.126,124.5,-89.639
-65.095,120.25,-89.729
-65.071,115.99,-89.796
-65.054,111.73,-89.847
-65.04,107.47,-89.885
-65.03,103.21,-89.913
-65.023,98.95,-89.935
-65.017,94.691,-89.951
-65.013,90.432,-89.963
-65.01,86.172,-89.972
-65.007,81.913,-89.979
-65.005,77.653,-89.984
-65.004,73.394,-89.988
-65.003,69.135,-89.991
-65.002,64.875,-89.993
-65.002,60.616,-89.995
-65.001,56.356,-89.996
-65.001,52.097,-89.997
-65.001,47.838,-89.998
-65.001,43.578,-89.998
-65,39.319,-89.999
-65,35.059,-89.999
-64.995,30.8,-103.42
-65.034,26.542,39.44
-65.363,22.296,294.24
-65.54,18.04,103.96
-65.408,13.783,-102.04
-64.994,9.5391,-84.376
-64.307,5.322,-81.641
-63.354,1.1436,-78.953
-62.142,-2.9843,-76.291
-60.673,-7.05,-73.638
-58.952,-11.042,-70.98
-56.981,-14.948,-68.306
-54.762,-18.755,-65.605
-52.299,-22.452,-62.867
-49.592,-26.024,-60.085
-46.643,-29.457,-57.249
-43.456,-32.738,-54.353
-40.033,-35.848,-51.388
-36.378,-38.774,-48.347
-32.494,-41.497,-45.223
-28.387,-43.999,-42.007
-24.064,-46.26,-38.693
-19.532,-48.262,-35.272
-14.801,-49.983,-31.737
-9.8825,-51.401,-28.079
-4.7905,-52.493,-24.291
0.45882,-53.238,-20.364
5.8462,-53.612,-16.291
11.349,-53.591,-12.065
16.941,-53.153,-7.677
22.593,-52.277,-3.1216
28.27,-50.942,1.6073
33.934,-49.13,6.5149
39.542,-46.826,11.605
45.047,-44.02,16.879
50.399,-40.706,22.339
55.542,-36.883,27.983
60.419,-32.558,33.806
64.971,-27.747,39.802
69.139,-22.473,45.963
72.863,-16.77,52.274
76.089,-10.679,58.722
78.764,-4.2533,65.228
80.849,2.4469,72.452
82.114,9.3886,81.388
82.816,16.446,83.841
83.355,23.519,85.299
83.763,30.604,86.46
84.069,37.694,87.336
84.3,44.789,87.997
84.474,51.885,88.493
84.605,58.982,88.867
84.703,66.081,89.149
84.776,73.179,89.36
84.832,80.277,89.519
84.874,87.376,89.638
84.905,94.475,89.728
84.929,101.58,89.796
84.946,108.68,89.846
84.96,115.77,89.885
84.97,122.87,89.913
84.977,129.97,89.957
84.972,137.07,89.838
85.151,144.16,86.482
85.387,151.25,90.146
85.087,158.34,96.069
84.203,165.37,102.1
82.725,172.27,108.34
80.654,178.97,114.7
78.006,185.41,121.14
74.812,191.53,127.57
71.114,197.25,133.97
66.961,202.54,140.27
62.412,207.36,146.47
57.526,211.67,152.52
52.365,215.45,158.41
46.992,218.7,164.12
41.465,221.42,169.65
35.84,223.6,174.99
30.168,225.27,180.14
24.496,226.44,185.1
18.866,227.12,189.88
13.314,227.35,194.47
7.8737,227.15,198.89
2.5711,226.54,203.14
-2.5698,225.55,207.23
-7.5293,224.2,211.17
-12.291,222.53,214.96
-16.841,220.55,218.63
-21.169,218.3,222.17
-25.265,215.78,225.59
-29.123,213.04,228.91
-32.737,210.08,232.13
-36.103,206.92,235.26
-39.218,203.6,238.31
-42.079,200.11,241.28
-44.684,196.48,244.19
-47.033,192.73,247.04
-49.125,188.88,249.83
-50.958,184.92,252.58
-52.534,180.88,255.29
-53.851,176.78,257.97
-54.91,172.62,260.62
-55.712,168.42,267.18
-56.263,164.19,243.54
-56.284,159.94,-51.255
-55.955,155.69,-92.582
-55.717,151.43,-87.947
-55.539,147.17,-88.456
-55.405,142.92,-88.839
-55.305,138.66,-89.127
-55.229,134.4,-89.344
-55.172,130.15,-89.507
-55.129,125.89,-89.629
-55.097,121.63,-89.721
-55.073,117.37,-89.79
-55.055,113.11,-89.842
-55.041,108.85,-89.882
-55.031,104.59,-89.911
-55.023,100.33,-89.933
-55.018,96.067,-89.95
-55.013,91.809,-89.962
-55.01,87.549,-89.972
-55.007,83.29,-89.979
-55.006,79.03,-89.984
-55.004,74.771,-89.988
-55.003,70.511,-89.991
-55.002,66.252,-89.993
-55.002,61.993,-89.995
-55.001,57.733,-89.996
-55.001,53.474,-89.997
-55.001,49.214,-89.998
-55.001,44.955,-89.998
-55,40.696,-89.999
-55,36.436,-89.999
-54.996,32.177,-101.5
-55.019,27.918,10.031
-55.331,23.671,288.13
-55.538,19.417,135.76
-55.431,15.159,-100.5
-55.042,10.913,-84.73
-54.378,6.6933,-81.881
-53.449,2.511,-79.19
-52.259,-1.6218,-76.526
-50.813,-5.6935,-73.873
-49.114,-9.6923,-71.216
-47.165,-13.606,-68.543
-44.969,-17.423,-65.845
-42.526,-21.13,-63.111
-39.841,-24.714,-60.333
-36.914,-28.16,-57.502
-33.747,-31.454,-54.611
-30.345,-34.581,-51.653
-26.71,-37.523,-48.619
-22.846,-40.265,-45.502
-18.759,-42.787,-42.295
-14.454,-45.071,-38.99
-9.9404,-47.096,-35.579
-5.2267,-48.843,-32.054
-0.3244,-50.288,-28.407
4.7529,-51.41,-24.631
9.9891,-52.187,-20.717
15.365,-52.594,-16.657
20.859,-52.609,-12.444
26.444,-52.209,-8.0713
32.092,-51.373,-3.5311
37.768,-50.079,1.1823
43.435,-48.31,6.074
49.05,-46.05,11.148
54.566,-43.289,16.406
59.933,-40.019,21.849
65.097,-36.241,27.477
70,-31.96,33.284
74.584,-27.191,39.266
78.788,-21.957,45.412
82.553,-16.29,51.711
85.825,-10.232,58.147
88.551,-3.833,64.666
90.693,2.8448,71.648
92.036,9.7675,80.852
92.762,16.822,83.722
93.314,23.894,85.18
93.731,30.977,86.371
94.046,38.068,87.269
94.283,45.162,87.946
94.461,52.258,88.455
94.595,59.355,88.839
94.695,66.453,89.127
94.771,73.552,89.344
94.828,80.65,89.507
94.871,87.749,89.629
94.903,94.848,89.721
94.927,101.95,89.79
94.945,109.05,89.842
94.959,116.15,89.882
94.969,123.25,89.911
94.977,130.35,89.942
94.971,137.45,89.982
95.12,144.54,86.637
95.385,151.62,89.604
95.136,158.72,95.549
94.305,165.75,101.55
92.879,172.67,107.78
90.86,179.39,114.14
88.262,185.86,120.57
85.115,192,127
81.459,197.76,133.4
77.345,203.09,139.72
72.828,207.95,145.93
67.969,212.3,151.99
62.831,216.14,157.89
57.474,219.44,163.62
51.958,222.2,169.17
46.339,224.43,174.53
40.669,226.14,179.7
34.996,227.35,184.67
29.361,228.08,189.46
23.801,228.35,194.07
18.349,228.19,198.5
13.033,227.61,202.77
7.8773,226.65,206.87
2.9011,225.34,210.82
-1.8786,223.69,214.63
-6.448,221.74,218.31
-10.796,219.51,221.86
-14.913,217.02,225.29
-18.792,214.29,228.62
-22.428,211.35,231.85
-25.816,208.21,234.99
-28.953,204.9,238.04
-31.836,201.42,241.02
-34.464,197.81,243.93
-36.836,194.07,246.79
-38.95,190.22,249.59
-40.807,186.27,252.34
-42.405,182.24,255.05
-43.745,178.15,257.74
-44.827,173.99,260.39
-45.651,169.79,265.9
-46.228,165.56,252.53
-46.291,161.31,-38.955
-45.965,157.06,-93.871
-45.723,152.81,-87.929
-45.544,148.55,-88.443
-45.409,144.29,-88.829
-45.307,140.03,-89.12
-45.231,135.78,-89.338
-45.174,131.52,-89.502
-45.131,127.26,-89.626
-45.098,123,-89.719
-45.074,118.74,-89.789
-45.055,114.48,-89.841
-45.042,110.22,-89.881
-45.031,105.96,-89.91
-45.024,101.7,-89.933
-45.018,97.443,-89.949
-45.013,93.184,-89.962
-45.01,88.924,-89.971
-45.008,84.665,-89.978
-45.006,80.405,-89.984
-45.004,76.146,-89.988
-45.003,71.887,-89.991
-45.002,67.627,-89.993
-45.002,63.368,-89.995
-45.001,59.108,-89.996
-45.001,54.849,-89.997
-45.001,50.59,-89.998
-45.001,46.33,-89.998
-45,42.071,-89.999
-45,37.811,-89.999
-44.997,33.552,-99.218
-45.007,29.293,-16.817
-45.298,25.046,277.94
-45.532,20.792,166.36
-45.452,16.534,-96.273
-45.087,12.287,-85.378
-44.448,8.0641,-82.12
-43.541,3.878,-79.426
-42.374,-0.25963,-76.761
-40.95,-4.3371,-74.107
-39.274,-8.3429,-71.451
-37.347,-12.265,-68.78
-35.172,-16.091,-66.084
-32.751,-19.808,-63.354
-30.087,-23.403,-60.58
-27.181,-26.862,-57.754
-24.036,-30.17,-54.869
-20.654,-33.312,-51.916
-17.04,-36.272,-48.89
-13.196,-39.032,-45.78
-9.1279,-41.574,-42.582
-4.8423,-43.88,-39.285
-0.34666,-45.929,-35.884
4.3499,-47.7,-32.369
9.236,-49.173,-28.734
14.299,-50.325,-24.969
19.522,-51.133,-21.068
24.886,-51.574,-17.021
30.37,-51.624,-12.822
35.949,-51.262,-8.4636
41.592,-50.465,-3.9383
47.267,-49.212,0.75961
52.937,-47.485,5.6353
58.558,-45.269,10.693
64.085,-42.553,15.935
69.468,-39.328,21.362
74.651,-35.594,26.973
79.58,-31.357,32.765
84.194,-26.631,38.732
88.434,-21.436,44.864
92.24,-15.806,51.15
95.558,-9.7803,57.575
98.334,-3.4094,64.101
100.53,3.2459,70.888
101.95,10.149,80.236
102.71,17.198,83.605
103.27,24.27,85.06
103.7,31.352,86.279
104.02,38.442,87.2
104.26,45.536,87.894
104.45,52.632,88.416
104.58,59.729,88.809
104.69,66.827,89.105
104.77,73.926,89.327
104.82,81.024,89.494
104.87,88.124,89.62
104.9,95.222,89.714
104.93,102.32,89.785
104.94,109.42,89.838
104.96,116.51,89.879
104.97,123.61,89.909
104.98,130.71,89.933
104.97,137.81,90.074
105.09,144.91,86.874
105.38,152,89.071
105.18,159.09,95.032
104.4,166.13,101.01
103.03,173.06,107.22
101.06,179.81,113.57
98.514,186.3,120
95.414,192.47,126.44
91.801,198.27,132.84
87.724,203.64,139.17
83.241,208.54,145.38
78.41,212.94,151.46
73.293,216.82,157.38
67.953,220.17,163.13
62.449,222.98,168.69
56.837,225.25,174.06
51.17,227.01,179.25
45.495,228.27,184.24
39.855,229.04,189.05
34.287,229.34,193.67
28.825,229.22,198.12
23.496,228.68,202.4
18.325,227.75,206.52
13.332,226.47,210.48
8.5344,224.85,214.3
3.9461,222.92,217.99
-0.42166,220.71,221.55
-4.5595,218.25,225
-8.46,215.54,228.33
-12.117,212.61,231.57
-15.527,209.49,234.71
-18.687,206.2,237.78
-21.592,202.74,240.76
-24.243,199.13,243.68
-26.637,195.41,246.54
-28.774,191.56,249.34
-30.653,187.62,252.1
-32.274,183.6,254.82
-33.637,179.51,257.5
-34.742,175.36,260.16
-35.588,171.16,264.31
-36.19,166.93,264.37
-36.313,162.69,-15.727
-35.991,158.44,-96.104
-35.742,154.18,-87.875
-35.558,149.92,-88.402
-35.419,145.67,-88.799
-35.315,141.42,-89.097
-35.237,137.16,-89.321
-35.178,132.9,-89.489
-35.134,128.64,-89.616
-35.101,124.38,-89.712
-35.076,120.12,-89.783
-35.057,115.86,-89.837
-35.043,111.6,-89.877
-35.032,107.34,-89.908
-35.024,103.08,-89.931
-35.018,98.82,-89.948
-35.014,94.559,-89.961
-35.01,90.3,-89.971
-35.008,86.041,-89.978
-35.006,81.781,-89.983
-35.004,77.522,-89.988
-35.003,73.262,-89.991
-35.002,69.003,-89.993
-35.002,64.744,-89.995
-35.001,60.484,-89.996
-35.001,56.225,-89.997
-35.001,51.965,-89.998
-35.001,47.706,-89.998
-35,43.447,-89.999
-35,39.187,-89.999
-34.998,34.928,-96.884
-34.999,30.669,-40.458
-35.264,26.42,263.65
-35.525,22.168,194.92
-35.47,17.909,-88.731
-35.13,13.661,-86.443
-34.514,9.4351,-82.36
-33.632,5.2452,-79.663
-32.487,1.1028,-76.995
-31.086,-2.9805,-74.341
-29.432,-6.993,-71.686
-27.527,-10.923,-69.017
-25.373,-14.758,-66.323
-22.975,-18.485,-63.596
-20.332,-22.091,-60.826
-17.447,-25.563,-58.005
-14.323,-28.885,-55.126
-10.962,-32.042,-52.18
-7.3674,-35.019,-49.16
-3.5435,-37.797,-46.058
0.50478,-40.359,-42.867
4.7714,-42.686,-39.58
9.2489,-44.759,-36.188
13.928,-46.556,-32.684
18.798,-48.056,-29.059
23.846,-49.237,-25.306
29.055,-50.076,-21.417
34.408,-50.55,-17.384
39.883,-50.636,-13.199
45.454,-50.311,-8.8543
51.093,-49.553,-4.344
56.767,-48.341,0.33851
62.438,-46.657,5.1984
68.066,-44.485,10.24
73.603,-41.812,15.465
79,-38.633,20.876
84.204,-34.944,26.471
89.157,-30.751,32.247
93.801,-26.066,38.199
98.077,-20.912,44.317
101.92,-15.319,50.59
105.29,-9.326,57.003
108.11,-2.9832,63.531
110.36,3.6493,70.174
111.87,10.531,79.545
112.65,17.576,83.485
113.23,24.646,84.936
113.67,31.728,86.186
114,38.817,87.129
114.25,45.91,87.841
114.43,53.006,88.376
114.57,60.104,88.779
114.68,67.202,89.082
114.76,74.3,89.31
114.82,81.398,89.481
114.86,88.498,89.61
114.9,95.596,89.707
114.92,102.69,89.78
114.94,109.79,89.834
114.96,116.89,89.875
114.97,123.99,89.906
114.98,131.09,89.93
114.97,138.19,90.121
115.07,145.28,87.179
115.37,152.38,88.554
115.22,159.47,94.517
114.49,166.52,100.48
113.17,173.46,106.67
111.26,180.22,113.01
108.76,186.74,119.43
105.71,192.94,125.87
102.14,198.78,132.28
98.101,204.19,138.61
93.65,209.13,144.84
88.847,213.57,150.93
83.754,217.5,156.87
78.431,220.89,162.63
72.939,223.75,168.21
67.335,226.08,173.6
61.67,227.88,178.8
55.994,229.18,183.81
50.349,229.99,188.63
44.774,230.34,193.27
39.301,230.24,197.73
33.959,229.74,202.03
28.773,228.85,206.16
23.764,227.59,210.14
18.949,226,213.97
14.342,224.1,217.67
9.9541,221.92,221.24
5.7956,219.47,224.7
1.8739,216.79,228.04
-1.8052,213.88,231.29
-5.2371,210.78,234.44
-8.4185,207.49,237.51
-11.347,204.05,240.5
-14.02,200.46,243.43
-16.437,196.74,246.29
-18.596,192.91,249.1
-20.498,188.98,251.86
-22.142,184.96,254.58
-23.528,180.87,257.26
-24.655,176.73,259.92
-25.524,172.53,263.19
-26.149,168.31,272.48
-26.331,164.06,10.707
-26.019,159.81,-98.302
-25.762,155.56,-87.819
-25.573,151.31,-88.36
-25.43,147.05,-88.767
-25.324,142.79,-89.073
-25.243,138.53,-89.303
-25.183,134.27,-89.476
-25.138,130.01,-89.606
-25.103,125.75,-89.704
-25.078,121.49,-89.777
-25.058,117.23,-89.833
-25.044,112.97,-89.874
-25.033,108.71,-89.905
-25.025,104.45,-89.929
-25.019,100.19,-89.947
-25.014,95.935,-89.96
-25.011,91.675,-89.97
-25.008,87.416,-89.977
-25.006,83.156,-89.983
-25.004,78.897,-89.987
-25.003,74.637,-89.99
-25.003,70.378,-89.993
-25.002,66.119,-89.995
-25.001,61.859,-89.996
-25.001,57.6,-89.997
-25.001,53.34,-89.998
-25.001,49.081,-89.998
-25,44.822,-89.999
-25,40.562,-89.999
-24.999,36.303,-94.73
-24.993,32.043,-60.449
-25.23,27.794,245.38
-25.514,23.543,220.74
-25.486,19.284,-77.448
-25.171,15.034,-87.98
-24.579,10.806,-82.601
-23.72,6.6126,-79.899
-22.598,2.4655,-77.23
-21.22,-1.6234,-74.575
-19.587,-5.6427,-71.92
-17.704,-9.5803,-69.253
-15.573,-13.424,-66.562
-13.196,-17.161,-63.838
-10.574,-20.779,-61.072
-7.7107,-24.263,-58.256
-4.6075,-27.599,-55.382
-1.2673,-30.771,-52.442
2.3067,-33.764,-49.429
6.1106,-36.561,-46.335
10.139,-39.143,-43.152
14.387,-41.491,-39.874
18.846,-43.587,-36.491
23.508,-45.409,-32.997
28.362,-46.936,-29.384
33.394,-48.146,-25.642
38.59,-49.016,-21.765
43.931,-49.524,-17.745
49.396,-49.644,-13.574
54.96,-49.357,-9.2435
60.595,-48.637,-4.7481
66.267,-47.466,-0.080947
71.94,-45.825,4.7631
77.573,-43.696,9.7884
83.12,-41.068,14.998
88.532,-37.933,20.392
93.755,-34.289,25.971
98.733,-30.14,31.732
103.41,-25.498,37.668
107.72,-20.384,43.772
111.6,-14.828,50.032
115.01,-8.8686,56.433
117.89,-2.5545,62.958
120.19,4.0551,69.504
121.77,10.916,78.784
122.59,17.953,83.359
123.18,25.022,84.809
123.63,32.103,86.09
123.97,39.192,87.057
124.23,46.285,87.786
124.42,53.381,88.335
124.56,60.478,88.748
124.67,67.576,89.059
124.75,74.675,89.293
124.81,81.773,89.468
124.86,88.873,89.6
124.89,95.971,89.7
124.92,103.07,89.774
124.94,110.17,89.83
124.96,117.26,89.872
124.97,124.36,89.904
124.98,131.46,89.928
124.97,138.56,90.137
125.04,145.66,87.534
125.35,152.75,88.062
125.26,159.84,94.005
124.58,166.9,99.939
123.31,173.85,106.11
121.45,180.63,112.45
119,187.18,118.86
116,193.41,125.3
112.47,199.28,131.72
108.47,204.73,138.06
104.06,209.71,144.3
99.283,214.2,150.4
94.212,218.18,156.35
88.907,221.62,162.13
83.428,224.52,167.72
77.831,226.89,173.13
72.17,228.74,178.35
66.493,230.08,183.37
60.844,230.94,188.21
55.261,231.32,192.87
49.778,231.27,197.35
44.424,230.8,201.66
39.223,229.94,205.8
34.198,228.72,209.79
29.365,227.16,213.64
24.738,225.28,217.35
20.331,223.12,220.93
16.152,220.7,224.4
12.21,218.03,227.75
8.5089,215.15,231.01
5.055,212.06,234.17
1.8515,208.79,237.24
-1.0991,205.36,240.24
-3.7948,201.78,243.17
-6.2342,198.07,246.04
-8.4165,194.25,248.85
-10.341,190.32,251.62
-12.008,186.32,254.34
-13.416,182.24,257.03
-14.566,178.09,259.69
-15.458,173.9,262.49
-16.104,169.68,277.22
-16.345,165.44,39.721
-16.048,161.19,-100.17
-15.782,156.94,-87.762
-15.588,152.68,-88.317
-15.442,148.42,-88.735
-15.332,144.16,-89.049
-15.25,139.9,-89.285
-15.188,135.64,-89.462
-15.141,131.38,-89.596
-15.106,127.12,-89.696
-15.08,122.86,-89.772
-15.06,118.6,-89.828
-15.045,114.34,-89.871
-15.034,110.08,-89.903
-15.025,105.82,-89.927
-15.019,101.56,-89.945
-15.014,97.309,-89.959
-15.011,93.05,-89.969
-15.008,88.791,-89.977
-15.006,84.531,-89.982
-15.005,80.272,-89.987
-15.003,76.013,-89.99
-15.003,71.753,-89.993
-15.002,67.494,-89.994
-15.001,63.234,-89.996
-15.001,58.975,-89.997
-15.001,54.716,-89.998
-15.001,50.456,-89.998
-15,46.197,-89.999
-15,41.937,-89.999
-15,37.678,-92.918
-14.99,33.418,-76.554
-15.196,29.168,223.4
-15.501,24.917,243.26
-15.5,20.659,-62.213
-15.21,16.407,-89.975
-14.642,12.177,-82.842
-13.806,7.98,-80.136
-12.707,3.8285,-77.464
-11.351,-0.26612,-74.809
-9.7409,-4.292,-72.154
-7.8799,-8.2373,-69.488
-5.7705,-12.09,-66.8
-3.4147,-15.837,-64.079
-0.81468,-19.466,-61.317
2.0276,-22.962,-58.506
5.1098,-26.312,-55.637
8.4293,-29.499,-52.703
11.983,-32.508,-49.697
15.767,-35.323,-46.61
19.776,-37.924,-43.436
24.005,-40.294,-40.166
28.446,-42.413,-36.793
33.09,-44.26,-33.309
37.927,-45.814,-29.707
42.945,-47.053,-25.977
48.127,-47.954,-22.112
53.456,-48.494,-18.105
58.911,-48.65,-13.947
64.467,-48.399,-9.6312
70.096,-47.719,-5.1505
75.767,-46.588,-0.4988
81.441,-44.989,4.3295
87.08,-42.903,9.3387
92.637,-40.32,14.532
98.062,-37.23,19.91
103.3,-33.63,25.473
108.31,-29.525,31.217
113.01,-24.926,37.139
117.35,-19.853,43.228
121.28,-14.334,49.475
124.73,-8.4082,55.865
127.65,-2.1231,62.381
130.01,4.463,68.871
131.67,11.302,77.965
132.54,18.332,83.22
133.14,25.399,84.68
133.6,32.48,85.992
133.95,39.568,86.983
134.21,46.661,87.731
134.4,53.756,88.293
134.55,60.854,88.717
134.66,67.952,89.035
134.75,75.05,89.275
134.81,82.148,89.455
134.86,89.248,89.59
134.89,96.346,89.692
134.92,103.44,89.768
134.94,110.54,89.826
134.95,117.64,89.869
134.97,124.74,89.902
134.97,131.84,89.926
134.97,138.94,90.13
135.02,146.03,87.915
135.33,153.13,87.612
135.29,160.22,93.494
134.66,167.28,99.404
133.45,174.25,105.56
131.64,181.05,111.88
129.24,187.61,118.3
126.28,193.88,124.74
122.8,199.78,131.15
118.84,205.27,137.51
114.46,210.29,143.75
109.72,214.83,149.87
104.67,218.85,155.83
99.382,222.33,161.63
93.915,225.29,167.24
88.327,227.7,172.66
82.67,229.6,177.9
76.992,230.98,182.94
71.339,231.88,187.8
65.749,232.31,192.47
60.256,232.29,196.96
54.889,231.86,201.28
49.674,231.03,205.44
44.632,229.84,209.45
39.782,228.31,213.31
35.137,226.46,217.03
30.71,224.32,220.62
26.511,221.92,224.1
22.547,219.28,227.46
18.825,216.41,230.72
15.349,213.34,233.89
12.123,210.08,236.97
9.1503,206.66,239.98
6.4321,203.1,242.92
3.9701,199.4,245.79
1.7652,195.59,248.61
-0.18214,191.67,251.38
-1.8714,187.67,254.1
-3.3025,183.6,256.79
-4.4753,179.46,259.46
-5.3899,175.28,262.11
-6.0569,171.05,279.2
-6.3524,166.81,70.477
-6.0781,162.56,-101.35
-5.8019,158.31,-87.704
-5.6029,154.05,-88.273
-5.4532,149.8,-88.702
-5.3407,145.54,-89.024
-5.2561,141.28,-89.266
-5.1926,137.02,-89.448
-5.1447,132.76,-89.585
-5.1088,128.5,-89.688
-5.0818,124.24,-89.766
-5.0615,119.98,-89.824
-5.0462,115.72,-89.868
-5.0347,111.46,-89.9
-5.0261,107.2,-89.925
-5.0196,102.94,-89.944
-5.0148,98.685,-89.958
-5.0111,94.425,-89.968
-5.0083,90.166,-89.976
-5.0063,85.906,-89.982
-5.0047,81.647,-89.986
-5.0035,77.387,-89.99
-5.0027,73.128,-89.992
-5.002,68.869,-89.994
-5.0015,64.609,-89.996
-5.0011,60.35,-89.997
-5.0008,56.09,-89.998
-5.0006,51.831,-89.998
-5.0005,47.572,-89.999
-5.0004,43.312,-89.999
-5,39.053,-92.03
-4.9889,34.793,-84.402
-5.178,30.542,208.37
-5.5006,26.293,255.05
-5.5229,22.034,-51.109
-5.2546,17.782,-91.451
-4.7094,13.549,-83.066
-3.8953,9.3488,-80.361
-2.8186,5.1929,-77.69
-1.4842,1.093,-75.036
0.10416,-2.9392,-72.384
1.9435,-6.892,-69.721
4.0314,-10.753,-67.036
6.3657,-14.51,-64.319
8.9444,-18.15,-61.562
11.765,-21.658,-58.756
14.827,-25.021,-55.893
18.125,-28.224,-52.965
21.658,-31.249,-49.966
25.422,-34.082,-46.887
29.411,-36.703,-43.721
33.621,-39.094,-40.46
38.043,-41.236,-37.097
42.67,-43.108,-33.623
47.491,-44.689,-30.031
52.493,-45.957,-26.313
57.661,-46.889,-22.461
62.978,-47.461,-18.466
68.423,-47.652,-14.322
73.971,-47.438,-10.02
79.595,-46.797,-5.5546
85.263,-45.707,-0.91821
90.939,-44.149,3.8942
96.583,-42.108,8.8872
102.15,-39.569,14.064
107.59,-36.524,19.426
112.85,-32.97,24.972
117.87,-28.909,30.701
122.61,-24.353,36.607
126.98,-19.321,42.682
130.95,-13.84,48.915
134.45,-7.9488,55.293
137.42,-1.6934,61.798
139.83,4.8686,68.262
141.56,11.686,77.098
142.48,18.705,83.059
143.09,25.772,84.546
143.56,32.851,85.89
143.92,39.939,86.907
144.19,47.032,87.673
144.39,54.127,88.25
144.54,61.224,88.684
144.65,68.322,89.011
144.74,75.42,89.256
144.8,82.519,89.441
144.85,89.617,89.58
144.89,96.717,89.684
144.92,103.82,89.763
144.94,110.92,89.822
144.95,118.01,89.866
144.96,125.11,89.899
144.97,132.21,89.924
144.98,139.31,90.109
145.01,146.41,88.302
145.3,153.49,87.217
145.32,160.59,92.976
144.74,167.66,98.869
143.58,174.63,105.01
141.82,181.45,111.32
139.48,188.04,117.72
136.57,194.33,124.17
133.13,200.27,130.59
129.21,205.8,136.95
124.87,210.87,143.2
120.15,215.45,149.33
115.13,219.51,155.31
109.86,223.05,161.12
104.41,226.05,166.75
98.826,228.51,172.19
93.172,230.45,177.44
87.495,231.88,182.5
81.838,232.82,187.37
76.241,233.29,192.06
70.738,233.31,196.57
65.359,232.91,200.91
60.13,232.12,205.08
55.072,230.96,209.1
50.204,229.46,212.97
45.54,227.64,216.7
41.093,225.52,220.31
36.873,223.14,223.79
32.889,220.52,227.17
29.145,217.67,230.44
25.647,214.62,233.62
22.399,211.38,236.7
19.404,207.97,239.72
16.663,204.42,242.66
14.178,200.73,245.54
11.95,196.93,248.36
9.9801,193.02,251.13
8.2679,189.03,253.86
6.8139,184.96,256.56
5.6182,180.83,259.22
4.6807,176.65,261.86
3.9929,172.43,279.17
3.6458,168.19,101.94
3.8911,163.94,-101.42
4.1773,159.69,-87.646
4.3814,155.43,-88.229
4.535,151.17,-88.668
4.6504,146.91,-88.999
4.7372,142.65,-89.247
4.8024,138.39,-89.434
4.8515,134.14,-89.575
4.8884,129.88,-89.68
4.9161,125.62,-89.759
4.9369,121.36,-89.819
4.9526,117.1,-89.864
4.9644,112.84,-89.898
4.9732,108.59,-89.923
4.9799,104.33,-89.942
4.9849,100.06,-89.957
4.9886,95.802,-89.967
4.9914,91.543,-89.976
4.9936,87.283,-89.982
4.9952,83.024,-89.986
4.9964,78.765,-89.99
4.9973,74.505,-89.992
4.9979,70.246,-89.994
4.9985,65.986,-89.996
4.9988,61.727,-89.997
4.9991,57.468,-89.998
4.9993,53.208,-89.998
4.9995,48.949,-89.999
4.9996,44.689,-89.999
4.9998,40.43,-90.943
5.0116,36.17,-94.278
4.8541,31.918,181.31
4.5174,27.67,271.43
4.4673,23.411,-29.595
4.7105,19.158,-93.98
5.2315,14.923,-83.309
6.022,10.719,-80.599
7.0756,6.5592,-77.926
8.3873,2.4538,-75.271
9.9533,-1.5849,-72.619
11.77,-5.5451,-69.958
13.836,-9.4149,-67.275
16.149,-13.182,-64.562
18.706,-16.832,-61.808
21.506,-20.353,-59.007
24.546,-23.729,-56.149
27.823,-26.947,-53.228
31.336,-29.989,-50.235
35.079,-32.839,-47.163
39.049,-35.48,-44.005
43.239,-37.892,-40.753
47.643,-40.057,-37.399
52.252,-41.954,-33.935
57.056,-43.561,-30.354
62.043,-44.857,-26.648
67.197,-45.82,-22.808
72.501,-46.426,-18.826
77.936,-46.651,-14.695
83.476,-46.474,-10.408
89.095,-45.871,-5.9572
94.76,-44.822,-1.3362
100.44,-43.307,3.4605
106.08,-41.309,8.4374
111.66,-38.815,13.598
117.11,-35.814,18.943
122.39,-32.305,24.473
127.44,-28.289,30.186
132.2,-23.777,36.076
136.61,-18.786,42.137
140.62,-13.343,48.356
144.16,-7.4864,54.722
147.18,-1.2611,61.217
149.64,5.2764,67.673
151.44,12.072,76.204
152.41,19.08,82.865
153.04,26.146,84.41
153.53,33.224,85.786
153.89,40.311,86.828
154.17,47.403,87.614
154.37,54.498,88.205
154.53,61.595,88.651
154.65,68.693,88.985
154.73,75.791,89.237
154.8,82.89,89.427
154.85,89.989,89.569
154.89,97.087,89.676
154.91,104.18,89.756
154.94,111.28,89.817
154.95,118.38,89.862
154.96,125.48,89.896
154.97,132.58,89.922
154.98,139.68,90.08
154.99,146.78,88.678
155.28,153.87,86.894
155.34,160.96,92.452
154.82,168.03,98.335
153.71,175.02,104.45
152,181.85,110.75
149.71,188.47,117.15
146.85,194.79,123.59
143.46,200.76,130.02
139.58,206.33,136.39
135.27,211.44,142.65
130.58,216.06,148.8
125.58,220.17,154.79
120.33,223.76,160.61
114.9,226.8,166.26
109.32,229.31,171.72
103.68,231.3,176.98
97.998,232.78,182.06
92.337,233.76,186.95
86.733,234.26,191.65
81.221,234.33,196.18
75.83,233.96,200.53
70.586,233.21,204.72
65.513,232.08,208.75
60.627,230.6,212.63
55.945,228.81,216.38
51.478,226.72,220
47.238,224.37,223.49
43.232,221.76,226.87
39.466,218.93,230.15
35.947,215.89,233.34
32.677,212.67,236.43
29.659,209.28,239.45
26.895,205.74,242.4
24.388,202.06,245.28
22.137,198.27,248.11
20.144,194.37,250.89
18.409,190.39,253.62
16.932,186.32,256.32
15.714,182.2,258.99
14.753,178.02,261.63
14.045,173.8,277.89
13.65,169.56,132.94
13.86,165.31,-99.696
14.156,161.06,-87.68
14.365,156.81,-88.182
14.523,152.55,-88.633
14.641,148.29,-88.973
14.73,144.03,-89.228
14.797,139.77,-89.419
14.848,135.51,-89.563
14.886,131.25,-89.672
14.914,126.99,-89.753
14.935,122.73,-89.815
14.951,118.48,-89.861
14.963,114.22,-89.895
14.972,109.96,-89.921
14.979,105.7,-89.941
14.984,101.44,-89.956
14.988,97.18,-89.967
14.991,92.921,-89.975
14.993,88.661,-89.981
14.995,84.402,-89.986
14.996,80.142,-89.989
14.997,75.883,-89.992
14.998,71.624,-89.994
14.998,67.364,-89.995
14.999,63.105,-89.997
14.999,58.845,-89.997
14.999,54.586,-89.998
14.999,50.327,-89.999
15,46.067,-89.999
15,41.808,-90.307
15.011,37.548,-100.6
14.884,33.294,151.84
14.538,29.047,283.7
14.46,24.789,-4.5416
14.678,20.534,-96.604
15.174,16.297,-83.552
15.941,12.09,-80.838
16.972,7.9257,-78.162
18.261,3.8151,-75.506
19.804,-0.23003,-72.855
21.599,-4.1978,-70.194
23.643,-8.076,-67.514
25.934,-11.852,-64.804
28.47,-15.514,-62.054
31.248,-19.047,-59.257
34.267,-22.437,-56.405
37.523,-25.668,-53.489
41.015,-28.727,-50.503
44.738,-31.595,-47.439
48.688,-34.255,-44.289
52.859,-36.688,-41.045
57.245,-38.876,-37.7
61.836,-40.797,-34.247
66.623,-42.431,-30.676
71.594,-43.756,-26.981
76.734,-44.749,-23.153
82.026,-45.387,-19.185
87.45,-45.647,-15.067
92.982,-45.507,-10.794
98.595,-44.943,-6.3583
104.26,-43.934,-1.7526
109.93,-42.46,3.0283
115.59,-40.506,7.989
121.17,-38.056,13.133
126.64,-35.101,18.462
131.93,-31.637,23.976
137,-27.665,29.672
141.79,-23.196,35.547
146.24,-18.246,41.593
150.28,-12.843,47.799
153.86,-7.0209,54.153
156.93,-0.82616,60.637
159.44,5.6863,67.097
161.32,12.46,75.301
162.35,19.454,82.626
162.99,26.519,84.275
163.49,33.596,85.68
163.86,40.683,86.748
164.14,47.775,87.553
164.36,54.87,88.16
164.52,61.966,88.616
164.64,69.064,88.96
164.73,76.162,89.218
164.79,83.261,89.412
164.85,90.359,89.558
164.88,97.458,89.668
164.91,104.56,89.75
164.93,111.66,89.812
164.95,118.75,89.859
164.96,125.85,89.894
164.97,132.95,89.92
164.98,140.05,90.046
164.98,147.15,89.027
165.25,154.24,86.655
165.36,161.34,91.922
164.89,168.41,97.803
163.83,175.41,103.9
162.18,182.26,110.19
159.93,188.89,116.58
157.12,195.24,123.02
153.78,201.25,129.45
149.94,206.85,135.83
145.66,212.01,142.1
141.01,216.67,148.26
136.04,220.83,154.26
130.81,224.46,160.1
125.38,227.55,165.77
119.82,230.11,171.24
114.18,232.15,176.52
108.5,233.66,181.62
102.84,234.69,186.52
97.227,235.24,191.24
91.704,235.34,195.78
86.302,235.01,200.15
81.044,234.29,204.35
75.955,233.19,208.4
71.052,231.75,212.29
66.351,229.98,216.05
61.865,227.92,219.68
57.604,225.59,223.19
53.577,223,226.58
49.79,220.19,229.87
46.249,217.17,233.06
42.956,213.97,236.16
39.916,210.59,239.19
37.13,207.06,242.14
34.599,203.4,245.03
32.326,199.61,247.86
30.31,195.72,250.64
28.552,191.74,253.38
27.053,187.69,256.08
25.811,183.56,258.75
24.828,179.39,261.4
24.098,175.18,275.83
23.661,170.94,162.37
23.828,166.69,-95.385
24.134,162.44,-87.99
24.349,158.18,-88.135
24.51,153.93,-88.598
24.632,149.67,-88.946
24.723,145.41,-89.207
24.792,141.15,-89.404
24.844,136.89,-89.552
24.883,132.63,-89.663
24.912,128.37,-89.747
24.934,124.12,-89.81
24.95,119.86,-89.857
24.962,115.6,-89.892
24.972,111.34,-89.919
24.979,107.08,-89.939
24.984,102.82,-89.954
24.988,98.557,-89.966
24.991,94.298,-89.974
24.993,90.038,-89.981
24.995,85.779,-89.985
24.996,81.52,-89.989
24.997,77.26,-89.992
24.998,73.001,-89.994
24.998,68.741,-89.995
24.999,64.482,-89.997
24.999,60.223,-89.997
24.999,55.963,-89.998
24.999,51.704,-89.999
25,47.444,-89.999
25,43.185,-90.042
25.01,38.925,-103.88
24.911,34.67,120.72
24.562,30.424,291.81
24.455,26.166,23.519
24.647,21.911,-99.062
25.12,17.671,-83.795
25.863,13.461,-81.077
26.87,9.2926,-78.399
28.136,5.1766,-75.741
29.658,1.1253,-73.09
31.43,-2.8498,-70.431
33.452,-6.7365,-67.753
35.721,-10.522,-65.045
38.235,-14.194,-62.299
40.992,-17.739,-59.507
43.99,-21.142,-56.66
47.225,-24.389,-53.75
50.697,-27.464,-50.771
54.399,-30.349,-47.713
58.329,-33.028,-44.571
62.481,-35.482,-41.336
66.848,-37.692,-38.001
71.421,-39.638,-34.557
76.192,-41.299,-30.998
81.147,-42.652,-27.314
86.272,-43.675,-23.498
91.552,-44.345,-19.542
96.964,-44.64,-15.438
102.49,-44.536,-11.179
108.09,-44.01,-6.7579
113.76,-43.041,-2.1674
119.43,-41.61,2.5977
125.09,-39.699,7.5424
130.68,-37.293,12.67
136.16,-34.383,17.983
141.47,-30.964,23.48
146.56,-27.037,29.161
151.38,-22.612,35.02
155.86,-17.704,41.051
159.94,-12.339,47.244
163.57,-6.5523,53.584
166.68,-0.38846,60.058
169.24,6.0984,66.531
171.18,12.85,74.404
172.28,19.83,82.328
172.94,26.893,84.144
173.45,33.969,85.57
173.83,41.055,86.665
174.12,48.146,87.491
174.34,55.241,88.113
174.5,62.338,88.581
174.63,69.435,88.933
174.72,76.534,89.198
174.79,83.633,89.397
174.84,90.731,89.547
174.88,97.83,89.659
174.91,104.93,89.744
174.93,112.03,89.808
174.95,119.13,89.855
174.96,126.23,89.891
174.97,133.33,89.918
174.98,140.45,89.939
174.98,147.79,89.954
