0.18126,38.906,38.857,20.546,12.422,-3.228,3.5538,-3.5547,2.3347,-2.4183
0.59827,36.209,36.174,33.03,-1.2028,-10.954,2.9799,-2.6126,1.3665,-1.8385
1.0029,35.082,35.09,39.513,-1.1691,2.8083,-3.1617,1.0134,-0.092427,0.048482
1.4061,35.189,35.195,35.025,-2.4325,0.5129,3.6711,-1.2206,-1.0678,2.4175
1.8092,36.451,36.438,36.812,2.6713,4.2774,-4.5252,1.8275,1.4794,-6.5808
2.2124,37.616,37.639,34.81,3.0826,-3.8254,3.6516,-0.98175,-3.9052,11.258
2.6155,38.228,38.204,34.452,-3.0915,-2.8618,-3.5817,0.93072,10.424,-11.276
3.0187,38.381,38.384,39.964,3.3351,2.4091,9.2281,1.262,-14.143,0.81147
3.4219,38.243,38.252,35.873,-1.0258,-3.1285,-4.0788,-10.45,7.4833,12.627
3.825,37.958,37.942,37.628,-0.93517,-0.077179,-9.3838,3.9027,10.633,-12.952
4.2282,37.57,37.569,41.055,3.6141,2.3979,5.568,10.596,-12.669,-8.2752
4.6313,37.15,37.165,38.157,0.99152,-2.2124,8.5895,-2.2524,-10.573,13.769
5.0345,36.84,36.845,34.514,-4.7613,-4.8276,-2.5299,-9.6934,9.6218,11.614
5.4377,36.669,36.659,35.637,-5.2834,-1.0154,-8.275,-2.4905,14.581,-7.5507
5.8408,36.609,36.598,39.301,-0.87057,4.1376,-2.4489,6.689,0.6175,-15.786
6.244,36.615,36.615,40.96,2.9347,5.2812,5.6298,6.8932,-12.909,-5.7323
6.6471,36.652,36.66,39.331,2.9106,2.3848,6.9565,-0.19449,-12.538,9.1362
7.0503,36.694,36.702,36.407,0.1887,-1.1576,1.342,-6.52,-1.2351,14.656
7.4535,36.729,36.731,34.638,-2.3027,-2.5217,-5.4773,-6.8051,9.8726,8.1326
7.8566,36.752,36.748,34.949,-2.6899,-1.3236,-8.2334,-1.6959,12.722,-3.5243
8.2598,36.765,36.759,36.626,-1.077,0.98499,-5.6441,4.5983,6.8537,-11.721
8.6629,36.77,36.766,38.309,1.1796,2.6542,0.0092995,8.0782,-2.7319,-12.098
9.0661,36.77,36.77,38.979,2.6632,2.7506,5.2548,7.1994,-10.127,-5.7164
9.4693,36.769,36.772,38.399,2.6798,1.4083,7.5908,2.9754,-11.897,3.1274
9.8724,36.767,36.772,36.997,1.3976,-0.54917,6.4083,-2.2307,-8.0313,9.9192
10.276,36.765,36.77,35.49,-0.46534,-2.1796,2.734,-6.1239,-0.98928,12.009
10.679,36.764,36.766,34.499,-2.0869,-2.8538,-1.6343,-7.3994,5.9882,9.2043
11.082,36.764,36.763,34.334,-2.8876,-2.4236,-5.0147,-5.9788,10.331,3.1939
11.485,36.764,36.761,34.959,-2.679,-1.1578,-6.4073,-2.7236,10.888,-3.5356
11.888,36.764,36.76,36.084,-1.6338,0.44735,-5.6528,1.0841,7.9618,-8.7311
12.291,36.764,36.76,37.322,-0.14749,1.8766,-3.275,4.2418,2.8604,-11.021
12.695,36.764,36.761,38.317,1.3274,2.7505,-0.1636,5.9563,-2.7197,-10.111
13.098,36.764,36.763,38.84,2.4173,2.8992,2.7557,5.9656,-7.2498,-6.617
13.501,36.765,36.766,38.817,2.9061,2.361,4.7701,4.4859,-9.7267,-1.7042
13.904,36.758,36.76,38.313,2.7499,1.3256,5.5039,2.0487,-9.8064,3.3145
14.307,36.616,36.619,37.462,2.0249,0.039139,4.9048,-0.70647,-7.7726,7.2985
14.71,36.344,36.347,36.473,0.93252,-1.2117,3.2354,-3.1445,-4.2937,9.5462
15.113,36.023,36.025,35.557,-0.27681,-2.1849,0.94988,-4.7894,-0.20478,9.8193
15.517,35.685,35.687,34.864,-1.3828,-2.7391,-1.4568,-5.4041,3.6626,8.2775
15.92,35.35,35.351,34.479,-2.2226,-2.8304,-3.5433,-4.9785,6.6379,5.382
16.323,35.025,35.024,34.42,-2.7066,-2.4993,-4.9887,-3.6855,8.3001,1.76
16.726,34.709,34.708,34.645,-2.8178,-1.8464,-5.6234,-1.8163,8.5037,-1.9301
17.129,34.402,34.401,35.078,-2.6009,-1.0054,-5.4285,0.28791,7.3523,-5.1098
17.532,34.105,34.103,35.618,-2.1432,-0.11641,-4.5112,2.2972,5.1394,-7.3549
17.936,33.817,33.815,36.165,-1.5543,0.69537,-3.0678,3.9395,2.2724,-8.431
18.339,33.541,33.54,36.63,-0.94611,1.3344,-1.3401,5.0283,-0.80377,-8.2945
18.742,33.28,33.279,36.946,-0.41749,1.7427,0.42393,5.4733,-3.6728,-7.0668
19.145,33.039,33.038,37.074,-0.043105,1.9002,2.0035,5.2766,-5.996,-4.9917
19.548,32.822,32.822,37.003,0.13216,1.8219,3.2279,4.5171,-7.5412,-2.3858
19.951,32.635,32.636,36.747,0.094103,1.5495,3.9885,3.3292,-8.1943,0.41028
20.355,32.483,32.485,36.339,-0.14371,1.1428,4.2422,1.8789,-7.9531,3.0748
20.758,32.373,32.375,35.826,-0.54545,0.67016,4.0056,0.34066,-6.9112,5.337
21.161,32.308,32.31,35.259,-1.06,0.19954,3.3448,-1.122,-5.2339,6.9979
21.564,32.292,32.294,34.692,-1.6285,-0.20841,2.361,-2.3718,-3.1306,7.9401
21.967,32.328,32.329,34.173,-2.191,-0.50557,1.1758,-3.3077,-0.82829,8.1273
22.37,32.413,32.415,33.739,-2.6926,-0.6594,-0.083907,-3.8687,1.4518,7.5964
22.774,32.547,32.548,33.42,-3.0879,-0.65394,-1.2977,-4.0344,3.5138,6.4438
23.177,32.724,32.724,33.229,-3.3436,-0.48911,-2.3618,-3.8211,5.2008,4.8092
23.58,32.938,32.938,33.171,-3.4398,-0.17871,-3.1958,-3.2752,6.4026,2.8576
23.983,33.181,33.181,33.238,-3.3701,0.25252,-3.7458,-2.4654,7.0591,0.76306
24.386,33.449,33.448,33.415,-3.1401,0.77219,-3.9856,-1.4743,7.1583,-1.3065
24.789,33.733,33.732,33.681,-2.7659,1.3437,-3.9147,-0.39004,6.731,-3.2012
25.192,34.029,34.028,34.011,-2.2712,1.9292,-3.5556,0.70071,5.8438,-4.7983
25.596,34.332,34.33,34.376,-1.6854,2.4928,-2.9491,1.719,4.589,-6.0075
25.999,34.636,34.635,34.75,-1.041,3.0018,-2.1497,2.5978,3.0752,-6.7738
26.402,34.958,34.957,35.114,-0.36576,3.4342,-1.2148,3.2901,1.4231,-7.0716
26.805,35.373,35.372,35.464,0.3284,3.7865,-0.18931,3.7765,-0.23135,-6.8981
27.208,35.859,35.858,35.777,1.0085,4.0364,0.85873,4.0278,-1.7857,-6.3059
27.611,36.316,36.315,36.016,1.6275,4.1541,1.8461,4.0179,-3.1747,-5.3807
28.015,36.659,36.658,36.159,2.1485,4.1248,2.7006,3.7463,-4.3499,-4.2099
28.418,36.86,36.86,36.201,2.554,3.9551,3.3738,3.2415,-5.269,-2.8709
28.821,36.94,36.94,36.152,2.8431,3.6668,3.8412,2.5523,-5.896,-1.4337
29.224,36.941,36.942,36.029,3.0246,3.2878,4.0956,1.7349,-6.2075,0.033717
29.627,36.904,36.905,35.85,3.1104,2.8448,4.1412,0.84506,-6.197,1.4635
30.03,36.857,36.858,35.631,3.1131,2.3616,3.9901,-0.066455,-5.8766,2.7901
30.434,36.816,36.817,35.386,3.0452,1.8584,3.6605,-0.95477,-5.2752,3.9543
30.837,36.787,36.788,35.127,2.9192,1.3527,3.1757,-1.7812,-4.4347,4.9071
31.24,36.769,36.77,34.866,2.748,0.85973,2.5633,-2.5134,-3.407,5.6124
31.643,36.761,36.761,34.612,2.5445,0.39253,1.8543,-3.1252,-2.2491,6.0483
32.046,36.758,36.759,34.375,2.3218,-0.037684,1.0817,-3.5971,-1.0198,6.207
32.449,36.759,36.759,34.164,2.0928,-0.42187,0.27915,-3.9163,0.22303,6.0942
32.853,36.76,36.761,33.987,1.8693,-0.75329,-0.52054,-4.0764,1.4257,5.7277
33.256,36.762,36.763,33.847,1.6617,-1.0276,-1.2866,-4.0779,2.5401,5.1346
33.659,36.764,36.764,33.751,1.4789,-1.243,-1.9913,-3.9267,3.5255,4.3499
34.062,36.764,36.765,33.699,1.3277,-1.3999,-2.6112,-3.6346,4.3494,3.4138
34.465,36.765,36.765,33.691,1.2129,-1.5011,-3.1272,-3.2176,4.9878,2.3698
34.868,36.765,36.765,33.727,1.1372,-1.5509,-3.5253,-2.6951,5.4257,1.2622
35.271,36.765,36.765,33.803,1.101,-1.5553,-3.7965,-2.0894,5.6566,0.13488
35.675,36.765,36.765,33.916,1.1035,-1.5215,-3.9365,-1.4239,5.6822,-0.97061
36.078,36.776,36.775,34.061,1.1439,-1.4552,-3.9437,-0.72116,5.5139,-2.0145
36.481,36.53,36.53,34.17,1.1525,-1.4272,-3.8896,-0.064337,5.0969,-3.0253
36.884,36.205,36.205,34.287,1.1705,-1.3908,-3.7381,0.58758,4.4852,-3.9153
37.287,36.253,36.252,34.512,1.3025,-1.2521,-3.3821,1.3118,3.82,-4.564
37.69,36.5,36.499,34.787,1.4962,-1.0747,-2.8743,2.0256,3.0901,-5.0167
38.094,36.823,36.822,35.073,1.7139,-0.90032,-2.2593,2.6722,2.2946,-5.2982
38.497,37.156,37.155,35.349,1.9321,-0.7522,-1.5716,3.2166,1.4457,-5.4182
38.9,37.463,37.462,35.601,2.1361,-0.64208,-0.83933,3.6386,0.56469,-5.3798
39.303,37.734,37.733,35.824,2.317,-0.57469,-0.086377,3.9273,-0.32159,-5.1849
39.706,37.967,37.967,36.015,2.4693,-0.55089,0.66558,4.0789,-1.1834,-4.8381
40.109,38.168,38.167,36.173,2.5887,-0.56961,1.3963,4.0936,-1.9909,-4.3487
40.513,38.341,38.341,36.298,2.6721,-0.62874,2.0866,3.9756,-2.7159,-3.7314
40.916,38.492,38.492,36.39,2.7168,-0.7255,2.7186,3.7319,-3.3333,-3.0057
41.319,38.624,38.624,36.449,2.7211,-0.85648,3.2759,3.3723,-3.8223,-2.1959
41.722,38.739,38.739,36.477,2.684,-1.0176,3.7446,2.9096,-4.1665,-1.3294
42.125,38.839,38.839,36.476,2.6054,-1.2039,4.1131,2.359,-4.3553,-0.43573
42.528,38.924,38.924,36.448,2.4864,-1.4099,4.373,1.7376,-4.3833,0.4546
42.932,38.994,38.994,36.397,2.3294,-1.6295,4.5192,1.0645,-4.2509,1.3113
43.335,39.05,39.051,36.327,2.1378,-1.8558,4.55,0.35989,-3.9639,2.1054
43.738,39.092,39.092,36.242,1.9162,-2.0819,4.4672,-0.35537,-3.5335,2.8103
44.141,39.119,39.12,36.149,1.67,-2.3005,4.2759,-1.0606,-2.9754,3.4027
44.544,39.132,39.133,36.053,1.4056,-2.5048,3.9845,-1.7356,-2.3099,3.8634
44.947,39.131,39.131,35.958,1.1296,-2.6881,3.6041,-2.3615,-1.5604,4.1778
45.35,39.115,39.115,35.871,0.84941,-2.8443,3.1482,-2.9215,-0.75332,4.3363
45.754,39.085,39.085,35.797,0.57214,-2.9682,2.6322,-3.4007,0.083528,4.335
46.157,39.039,39.04,35.74,0.30492,-3.0556,2.0729,-3.7872,0.92136,4.1751
46.56,38.979,38.979,35.705,0.054477,-3.1034,1.4881,-4.0722,1.7316,3.8635
46.963,38.904,38.904,35.695,-0.17309,-3.1097,0.89555,-4.25,2.4869,3.412
47.366,38.814,38.814,35.712,-0.37251,-3.0738,0.31277,-4.3185,3.1618,2.8372
47.769,38.708,38.708,35.757,-0.53951,-2.9967,-0.24363,-4.2787,3.734,2.1594
48.173,38.586,38.586,35.831,-0.67094,-2.8804,-0.75849,-4.1351,4.1845,1.4026
48.576,38.449,38.448,35.933,-0.76494,-2.7281,-1.2185,-3.8952,4.4987,0.59315
48.979,38.295,38.294,36.061,-0.82091,-2.5443,-1.6128,-3.5692,4.6666,-0.24116
49.382,38.124,38.124,36.213,-0.83962,-2.3344,-1.9328,-3.1697,4.6832,-1.0718
49.785,37.938,37.937,36.385,-0.82312,-2.1046,-2.1729,-2.7111,4.5483,-1.8706
50.188,37.735,37.735,36.572,-0.77442,-1.8615,-2.3302,-2.2089,4.2673,-2.6105
50.592,37.506,37.505,36.767,-0.70098,-1.6151,-2.4078,-1.6828,3.8469,-3.2698
50.995,37.212,37.212,36.955,-0.61704,-1.3806,-2.4181,-1.1567,3.2913,-3.8331
51.398,36.934,36.934,37.152,-0.50913,-1.145,-2.3472,-0.6269,2.6385,-4.2616
51.801,36.747,36.747,37.366,-0.3662,-0.89987,-2.1837,-0.095098,1.9304,-4.5289
52.204,36.656,36.655,37.592,-0.19501,-0.65473,-1.9358,0.41899,1.1941,-4.6335
52.607,36.634,36.633,37.815,-0.0094938,-0.42451,-1.621,0.89128,0.44929,-4.5851
53.011,36.652,36.652,38.022,0.17565,-0.22283,-1.2599,1.3007,-0.28638,-4.3968
53.414,36.685,36.685,38.204,0.34798,-0.059306,-0.87241,1.6321,-0.99514,-4.0823
53.817,36.717,36.717,38.354,0.49814,0.060821,-0.47666,1.8766,-1.6585,-3.6557
54.22,36.742,36.742,38.468,0.61965,0.13595,-0.088459,2.0307,-2.2578,-3.1316
54.623,36.757,36.757,38.546,0.70826,0.16713,0.27848,2.0953,-2.7754,-2.5266
55.026,36.765,36.765,38.588,0.76139,0.15715,0.61232,2.0747,-3.1959,-1.8589
55.429,36.768,36.768,38.594,0.77769,0.10992,0.90295,1.9755,-3.5066,-1.1489
55.833,36.768,36.768,38.568,0.75683,0.030149,1.1421,1.8066,-3.6989,-0.4183
56.236,36.767,36.767,38.512,0.69942,-0.076879,1.3235,1.5781,-3.768,0.31009
56.639,36.766,36.766,38.43,0.607,-0.20541,1.4427,1.3018,-3.7134,1.0136
57.042,36.764,36.765,38.324,0.48204,-0.34933,1.4978,0.9903,-3.5389,1.6704
57.445,36.764,36.764,38.199,0.32791,-0.50225,1.4889,0.65672,-3.2521,2.2604
57.848,36.763,36.764,38.061,0.14879,-0.65769,1.4185,0.31448,-2.8643,2.7655
58.252,36.763,36.764,37.913,-0.050393,-0.80919,1.2911,-0.023272,-2.3899,3.171
58.655,36.763,36.764,37.761,-0.26415,-0.95055,1.1132,-0.344,-1.8461,3.4654
59.058,36.763,36.764,37.609,-0.48659,-1.076,0.8931,-0.63622,-1.2519,3.641
59.461,36.763,36.764,37.463,-0.71158,-1.1802,0.64017,-0.88984,-0.62786,3.6942
59.864,36.763,36.764,37.327,-0.93299,-1.2589,0.36495,-1.0965,0.0048467,3.6254
60.267,36.767,36.768,37.206,-1.1439,-1.3074,0.079439,-1.249,0.62604,3.4398
60.671,36.731,36.732,37.093,-1.3495,-1.3337,-0.21589,-1.3532,1.2044,3.1354
61.074,36.525,36.525,36.96,-1.5766,-1.3646,-0.54379,-1.4337,1.6857,2.6995
61.477,36.206,36.206,36.827,-1.8057,-1.3794,-0.88026,-1.4675,2.0653,2.1732
61.88,35.855,35.855,36.715,-2.0137,-1.358,-1.196,-1.4345,2.3502,1.598
62.283,35.504,35.504,36.631,-2.1911,-1.2955,-1.4747,-1.3322,2.5395,1.0004
62.686,35.165,35.165,36.574,-2.3345,-1.1935,-1.7064,-1.1659,2.6315,0.40123
63.09,34.84,34.84,36.544,-2.4439,-1.057,-1.8854,-0.94514,2.625,-0.18159
63.493,34.527,34.527,36.535,-2.5211,-0.89229,-2.0087,-0.68154,2.5212,-0.73143
63.896,34.224,34.224,36.544,-2.5686,-0.70593,-2.0756,-0.38726,2.3243,-1.2326
64.299,33.93,33.93,36.565,-2.5896,-0.50415,-2.0869,-0.074419,2.0417,-1.6707
64.702,33.648,33.648,36.596,-2.5871,-0.29273,-2.045,0.24532,1.6839,-2.0326
65.105,33.378,33.378,36.631,-2.5644,-0.076973,-1.9533,0.56098,1.2642,-2.3078
65.508,33.126,33.126,36.669,-2.5248,0.13838,-1.8165,0.86248,0.79816,-2.4883
65.912,32.896,32.896,36.705,-2.4717,0.34912,-1.6406,1.1408,0.30307,-2.5692
66.315,32.694,32.694,36.737,-2.4083,0.55164,-1.4319,1.388,-0.20281,-2.5491
66.718,32.527,32.527,36.763,-2.3377,0.74295,-1.1977,1.5978,-0.70084,-2.43
67.121,32.399,32.399,36.78,-2.2625,0.92074,-0.9455,1.7651,-1.1727,-2.2173
67.524,32.318,32.318,36.787,-2.1854,1.0833,-0.68291,1.8866,-1.601,-1.9198
67.927,32.287,32.287,36.783,-2.1084,1.2296,-0.41756,1.9602,-1.9703,-1.5492
68.331,32.31,32.31,36.768,-2.0334,1.3589,-0.15693,1.9852,-2.2673,-1.12
68.734,32.387,32.388,36.74,-1.9623,1.4708,0.091687,1.9625,-2.4821,-0.64908
69.137,32.517,32.517,36.7,-1.8965,1.5654,0.32135,1.8936,-2.6082,-0.15467
69.54,32.693,32.693,36.647,-1.8374,1.6429,0.52568,1.7817,-2.6426,0.34412
69.943,32.909,32.909,36.582,-1.7859,1.7041,0.6992,1.6308,-2.5862,0.82838
70.346,33.157,33.157,36.505,-1.7423,1.7504,0.83762,1.4464,-2.443,1.2802
70.75,33.429,33.43,36.418,-1.7061,1.7837,0.93821,1.2351,-2.2199,1.6837
71.153,33.72,33.72,36.322,-1.6759,1.8068,0.9999,1.0044,-1.9265,2.0251
71.556,34.021,34.022,36.222,-1.6496,1.8226,1.0233,0.76252,-1.574,2.2935
71.959,34.33,34.33,36.12,-1.6243,1.8347,1.0105,0.51785,-1.1755,2.4812
72.362,34.64,34.641,36.018,-1.5973,1.8459,0.96486,0.27819,-0.74532,2.5828
72.765,34.968,34.968,35.926,-1.5601,1.8643,0.89623,0.056548,-0.29431,2.6014
73.169,35.371,35.371,35.862,-1.4944,1.9058,0.82695,-0.12653,0.17601,2.5512
73.572,35.83,35.83,35.823,-1.4016,1.9658,0.76039,-0.27405,0.64833,2.4289
73.975,36.268,36.268,35.792,-1.2979,2.026,0.68372,-0.40287,1.0903,2.2222
74.378,36.609,36.609,35.754,-1.199,2.0714,0.58375,-0.526,1.4702,1.9275
74.781,36.82,36.82,35.705,-1.1104,2.0986,0.4572,-0.64444,1.7684,1.5566
75.184,36.914,36.915,35.65,-1.027,2.1142,0.31154,-0.7494,1.9796,1.1338
75.587,36.929,36.929,35.601,-0.93933,2.1285,0.15947,-0.82966,2.108,0.68645
75.991,36.901,36.901,35.565,-0.83862,2.1494,0.013505,-0.87706,2.1615,0.23893
76.394,36.859,36.859,35.547,-0.7194,2.181,-0.11689,-0.88851,2.1488,-0.19016
76.797,36.82,36.82,35.548,-0.57972,2.2235,-0.22593,-0.86545,2.0774,-0.58782
77.2,36.791,36.79,35.568,-0.42041,2.2743,-0.31104,-0.81243,1.9542,-0.94537
77.603,36.772,36.772,35.602,-0.24404,2.3297,-0.37195,-0.73561,1.7856,-1.2572
78.006,36.763,36.762,35.649,-0.05408,2.3852,-0.4099,-0.64162,1.5779,-1.5197
78.41,36.759,36.759,35.703,0.14574,2.4368,-0.42701,-0.53678,1.3375,-1.7307
78.813,36.759,36.759,35.762,0.35175,2.4809,-0.42585,-0.42679,1.0714,-1.889
79.216,36.761,36.76,35.822,0.56054,2.5148,-0.40922,-0.31651,0.78664,-1.9944
79.619,36.762,36.762,35.883,0.769,2.536,-0.37999,-0.20997,0.49045,-2.0476
80.022,36.764,36.763,35.94,0.97432,2.543,-0.34106,-0.11044,0.19,-2.0502
80.425,36.764,36.764,35.993,1.174,2.5344,-0.29529,-0.020463,-0.10783,-2.0048
80.829,36.765,36.765,36.041,1.3657,2.5096,-0.24546,0.058059,-0.39656,-1.9145
81.232,36.765,36.765,36.082,1.5475,2.4681,-0.19423,0.12381,-0.67029,-1.7836
81.635,36.765,36.765,36.115,1.7176,2.4099,-0.14409,0.17602,-0.92381,-1.6166
82.038,36.766,36.766,36.14,1.8749,2.3353,-0.097009,0.2147,-1.1523,-1.4184
82.441,36.771,36.771,36.158,2.0188,2.2456,-0.054215,0.24041,-1.3513,-1.1943
82.844,36.504,36.504,36.1,2.0802,2.0756,-0.087147,0.18977,-1.5894,-1.0117
83.248,36.21,36.21,36.033,2.1213,1.894,-0.13731,0.13569,-1.8072,-0.79886
83.651,36.277,36.277,36.048,2.2361,1.7894,-0.10727,0.16379,-1.8995,-0.47936
84.054,36.534,36.534,36.095,2.3793,1.7108,-0.038857,0.21952,-1.9019,-0.11911
84.457,36.862,36.862,36.145,2.5209,1.6269,0.038144,0.26969,-1.8424,0.23886
84.86,37.195,37.195,36.183,2.6445,1.523,0.10683,0.29903,-1.7387,0.57061
85.263,37.502,37.502,36.201,2.7434,1.3945,0.15892,0.30327,-1.6021,0.8642
85.666,37.77,37.77,36.202,2.8162,1.2428,0.1917,0.2844,-1.4393,1.1148
86.07,38.002,38.002,36.187,2.8643,1.0721,0.20563,0.24722,-1.2546,1.3211
86.473,38.2,38.201,36.159,2.8906,0.88729,0.20263,0.19736,-1.0518,1.4836
86.876,38.372,38.372,36.123,2.8981,0.69302,0.18522,0.14012,-0.83427,1.603
87.279,38.521,38.521,36.082,2.8893,0.49343,0.156,0.080077,-0.60589,1.6805
87.682,38.651,38.651,36.038,2.8669,0.29195,0.11748,0.02101,-0.37083,1.7172
88.085,38.764,38.764,35.993,2.8328,0.091398,0.072064,-0.034073,-0.13355,1.7145
88.489,38.862,38.862,35.95,2.7889,-0.10592,0.022051,-0.082821,0.10135,1.6741
88.892,38.944,38.944,35.909,2.7369,-0.2981,-0.030362,-0.12345,0.32926,1.5982
89.295,39.012,39.012,35.871,2.6782,-0.4836,-0.083063,-0.15465,0.5457,1.4893
89.698,39.065,39.065,35.838,2.6141,-0.66116,-0.13404,-0.17558,0.74647,1.3508
90.101,39.103,39.103,35.811,2.5459,-0.82977,-0.1814,-0.18579,0.9277,1.1861
90.504,39.126,39.127,35.789,2.4747,-0.98869,-0.22341,-0.18522,1.086,0.99934
90.908,39.135,39.135,35.774,2.4012,-1.1374,-0.25853,-0.17416,1.2184,0.7949
91.311,39.129,39.129,35.765,2.3264,-1.2756,-0.28547,-0.15326,1.3227,0.57739
91.714,39.107,39.107,35.763,2.2507,-1.4033,-0.30317,-0.12346,1.3969,0.35158
92.117,39.07,39.07,35.766,2.1747,-1.5205,-0.3109,-0.085969,1.4401,0.12234
92.52,39.018,39.018,35.776,2.0985,-1.6275,-0.30814,-0.042168,1.4518,-0.10545
92.923,38.942,38.942,35.789,2.0199,-1.7272,-0.29718,0.0040723,1.4297,-0.32929
93.327,38.834,38.834,35.804,1.9374,-1.821,-0.2798,0.050171,1.3727,-0.54529
93.73,38.712,38.712,35.823,1.8548,-1.9054,-0.25239,0.098721,1.2864,-0.74466
94.133,38.581,38.581,35.848,1.7733,-1.98,-0.2142,0.14903,1.1744,-0.92244
94.536,38.441,38.441,35.877,1.692,-2.0461,-0.16649,0.19866,1.0392,-1.076
94.939,38.289,38.289,35.908,1.6095,-2.1055,-0.11121,0.24494,0.8832,-1.2033
95.342,38.122,38.122,35.939,1.5245,-2.1596,-0.050504,0.28551,0.70914,-1.3029
95.745,37.94,37.94,35.97,1.436,-2.2098,0.013441,0.31844,0.52024,-1.3735
96.149,37.742,37.741,35.999,1.343,-2.2567,0.078822,0.3426,0.32045,-1.4139
96.552,37.512,37.512,36.022,1.2409,-2.305,0.13961,0.3531,0.10971,-1.4274
96.955,37.201,37.201,36.025,1.1165,-2.3664,0.18089,0.33874,-0.12126,-1.4239
97.358,36.908,36.908,36.033,0.99379,-2.416,0.22522,0.3249,-0.34377,-1.3777
97.761,36.72,36.72,36.065,0.89286,-2.4357,0.29268,0.32868,-0.53035,-1.274
98.164,36.635,36.635,36.117,0.81197,-2.4301,0.38168,0.34423,-0.67548,-1.1227
98.568,36.623,36.623,36.18,0.7423,-2.41,0.48299,0.35975,-0.78258,-0.9403
98.971,36.648,36.648,36.244,0.67493,-2.3851,0.58656,0.36502,-0.85725,-0.74194
99.374,36.685,36.685,36.302,0.60343,-2.3619,0.68438,0.35374,-0.90437,-0.53905
99.777,36.72,36.72,36.351,0.52432,-2.3434,0.77121,0.32358,-0.92713,-0.33913
100.18,36.745,36.745,36.391,0.43657,-2.3298,0.84421,0.27514,-0.92719,-0.14681
100.58,36.76,36.76,36.423,0.34066,-2.32,0.90225,0.21073,-0.9053,0.034986
100.99,36.767,36.767,36.446,0.23787,-2.3121,0.94516,0.13344,-0.86195,0.20413
101.39,36.77,36.77,36.464,0.12971,-2.3042,0.97327,0.046472,-0.79779,0.35871
101.79,36.769,36.769,36.478,0.017691,-2.2946,0.98716,-0.047132,-0.71389,0.49684
102.2,36.768,36.768,36.489,-0.096816,-2.2818,0.98749,-0.14461,-0.61186,0.61666
102.6,36.766,36.766,36.497,-0.21256,-2.2649,0.97502,-0.24346,-0.49381,0.71639
103,36.765,36.765,36.505,-0.32837,-2.2427,0.95063,-0.34145,-0.36224,0.7945
103.41,36.764,36.764,36.512,-0.44316,-2.2145,0.91533,-0.43651,-0.22,0.8498
103.81,36.764,36.764,36.52,-0.55582,-2.1797,0.87027,-0.52677,-0.070168,0.88151
104.21,36.764,36.764,36.528,-0.66529,-2.1378,0.81678,-0.61054,0.084063,0.88935
104.62,36.764,36.764,36.539,-0.77051,-2.0882,0.75628,-0.68633,0.23943,0.87349
105.02,36.764,36.764,36.551,-0.87047,-2.0306,0.69033,-0.75286,0.39269,0.8346
105.42,36.764,36.764,36.567,-0.96418,-1.9649,0.62052,-0.80908,0.54068,0.77382
105.82,36.764,36.764,36.586,-1.0507,-1.8909,0.54849,-0.85419,0.68039,0.69272
106.23,36.768,36.768,36.609,-1.1284,-1.8078,0.47679,-0.88682,0.80997,0.59409
106.63,36.73,36.73,36.627,-1.2078,-1.7269,0.39553,-0.91771,0.91528,0.46933
107.03,36.528,36.528,36.609,-1.3181,-1.6754,0.275,-0.97225,0.96163,0.2973
107.44,36.228,36.228,36.576,-1.4419,-1.6332,0.1323,-1.028,0.96183,0.10586
107.84,35.899,35.899,36.544,-1.5622,-1.5833,-0.01465,-1.0668,0.93176,-0.082028
108.24,35.566,35.566,36.518,-1.6727,-1.5204,-0.15796,-1.083,0.87856,-0.25639
108.65,35.242,35.242,36.501,-1.7714,-1.4437,-0.29378,-1.0759,0.80619,-0.41246
109.05,34.928,34.928,36.49,-1.8585,-1.3549,-0.42056,-1.0473,0.71692,-0.54821
109.45,34.625,34.625,36.485,-1.9351,-1.2563,-0.53787,-1.0001,0.61239,-0.66277
109.86,34.33,34.33,36.484,-2.0026,-1.1502,-0.64562,-0.93702,0.49434,-0.75556
110.26,34.043,34.043,36.484,-2.0621,-1.0387,-0.74368,-0.86063,0.3649,-0.82599
110.66,33.766,33.766,36.486,-2.1144,-0.92301,-0.83179,-0.77306,0.22672,-0.87346
111.07,33.501,33.501,36.487,-2.1599,-0.80437,-0.90947,-0.67608,0.082953,-0.89744
111.47,33.251,33.251,36.489,-2.199,-0.68346,-0.97616,-0.57122,-0.062892,-0.89766
111.87,33.021,33.021,36.491,-2.2315,-0.56077,-1.0312,-0.45987,-0.20706,-0.87422
112.28,32.815,32.815,36.492,-2.2575,-0.43665,-1.074,-0.34333,-0.3457,-0.8277
112.68,32.638,32.638,36.493,-2.2767,-0.31134,-1.1038,-0.22284,-0.47499,-0.75917
113.08,32.494,32.494,36.495,-2.289,-0.18504,-1.1202,-0.09969,-0.59126,-0.67032
113.48,32.388,32.388,36.496,-2.294,-0.057978,-1.1227,0.024812,-0.69118,-0.56336
113.89,32.324,32.324,36.499,-2.2916,0.069571,-1.1113,0.14925,-0.77188,-0.44111
114.29,32.302,32.302,36.501,-2.2819,0.1972,-1.0858,0.27209,-0.83111,-0.3069
114.69,32.325,32.325,36.504,-2.2649,0.32434,-1.0469,0.39167,-0.86737,-0.16455
115.1,32.39,32.39,36.507,-2.2411,0.45029,-0.99516,0.50621,-0.87999,-0.018233
115.5,32.497,32.497,36.509,-2.211,0.57421,-0.93184,0.61392,-0.86912,0.12772
115.9,32.64,32.64,36.51,-2.1753,0.69525,-0.85827,0.71304,-0.83572,0.26898
116.31,32.817,32.817,36.509,-2.1347,0.81259,-0.776,0.80205,-0.78141,0.40146
116.71,33.022,33.022,36.507,-2.0898,0.92559,-0.6866,0.87965,-0.70832,0.52149
117.11,33.25,33.25,36.502,-2.0411,1.0338,-0.59161,0.94492,-0.619,0.62596
117.52,33.497,33.497,36.495,-1.9889,1.137,-0.49243,0.9973,-0.51621,0.71239
117.92,33.759,33.759,36.486,-1.9332,1.2351,-0.3903,1.0366,-0.4029,0.77901
118.32,34.032,34.032,36.475,-1.8741,1.3284,-0.28629,1.0629,-0.28205,0.82467
118.73,34.313,34.313,36.463,-1.8111,1.4171,-0.18132,1.0765,-0.15665,0.84888
119.13,34.595,34.595,36.449,-1.7452,1.5006,-0.077284,1.077,-0.03079,0.85066
119.53,34.925,34.925,36.446,-1.6637,1.5912,0.03746,1.0768,0.1051,0.84252
119.94,35.488,35.488,36.499,-1.5198,1.732,0.21048,1.1173,0.29816,0.86387
120.34,36.147,36.147,36.578,-1.3496,1.8817,0.4064,1.1549,0.5124,0.8687
120.74,36.625,36.625,36.583,-1.2098,1.9855,0.56623,1.1353,0.68478,0.80384
121.14,35.895,35.895,35.55,-1.1159,2.0327,0.67019,1.0511,0.79024,0.66593
121.55,35.756,35.757,35.257,-1.0575,2.0391,0.72544,0.92152,0.83187,0.47925
121.95,35.773,35.773,35.215,-1.0159,2.0263,0.74871,0.77132,0.82447,0.27345
122.35,35.71,35.71,35.146,-0.97493,2.0115,0.75544,0.61968,0.78349,0.071843
122.76,35.638,35.638,35.087,-0.92472,2.004,0.75593,0.47757,0.72068,-0.1113
123.16,35.579,35.579,35.041,-0.86085,2.0072,0.7554,0.34926,0.64361,-0.26916
123.56,35.538,35.538,35.009,-0.78267,2.0204,0.75546,0.2348,0.55669,-0.39972
123.97,35.515,35.515,34.989,-0.69162,2.0409,0.7556,0.13225,0.46246,-0.50351
124.37,35.505,35.505,34.978,-0.58999,2.0655,0.75439,0.039052,0.36261,-0.58205
124.77,35.503,35.503,34.975,-0.48014,2.0911,0.75022,-0.047058,0.25861,-0.63705
125.18,35.505,35.505,34.975,-0.36422,2.1152,0.74163,-0.12779,0.15208,-0.67007
125.58,35.508,35.508,34.979,-0.24399,2.1359,0.72754,-0.20423,0.044875,-0.68246
125.98,35.511,35.511,34.985,-0.12091,2.1518,0.70712,-0.27695,-0.060949,-0.67551
126.39,35.512,35.512,34.992,0.0038051,2.1618,0.67986,-0.34617,-0.16325,-0.65053
126.79,35.514,35.514,34.999,0.12908,2.1652,0.64541,-0.41183,-0.25993,-0.60901
127.19,35.514,35.514,35.006,0.25394,2.1613,0.60355,-0.47375,-0.34899,-0.55262
127.6,35.514,35.514,35.011,0.37746,2.1497,0.55421,-0.53162,-0.42867,-0.48327
128,35.514,35.514,35.015,0.49874,2.13,0.49739,-0.58506,-0.49745,-0.40308
128.4,35.514,35.514,35.018,0.61697,2.102,0.43322,-0.63366,-0.55412,-0.31432
128.8,35.514,35.514,35.018,0.7314,2.0656,0.36194,-0.67691,-0.59777,-0.21933
129.21,35.516,35.516,35.017,0.84151,2.0214,0.28472,-0.71371,-0.62719,-0.12038
129.61,35.491,35.491,35.006,0.93928,1.9628,0.19522,-0.75036,-0.64946,-0.027049
130.01,35.366,35.366,34.97,1.0065,1.8734,0.074634,-0.80199,-0.68474,0.044439
130.42,35.27,35.27,34.94,1.0755,1.7874,-0.044207,-0.83342,-0.70141,0.12768
130.82,35.349,35.349,34.951,1.1817,1.7375,-0.12284,-0.81317,-0.66051,0.25005
131.22,35.577,35.577,34.993,1.3169,1.7118,-0.16615,-0.7556,-0.56683,0.39217
131.63,35.922,35.922,35.094,1.4606,1.6884,-0.19252,-0.68459,-0.44057,0.52603
132.03,35.453,35.453,34.369,1.5985,1.653,-0.21542,-0.6152,-0.29871,0.63377
132.43,35.182,35.182,33.853,1.7237,1.6002,-0.24159,-0.55357,-0.15239,0.70764
132.84,35.279,35.279,33.726,1.8342,1.5295,-0.27294,-0.50021,-0.0082811,0.7465
133.24,34.462,34.462,32.71,1.9306,1.4435,-0.30868,-0.45299,0.12968,0.75263
133.64,34.596,34.596,32.669,2.0147,1.3453,-0.34686,-0.4091,0.25893,0.7297
134.05,34.762,34.762,32.682,2.0883,1.2378,-0.38525,-0.36592,0.37752,0.68172
134.45,34.898,34.898,32.683,2.153,1.1239,-0.42177,-0.32152,0.48374,0.6126
134.85,35.014,35.014,32.682,2.2102,1.0053,-0.45464,-0.27461,0.57603,0.52605
135.26,35.113,35.113,32.682,2.2607,0.88363,-0.48244,-0.22458,0.65295,0.42554
135.66,35.237,35.237,32.723,2.3052,0.75999,-0.50407,-0.17127,0.71325,0.31443
136.06,34.446,34.446,31.865,2.344,0.63513,-0.51872,-0.11495,0.75593,0.19595
136.46,34.02,34.02,31.388,2.3772,0.50962,-0.52585,-0.056136,0.7803,0.073273
136.87,34.104,34.104,31.438,2.4051,0.38381,-0.52513,0.0044048,0.78599,-0.050512
137.27,34.127,34.127,31.443,2.4275,0.25797,-0.51649,0.065774,0.77304,-0.17242
137.67,34.135,34.135,31.449,2.4442,0.13223,-0.50003,0.12696,0.74179,-0.2896
138.08,34.128,34.128,31.456,2.4551,0.0066661,-0.47609,0.18689,0.693,-0.39939
138.48,34.106,34.106,31.463,2.4597,-0.11874,-0.44518,0.24444,0.62773,-0.49935
138.88,34.068,34.068,31.471,2.4578,-0.24403,-0.40802,0.2985,0.54734,-0.5873
139.29,34.016,34.016,31.479,2.4489,-0.36929,-0.36551,0.34799,0.45349,-0.66137
139.69,33.947,33.947,31.486,2.4323,-0.49464,-0.31869,0.39188,0.34805,-0.72003
140.09,33.863,33.863,31.491,2.4077,-0.62018,-0.26877,0.42922,0.23308,-0.76209
140.5,33.724,33.724,31.456,2.3745,-0.74603,-0.21705,0.45919,0.11078,-0.78673
140.9,33.978,33.978,31.827,2.3319,-0.87228,-0.16495,0.4811,-0.016543,-0.79352
141.3,34.786,34.786,32.767,2.2796,-0.99896,-0.11394,0.49441,-0.14656,-0.78239
141.71,34.616,34.616,32.741,2.2168,-1.1261,-0.065497,0.49879,-0.27692,-0.75363
142.11,34.446,34.446,32.729,2.143,-1.2536,-0.021126,0.49407,-0.40532,-0.70789
142.51,34.261,34.261,32.715,2.0579,-1.3813,0.017724,0.48031,-0.52954,-0.64611
142.92,34.06,34.06,32.697,1.9611,-1.5088,0.049903,0.45799,-0.64726,-0.56935
143.32,33.83,33.831,32.666,1.8504,-1.6377,0.072263,0.42568,-0.75843,-0.48102
143.72,33.53,33.53,32.624,1.7119,-1.7804,0.069433,0.37167,-0.87593,-0.39476
144.12,34.206,34.206,33.565,1.5634,-1.9175,0.0581,0.31647,-0.98086,-0.29215
144.53,34.284,34.284,33.833,1.4304,-2.0247,0.06415,0.28387,-1.0441,-0.15344
144.93,34.144,34.144,33.797,1.3153,-2.1024,0.090708,0.27229,-1.0594,0.014506
145.33,34.124,34.124,33.815,1.2107,-2.16,0.13089,0.27122,-1.0319,0.19561
145.74,34.122,34.122,33.808,1.1082,-2.2072,0.17587,0.27029,-0.97027,0.37425
146.14,33.148,33.148,32.81,1.0013,-2.2507,0.21849,0.26261,-0.88254,0.53877
146.54,32.932,32.932,32.566,0.88654,-2.2937,0.25431,0.2452,-0.7752,0.68197
146.95,32.989,32.989,32.597,0.7632,-2.3366,0.2814,0.21807,-0.65286,0.80022
147.35,33.007,33.007,32.594,0.63211,-2.378,0.29968,0.18305,-0.51886,0.89221
147.75,33.016,33.016,32.586,0.49506,-2.4159,0.31004,0.14267,-0.37582,0.95789
148.16,33.019,33.019,32.577,0.35409,-2.4484,0.31386,0.099528,-0.22617,0.99781
148.56,33.019,33.019,32.567,0.2112,-2.4734,0.31261,0.055896,-0.072397,1.0127
148.96,33.017,33.017,32.559,0.068157,-2.4898,0.30768,0.013594,0.082865,1.0035
149.37,33.016,33.016,32.552,-0.073463,-2.4964,0.30037,-0.025989,0.23684,0.97115
149.77,33.014,33.014,32.548,-0.21229,-2.4925,0.29183,-0.061838,0.3867,0.91698
150.17,33.013,33.013,32.548,-0.34712,-2.4778,0.28315,-0.093244,0.52964,0.84249
150.58,33.013,33.013,32.551,-0.47684,-2.4518,0.27534,-0.11975,0.66302,0.74952
150.98,33.013,33.013,32.56,-0.60046,-2.4146,0.26934,-0.1411,0.78439,0.6402
151.38,33.013,33.013,32.572,-0.71709,-2.3662,0.26599,-0.15726,0.89156,0.51695
151.78,33.013,33.013,32.59,-0.82591,-2.3068,0.26605,-0.16835,0.98269,0.38243
152.19,33.013,33.013,32.613,-0.92624,-2.2368,0.27017,-0.17467,1.0563,0.23946
152.59,33.013,33.013,32.64,-1.0175,-2.1565,0.27886,-0.17667,1.1112,0.091018
152.99,33.016,33.016,32.674,-1.0984,-2.0659,0.29324,-0.17421,1.1475,-0.059182
153.4,32.991,32.991,32.705,-1.1765,-1.9733,0.30574,-0.17563,1.1571,-0.2157
153.8,32.811,32.811,32.704,-1.2829,-1.9084,0.28378,-0.20934,1.1062,-0.40183
154.2,32.523,32.523,32.684,-1.4049,-1.8558,0.2385,-0.2578,1.0056,-0.59397
154.61,32.143,32.143,32.61,-1.5258,-1.7985,0.18615,-0.30282,0.87293,-0.769
155.01,32.517,32.517,33.304,-1.639,-1.7305,0.1338,-0.33776,0.71838,-0.91629
155.41,32.806,32.806,33.915,-1.7419,-1.6504,0.084611,-0.3609,0.54878,-1.0309
155.82,32.587,32.587,34.013,-1.8344,-1.5592,0.039203,-0.37322,0.36896,-1.1115
156.22,33.318,33.318,35.056,-1.9178,-1.4593,-0.0030491,-0.3768,0.18276,-1.1583
156.62,33.096,33.096,35.139,-1.9935,-1.353,-0.043177,-0.3738,-0.006287,-1.1725
157.03,32.788,32.788,35.128,-2.0627,-1.2421,-0.082146,-0.36596,-0.19458,-1.1554
157.43,32.479,32.479,35.105,-2.1263,-1.1283,-0.12063,-0.35449,-0.3783,-1.1087
157.83,32.398,32.398,35.295,-2.185,-1.0123,-0.15897,-0.34012,-0.55344,-1.0339
158.24,33.177,33.177,36.329,-2.239,-0.89489,-0.19716,-0.32314,-0.7159,-0.93327
158.64,32.997,32.997,36.382,-2.288,-0.77616,-0.23487,-0.30354,-0.86163,-0.809
159.04,32.777,32.777,36.367,-2.3318,-0.65613,-0.27154,-0.28114,-0.98672,-0.66387
159.44,32.597,32.597,36.361,-2.3698,-0.53461,-0.30635,-0.25558,-1.0875,-0.50104
159.85,32.455,32.455,36.355,-2.4013,-0.41129,-0.33831,-0.22649,-1.1608,-0.32408
160.25,32.354,32.354,36.35,-2.4255,-0.28588,-0.36633,-0.19355,-1.204,-0.13699
160.65,32.3,32.3,36.346,-2.4416,-0.15812,-0.38933,-0.15659,-1.2149,0.055829
161.06,32.296,32.296,36.344,-2.4489,-0.027953,-0.40635,-0.11569,-1.1927,0.24957
161.46,32.373,32.373,36.374,-2.4471,0.10438,-0.41673,-0.071282,-1.1373,0.43907
161.86,32.2,32.2,36.106,-2.4361,0.23834,-0.4202,-0.024155,-1.0498,0.61898
162.27,31.341,31.341,35.107,-2.4163,0.37305,-0.41688,0.024569,-0.93266,0.78387
162.67,31.512,31.512,35.097,-2.3882,0.50746,-0.40726,0.073591,-0.78927,0.92861
163.07,31.739,31.739,35.108,-2.3525,0.64048,-0.39204,0.1216,-0.62395,1.0486
163.48,32.023,32.023,35.146,-2.3099,0.77115,-0.37196,0.16747,-0.44159,1.1401
163.88,31.982,31.982,34.838,-2.261,0.89876,-0.34766,0.21036,-0.24741,1.2004
164.28,31.292,31.292,33.864,-2.2058,1.0229,-0.31957,0.24974,-0.046685,1.228
164.69,31.619,31.619,33.896,-2.1445,1.1434,-0.28791,0.2854,0.15538,1.2222
165.09,31.005,31.005,32.981,-2.077,1.2603,-0.25269,0.31733,0.35381,1.1838
165.49,30.912,30.912,32.586,-2.0032,1.3733,-0.21431,0.34521,0.54339,1.1138
165.9,31.288,31.288,32.638,-1.9146,1.4908,-0.16407,0.37726,0.72841,1.0223
166.3,31.728,31.728,32.679,-1.7927,1.629,-0.082959,0.42864,0.9246,0.92621
166.7,32.232,32.232,32.745,-1.6491,1.7737,0.018041,0.48383,1.118,0.81201
167.1,31.716,31.716,31.832,-1.5086,1.9002,0.11354,0.51764,1.2793,0.65805
167.51,31.678,31.678,31.495,-1.3883,1.9934,0.18472,0.51619,1.3857,0.45596
167.91,31.886,31.887,31.521,-1.2906,2.0539,0.22709,0.48182,1.4291,0.21482
168.31,31.945,31.945,31.492,-1.2076,2.0923,0.24715,0.4268,1.4142,-0.045928
168.72,31.935,31.935,31.457,-1.1284,2.1208,0.25527,0.36485,1.3512,-0.30579
169.12,31.893,31.893,31.426,-1.0439,2.1488,0.26058,0.30602,1.2509,-0.54855
169.52,31.847,31.847,31.404,-0.94875,2.1809,0.26901,0.25554,1.1225,-0.76365
169.93,31.808,31.808,31.393,-0.84089,2.2183,0.2833,0.21463,0.97253,-0.94535
170.33,31.781,31.781,31.392,-0.72072,2.2598,0.30378,0.18199,0.80606,-1.0912
170.73,31.766,31.766,31.399,-0.58999,2.3027,0.32935,0.1551,0.62709,-1.2007
171.14,31.759,31.759,31.412,-0.45099,2.3442,0.35815,0.13121,0.43914,-1.2745
171.54,31.757,31.757,31.429,-0.30613,2.3818,0.38812,0.10783,0.24569,-1.3136
171.94,31.758,31.758,31.448,-0.15764,2.4132,0.41725,0.082973,0.050313,-1.3193
172.35,31.76,31.76,31.467,-0.0075088,2.4366,0.4437,0.055235,-0.14331,-1.2933
172.75,31.762,31.762,31.485,0.14251,2.4508,0.46581,0.023713,-0.33146,-1.2373
173.15,31.763,31.763,31.5,0.29087,2.4547,0.48212,-0.012068,-0.51046,-1.1537
173.56,31.764,31.764,31.513,0.43616,2.4477,0.49134,-0.052231,-0.67684,-1.0449
173.96,31.764,31.764,31.522,0.57713,2.4293,0.49233,-0.096612,-0.82742,-0.91391
174.36,31.764,31.764,31.527,0.71261,2.3992,0.48413,-0.1448,-0.95939,-0.76413
174.76,31.764,31.764,31.527,0.84156,2.3574,0.46595,-0.19616,-1.0704,-0.59912
175.17,31.766,31.766,31.523,0.9637,2.3045,0.43785,-0.24922,-1.1579,-0.42214
175.57,31.76,31.761,31.511,1.0755,2.2379,0.39675,-0.30615,-1.2231,-0.2403
175.97,31.41,31.41,31.412,1.094,2.0786,0.25692,-0.44264,-1.3526,-0.13038
176.38,31.128,31.128,31.33,1.1223,1.9372,0.12056,-0.54369,-1.4451,0.020052
176.78,31.23,31.23,31.339,1.2355,1.8818,0.069254,-0.54481,-1.414,0.26505
177.18,31.513,31.513,31.383,1.3811,1.8537,0.054853,-0.5081,-1.3055,0.53272
177.59,31.861,31.861,31.431,1.53,1.8222,0.04971,-0.46578,-1.1494,0.78316
177.99,32.209,32.209,31.469,1.6666,1.7727,0.038681,-0.43274,-0.96502,0.99541
178.39,32.526,32.526,31.491,1.7845,1.7009,0.015145,-0.41323,-0.76494,1.1606
178.8,32.803,32.803,31.499,1.8827,1.608,-0.022136,-0.40557,-0.55687,1.2771
179.2,33.039,33.039,31.494,1.9628,1.4977,-0.071491,-0.40559,-0.34593,1.3467
179.6,33.242,33.242,31.48,2.0276,1.3745,-0.13,-0.40862,-0.13605,1.3728
180.01,33.415,33.415,31.461,2.0799,1.2426,-0.19441,-0.41048,0.069272,1.3591
180.41,33.565,33.565,31.438,2.1219,1.1052,-0.26165,-0.40793,0.26659,1.3095
180.81,33.694,33.694,31.415,2.1557,0.96514,-0.3289,-0.39863,0.4525,1.2277
181.22,33.806,33.806,31.393,2.1827,0.82439,-0.39372,-0.3811,0.62362,1.1175
181.62,33.9,33.9,31.373,2.2043,0.68447,-0.45398,-0.35454,0.77679,0.98276
182.02,33.979,33.979,31.356,2.2212,0.54647,-0.50786,-0.31873,0.90912,0.82745
182.42,34.042,34.042,31.343,2.2341,0.41119,-0.55379,-0.2739,1.0181,0.65578
182.83,34.089,34.089,31.334,2.2436,0.27916,-0.59048,-0.22067,1.1018,0.47207
183.23,34.12,34.12,31.328,2.25,0.1507,-0.61693,-0.15995,1.1586,0.28076
183.63,34.135,34.135,31.327,2.2534,0.025949,-0.63239,-0.092947,1.1876,0.086298
184.04,34.135,34.135,31.329,2.2539,-0.095115,-0.63643,-0.021059,1.1886,-0.10689
184.44,34.119,34.119,31.335,2.2514,-0.21265,-0.62893,0.054133,1.1618,-0.29454
184.84,34.087,34.087,31.344,2.2455,-0.32692,-0.61005,0.13092,1.1078,-0.47256
185.25,34.039,34.039,31.355,2.236,-0.43831,-0.58029,0.20752,1.0282,-0.63718
185.65,33.975,33.974,31.368,2.2222,-0.54728,-0.54044,0.2821,0.92457,-0.78498
186.05,33.894,33.894,31.382,2.2035,-0.65432,-0.49156,0.35287,0.79929,-0.91296
186.46,33.796,33.796,31.397,2.1792,-0.75997,-0.435,0.41808,0.65497,-1.0186
186.86,33.681,33.681,31.41,2.1485,-0.86478,-0.37232,0.47611,0.49457,-1.0998
187.26,33.549,33.549,31.423,2.1106,-0.96926,-0.30528,0.52549,0.32135,-1.1552
187.67,33.4,33.4,31.432,2.0645,-1.0739,-0.2358,0.56493,0.13872,-1.1837
188.07,33.232,33.232,31.439,2.0093,-1.1791,-0.1659,0.59341,-0.049749,-1.1851
188.47,33.047,33.047,31.441,1.9442,-1.2851,-0.097683,0.61015,-0.24044,-1.1594
188.88,32.844,32.844,31.438,1.8684,-1.3922,-0.033098,0.61479,-0.42962,-1.1073
189.28,32.62,32.62,31.429,1.7803,-1.5011,0.024941,0.60625,-0.6146,-1.0308
189.68,32.327,32.327,31.402,1.6674,-1.6232,0.062285,0.57384,-0.8045,-0.94221
190.08,32.013,32.013,31.368,1.5413,-1.745,0.08885,0.53179,-0.9847,-0.8291
190.49,31.784,31.784,31.352,1.4272,-1.8421,0.12956,0.50423,-1.1248,-0.67133
190.89,31.661,31.661,31.357,1.3295,-1.9124,0.18915,0.49213,-1.2145,-0.47361
191.29,31.623,31.623,31.376,1.2419,-1.9643,0.26131,0.4862,-1.2561,-0.25166
191.7,31.635,31.635,31.399,1.156,-2.0073,0.33688,0.47626,-1.2562,-0.022125
192.1,31.669,31.669,31.418,1.0648,-2.0484,0.40783,0.45527,-1.222,0.20162
192.5,31.705,31.705,31.431,0.96435,-2.0912,0.46876,0.42005,-1.1591,0.41042
192.91,31.734,31.734,31.436,0.85327,-2.1365,0.51684,0.37063,-1.0717,0.59868
193.31,31.753,31.753,31.433,0.73207,-2.183,0.55124,0.30909,-0.96282,0.76327
193.71,31.764,31.764,31.424,0.60235,-2.2286,0.57239,0.23852,-0.83497,0.90244
194.12,31.768,31.768,31.411,0.46608,-2.2711,0.58135,0.16219,-0.69049,1.0151
194.52,31.768,31.768,31.395,0.32531,-2.3083,0.57947,0.083157,-0.53198,1.1006
194.92,31.767,31.767,31.379,0.18196,-2.3384,0.56819,0.0041177,-0.36237,1.1585
195.33,31.765,31.765,31.364,0.037756,-2.36,0.54893,-0.072666,-0.18493,1.1883
195.73,31.764,31.764,31.35,-0.10571,-2.3721,0.52315,-0.14531,-0.0031321,1.1903
196.13,31.763,31.763,31.338,-0.24697,-2.3739,0.4923,-0.21226,0.17938,1.1649
196.54,31.763,31.763,31.331,-0.38466,-2.3646,0.45785,-0.27227,0.35896,1.1131
196.94,31.762,31.762,31.327,-0.5175,-2.3438,0.42129,-0.32434,0.53206,1.0363
197.34,31.762,31.762,31.327,-0.64428,-2.3114,0.3841,-0.36776,0.69528,0.93641
197.74,31.763,31.763,31.333,-0.76388,-2.2671,0.34773,-0.40206,0.8455,0.81579
198.15,31.763,31.763,31.344,-0.87528,-2.211,0.31356,-0.42704,0.97988,0.67717
198.55,31.763,31.763,31.361,-0.97759,-2.1433,0.28287,-0.44276,1.096,0.5236
198.95,31.765,31.765,31.385,-1.0695,-2.064,0.25734,-0.44899,1.1923,0.35892
199.36,31.751,31.751,31.41,-1.1549,-1.9779,0.23349,-0.45075,1.2627,0.18214
199.76,31.588,31.588,31.405,-1.2663,-1.9168,0.17804,-0.47862,1.2712,-0.031811
200.16,31.295,31.295,31.377,-1.3977,-1.8716,0.095643,-0.52145,1.2196,-0.26468
200.57,30.958,30.958,31.349,-1.5275,-1.8202,0.0078744,-0.55587,1.1293,-0.48681
200.97,30.613,30.613,31.326,-1.6478,-1.7556,-0.076473,-0.57445,1.0107,-0.68539
201.37,30.274,30.274,31.313,-1.7557,-1.6763,-0.15346,-0.57572,0.87034,-0.85423
201.78,29.946,29.946,31.307,-1.8512,-1.5837,-0.22197,-0.56128,0.71254,-0.99084
202.18,29.629,29.629,31.306,-1.9355,-1.4804,-0.28236,-0.53397,0.54076,-1.0946
202.58,29.322,29.322,31.31,-2.0101,-1.3689,-0.33548,-0.49673,0.35831,-1.1655
202.99,29.025,29.025,31.315,-2.0766,-1.2518,-0.3822,-0.45212,0.16872,-1.2039
203.39,28.738,28.738,31.321,-2.136,-1.1306,-0.42317,-0.40215,-0.024035,-1.2103
203.79,28.463,28.463,31.326,-2.189,-1.0066,-0.45876,-0.34829,-0.21564,-1.1854
204.2,28.205,28.205,31.331,-2.236,-0.88066,-0.48907,-0.29158,-0.40147,-1.1302
204.6,27.968,27.968,31.335,-2.2769,-0.75323,-0.51396,-0.23275,-0.57683,-1.0461
205,27.757,27.757,31.338,-2.3116,-0.62451,-0.53311,-0.17229,-0.73698,-0.93519
205.41,27.578,27.578,31.341,-2.3396,-0.49451,-0.54601,-0.1105,-0.87738,-0.79995
205.81,27.437,27.437,31.344,-2.3605,-0.36313,-0.55206,-0.047632,-0.99378,-0.64347
206.21,27.341,27.34,31.347,-2.3735,-0.23022,-0.55056,0.016108,-1.0824,-0.46946
206.61,27.292,27.292,31.351,-2.3781,-0.095677,-0.54092,0.080388,-1.1402,-0.28218
207.02,27.296,27.296,31.357,-2.3738,0.040377,-0.52274,0.14466,-1.165,-0.086536
207.42,27.353,27.353,31.365,-2.3604,0.17752,-0.49597,0.20804,-1.1558,0.11203
207.82,27.462,27.462,31.374,-2.3382,0.31497,-0.4611,0.26933,-1.1129,0.30764
208.23,27.618,27.618,31.383,-2.3079,0.45161,-0.41906,0.32704,-1.0378,0.49422
208.63,27.817,27.817,31.392,-2.2704,0.58616,-0.3712,0.37958,-0.93344,0.66585
209.03,28.051,28.051,31.4,-2.2267,0.71738,-0.31904,0.42553,-0.80356,0.81713
209.44,28.312,28.312,31.407,-2.1777,0.84425,-0.26406,0.4638,-0.6526,0.94352
209.84,28.594,28.594,31.411,-2.1242,0.96613,-0.20753,0.49377,-0.48531,1.0415
210.24,28.889,28.889,31.413,-2.0663,1.0827,-0.15039,0.51528,-0.30658,1.1089
210.65,29.194,29.194,31.412,-2.0041,1.1941,-0.09327,0.52861,-0.12125,1.1444
211.05,29.503,29.503,31.411,-1.9375,1.3005,-0.036632,0.53419,0.065792,1.1477
211.45,29.815,29.815,31.409,-1.8653,1.4029,0.020086,0.53345,0.25071,1.1203
211.86,30.181,30.18,31.421,-1.7738,1.5144,0.09044,0.53943,0.44302,1.0757
212.26,30.627,30.627,31.453,-1.6556,1.6404,0.18236,0.55667,0.64738,1.0185
212.66,31.09,31.089,31.489,-1.5258,1.7642,0.28078,0.56802,0.84503,0.93267
213.07,31.482,31.482,31.511,-1.4044,1.8664,0.36453,0.55452,1.0104,0.80196
213.47,31.75,31.75,31.508,-1.3033,1.9373,0.4199,0.50821,1.1252,0.6229
213.87,31.89,31.89,31.482,-1.2222,1.9803,0.44563,0.43451,1.1844,0.40652
214.27,31.932,31.932,31.443,-1.1525,2.0059,0.44909,0.34602,1.193,0.17135
214.68,31.917,31.917,31.401,-1.0841,2.0253,0.44012,0.25538,1.1601,-0.064295
215.08,31.877,31.877,31.364,-1.0091,2.0463,0.42703,0.1715,1.095,-0.28636
215.48,31.835,31.835,31.338,-0.92303,2.0727,0.41519,0.098843,1.005,-0.48584
215.89,31.801,31.801,31.322,-0.82425,2.1052,0.40713,0.038353,0.8955,-0.65786
216.29,31.777,31.777,31.317,-0.71326,2.1422,0.40336,-0.011203,0.77041,-0.80032
216.69,31.765,31.765,31.32,-0.59168,2.1813,0.40315,-0.052069,0.63283,-0.91272
217.1,31.759,31.759,31.33,-0.4616,2.2198,0.40518,-0.086703,0.48554,-0.99538
217.5,31.758,31.758,31.344,-0.32519,2.2554,0.40796,-0.11732,0.33132,-1.049
217.9,31.759,31.759,31.36,-0.18443,2.2859,0.41004,-0.1457,0.17309,-1.0743
218.31,31.761,31.761,31.378,-0.041142,2.3096,0.41011,-0.17318,0.013934,-1.0726
218.71,31.762,31.762,31.395,0.10309,2.3253,0.40703,-0.20066,-0.143,-1.045
219.11,31.763,31.763,31.411,0.2468,2.332,0.39977,-0.22872,-0.29457,-0.9931
219.52,31.764,31.764,31.425,0.38867,2.3289,0.38745,-0.25767,-0.43776,-0.91891
219.92,31.764,31.764,31.437,0.52748,2.3155,0.36927,-0.28758,-0.56976,-0.82469
220.32,31.764,31.764,31.445,0.66208,2.2914,0.34458,-0.31835,-0.68804,-0.71303
220.73,31.764,31.764,31.45,0.79141,2.2565,0.31282,-0.34969,-0.79045,-0.58685
221.13,31.775,31.775,31.454,0.91736,2.2134,0.27654,-0.37841,-0.87221,-0.44658
221.53,31.661,31.662,31.422,1.0053,2.1285,0.20094,-0.43734,-0.96682,-0.32807
221.93,31.229,31.229,31.312,1.0084,1.9629,0.035493,-0.56053,-1.1269,-0.26426
222.34,31.134,31.134,31.286,1.0882,1.8794,-0.054972,-0.58471,-1.1848,-0.096778
222.74,31.334,31.334,31.325,1.2306,1.8546,-0.078279,-0.53789,-1.1432,0.1366
223.14,31.658,31.658,31.384,1.3916,1.8409,-0.07538,-0.4706,-1.042,0.37739
223.55,32.014,32.014,31.439,1.5484,1.8152,-0.06829,-0.40719,-0.90562,0.59508
223.95,32.353,32.353,31.481,1.6897,1.7676,-0.068495,-0.3578,-0.74968,0.77484
224.35,32.655,32.655,31.507,1.8114,1.6964,-0.080352,-0.32399,-0.58363,0.91159
224.76,32.915,32.915,31.518,1.9138,1.6043,-0.104,-0.30299,-0.41318,1.0056
225.16,33.137,33.137,31.517,1.999,1.4954,-0.13747,-0.29044,-0.24208,1.0597
225.56,33.327,33.327,31.509,2.0696,1.374,-0.17806,-0.282,-0.073254,1.0772
225.97,33.49,33.49,31.494,2.128,1.2437,-0.22297,-0.274,0.090568,1.0619
226.37,33.631,33.631,31.478,2.1763,1.1078,-0.26966,-0.26367,0.24667,1.0173
226.77,33.752,33.752,31.46,2.216,0.96855,-0.31589,-0.24908,0.3923,0.94669
227.18,33.856,33.856,31.442,2.2484,0.82774,-0.35978,-0.22904,0.52479,0.85337
227.58,33.943,33.943,31.427,2.2745,0.68673,-0.39969,-0.20292,0.64161,0.74072
227.98,34.014,34.014,31.413,2.2949,0.54655,-0.43426,-0.17055,0.74051,0.61221
228.39,34.069,34.069,31.401,2.3102,0.40793,-0.46237,-0.13215,0.8196,0.47142
228.79,34.108,34.108,31.393,2.3206,0.2714,-0.48311,-0.088226,0.87738,0.32201
229.19,34.131,34.131,31.388,2.3265,0.13733,-0.49582,-0.039527,0.91285,0.1677
229.59,34.138,34.138,31.385,2.3278,0.0059246,-0.50004,0.012985,0.92543,0.012224
230,34.129,34.129,31.385,2.3247,-0.12275,-0.49561,0.068189,0.91505,-0.1408
230.4,34.104,34.104,31.387,2.317,-0.24873,-0.48258,0.12483,0.88212,-0.28787
230.8,34.062,34.062,31.392,2.3043,-0.37216,-0.46127,0.18157,0.82748,-0.42571
231.21,34.004,34.004,31.398,2.2863,-0.49326,-0.43224,0.23701,0.75241,-0.55133
231.61,33.929,33.929,31.405,2.2627,-0.61232,-0.39632,0.28976,0.65855,-0.66205
232.01,33.838,33.838,31.412,2.2327,-0.72967,-0.35454,0.33844,0.54792,-0.75558
232.42,33.729,33.729,31.418,2.1957,-0.84565,-0.30813,0.38176,0.42281,-0.83001
232.82,33.602,33.602,31.423,2.1512,-0.96061,-0.25849,0.41853,0.28576,-0.88391
233.22,33.457,33.457,31.427,2.0983,-1.0749,-0.20718,0.44771,0.13951,-0.91626
233.63,33.295,33.295,31.427,2.0364,-1.1887,-0.15584,0.46846,-0.013085,-0.92653
234.03,33.114,33.114,31.425,1.9647,-1.3024,-0.10618,0.48012,-0.16908,-0.91464
234.43,32.915,32.915,31.418,1.8825,-1.4159,-0.059893,0.48232,-0.32548,-0.88092
234.84,32.698,32.698,31.406,1.7896,-1.5292,-0.018412,0.47509,-0.4791,-0.82597
235.24,32.431,32.432,31.381,1.6772,-1.6498,0.0084395,0.45091,-0.63543,-0.75848
235.64,32.116,32.116,31.344,1.5452,-1.7763,0.018929,0.41217,-0.79245,-0.67731
236.05,31.856,31.857,31.32,1.4193,-1.8829,0.038237,0.38463,-0.92055,-0.55942
236.45,31.7,31.7,31.317,1.31,-1.9613,0.07725,0.37558,-1.004,-0.40214
236.85,31.635,31.635,31.331,1.2138,-2.0172,0.13281,0.37805,-1.0422,-0.21794
237.25,31.631,31.631,31.352,1.1229,-2.0601,0.19677,0.38178,-1.0407,-0.022784
237.66,31.658,31.658,31.374,1.0299,-2.0977,0.26092,0.37846,-1.0068,0.16951
238.06,31.694,31.694,31.391,0.92999,-2.135,0.31921,0.36343,-0.94679,0.34911
238.46,31.725,31.725,31.401,0.82092,-2.1735,0.3681,0.33543,-0.86546,0.50997
238.87,31.747,31.747,31.405,0.70267,-2.2127,0.40621,0.29559,-0.76622,0.64884
239.27,31.76,31.76,31.402,0.57648,-2.2509,0.43359,0.24633,-0.65162,0.76418
239.67,31.766,31.766,31.395,0.44417,-2.2861,0.45104,0.19052,-0.52393,0.85535
240.08,31.768,31.768,31.386,0.30769,-2.3162,0.45976,0.13092,-0.38542,0.92208
240.48,31.767,31.767,31.376,0.16894,-2.3394,0.46099,0.069987,-0.23861,0.96432
240.88,31.766,31.766,31.366,0.029616,-2.3544,0.45599,0.009754,-0.08627,0.98221
241.29,31.764,31.764,31.358,-0.10876,-2.3603,0.44599,-0.04811,0.068628,0.9761
241.69,31.763,31.763,31.353,-0.2448,-2.3561,0.43216,-0.10227,0.223,0.94666
242.09,31.763,31.763,31.35,-0.37725,-2.3414,0.41567,-0.15166,0.37377,0.89493
242.5,31.762,31.762,31.352,-0.50492,-2.3159,0.3977,-0.19547,0.51791,0.82234
242.9,31.762,31.762,31.357,-0.62672,-2.2792,0.37936,-0.23312,0.6526,0.73071
243.3,31.762,31.762,31.367,-0.74164,-2.2315,0.36176,-0.26422,0.77524,0.62219
243.71,31.762,31.762,31.382,-0.84878,-2.1728,0.34593,-0.28863,0.88352,0.49929
244.11,31.763,31.762,31.402,-0.94735,-2.1034,0.3328,-0.3064,0.97548,0.36474
244.51,31.763,31.763,31.427,-1.0365,-2.0235,0.32333,-0.31764,1.0496,0.22161
244.91,31.765,31.765,31.457,-1.1155,-1.9335,0.31846,-0.32266,1.1051,0.073076
245.32,31.67,31.67,31.469,-1.2085,-1.8577,0.29367,-0.34518,1.1155,-0.10036
245.72,31.405,31.405,31.447,-1.3323,-1.8099,0.23045,-0.39682,1.0602,-0.30407
246.12,31.068,31.068,31.416,-1.4622,-1.7637,0.15255,-0.44917,0.96223,-0.50352
246.53,30.715,30.715,31.389,-1.585,-1.7061,0.073847,-0.48844,0.83724,-0.68005
246.93,30.368,30.368,31.37,-1.696,-1.6339,-7.4235e-05,-0.51103,0.69359,-0.82603
247.33,30.034,30.034,31.36,-1.7946,-1.5478,-0.067571,-0.51775,0.53644,-0.93901
247.74,29.714,29.714,31.356,-1.882,-1.4504,-0.12895,-0.51124,0.36934,-1.019
248.14,29.405,29.405,31.355,-1.96,-1.3447,-0.18526,-0.49446,0.19536,-1.0668
248.54,29.106,29.106,31.356,-2.0302,-1.2332,-0.23755,-0.46996,0.01768,-1.0837
248.95,28.817,28.817,31.357,-2.094,-1.1178,-0.28661,-0.43966,-0.16019,-1.0709
249.35,28.539,28.539,31.358,-2.1521,-0.99982,-0.33284,-0.40486,-0.33439,-1.0296
249.75,28.276,28.276,31.357,-2.2048,-0.87999,-0.37626,-0.36633,-0.50075,-0.96115
250.16,28.032,28.032,31.355,-2.2523,-0.75872,-0.41657,-0.3245,-0.65502,-0.86737
250.56,27.812,27.812,31.352,-2.2941,-0.6361,-0.45322,-0.27953,-0.79294,-0.75038
250.96,27.623,27.623,31.348,-2.3297,-0.51201,-0.48539,-0.23141,-0.91042,-0.61277
251.37,27.47,27.47,31.345,-2.3585,-0.38617,-0.51211,-0.18006,-1.0036,-0.45762
251.77,27.36,27.36,31.341,-2.3796,-0.25824,-0.53227,-0.12539,-1.0692,-0.28849
252.17,27.298,27.298,31.34,-2.3921,-0.12793,-0.54475,-0.067454,-1.1044,-0.10946
252.57,27.289,27.289,31.34,-2.3953,0.0048588,-0.54862,-0.0065605,-1.1074,0.07485
252.98,27.333,27.333,31.343,-2.3887,0.13989,-0.54329,0.056594,-1.0773,0.25931
253.38,27.432,27.432,31.348,-2.3724,0.2765,-0.52869,0.12086,-1.0148,0.43834
253.78,27.58,27.58,31.354,-2.3469,0.41361,-0.50533,0.18469,-0.92176,0.60614
254.19,27.773,27.773,31.361,-2.313,0.5499,-0.47419,0.24632,-0.80133,0.75705
254.59,28.003,28.003,31.369,-2.2717,0.68399,-0.43655,0.30401,-0.65769,0.8859
254.99,28.262,28.262,31.375,-2.224,0.8147,-0.39373,0.35634,-0.49566,0.98845
255.4,28.542,28.542,31.38,-2.1706,0.9412,-0.34686,0.40229,-0.32038,1.0616
255.8,28.838,28.838,31.383,-2.1119,1.0631,-0.29682,0.44135,-0.13702,1.1033
256.2,29.143,29.143,31.385,-2.0478,1.1802,-0.24415,0.4734,0.049352,1.113
256.61,29.453,29.453,31.386,-1.9784,1.2928,-0.18923,0.49859,0.23384,1.091
257.01,29.764,29.764,31.387,-1.903,1.4012,-0.13209,0.51741,0.41196,1.0386
257.41,30.117,30.117,31.399,-1.8106,1.5159,-0.0619,0.54023,0.59054,0.96764
257.82,30.55,30.55,31.431,-1.691,1.6452,0.032016,0.57448,0.77717,0.88684
258.22,31.011,31.011,31.472,-1.5559,1.7756,0.13793,0.60568,0.957,0.78347
258.62,31.417,31.417,31.501,-1.425,1.8876,0.23524,0.61446,1.1057,0.64146
259.03,31.707,31.707,31.508,-1.3122,1.9693,0.30831,0.5903,1.2038,0.4553
259.43,31.869,31.869,31.49,-1.2192,2.0219,0.35346,0.53609,1.2443,0.23405
259.83,31.926,31.927,31.458,-1.1389,2.0547,0.37644,0.46316,1.2314,-0.0044815
260.23,31.92,31.92,31.421,-1.0614,2.0787,0.38648,0.38406,1.1744,-0.24158
260.64,31.884,31.884,31.388,-0.97876,2.1024,0.39185,0.30812,1.0831,-0.46236
261.04,31.842,31.842,31.364,-0.8859,2.1299,0.39802,0.24034,0.96605,-0.65704
261.44,31.806,31.806,31.35,-0.78099,2.1624,0.4076,0.18209,0.82955,-0.82028
261.85,31.781,31.781,31.346,-0.66436,2.1986,0.42103,0.13234,0.67849,-0.94985
262.25,31.767,31.767,31.35,-0.53764,2.236,0.43738,0.088982,0.51676,-1.0454
262.65,31.76,31.76,31.36,-0.40299,2.2721,0.45505,0.049588,0.34775,-1.1076
263.06,31.758,31.758,31.374,-0.26269,2.3043,0.47222,0.011986,0.1748,-1.1377
263.46,31.759,31.759,31.389,-0.11889,2.3306,0.48712,-0.025535,0.0012307,-1.1371
263.86,31.76,31.76,31.405,0.026503,2.3491,0.49817,-0.064172,-0.16953,-1.1075
264.27,31.762,31.762,31.42,0.17179,2.3588,0.50395,-0.10465,-0.33406,-1.051
264.67,31.763,31.763,31.433,0.31548,2.3585,0.50326,-0.1473,-0.48905,-0.96974
265.07,31.764,31.764,31.444,0.45621,2.3477,0.49507,-0.19214,-0.6314,-0.86639
265.48,31.764,31.764,31.451,0.59276,2.326,0.47852,-0.2389,-0.75829,-0.74392
265.88,31.764,31.764,31.454,0.72402,2.2931,0.45292,-0.28713,-0.86732,-0.60557
266.28,31.764,31.764,31.454,0.849,2.2489,0.41779,-0.33616,-0.9565,-0.45485
266.69,31.772,31.772,31.451,0.96892,2.1956,0.37493,-0.38316,-1.0222,-0.29348
267.09,31.703,31.704,31.424,1.0618,2.1123,0.30284,-0.44831,-1.0849,-0.14612
267.49,31.277,31.277,31.308,1.0586,1.9376,0.12959,-0.58859,-1.219,-0.070322
267.89,31.123,31.123,31.261,1.1157,1.8307,0.012993,-0.64271,-1.2664,0.091572
268.3,31.296,31.296,31.288,1.2434,1.7926,-0.030105,-0.61429,-1.2053,0.32584
268.7,31.61,31.61,31.34,1.3938,1.7709,-0.043865,-0.55864,-1.0796,0.56851
269.1,31.966,31.966,31.391,1.5424,1.7404,-0.051787,-0.50248,-0.91562,0.78629
269.51,32.31,32.31,31.43,1.6767,1.6899,-0.066077,-0.4572,-0.73067,0.96285
269.91,32.626,32.626,31.455,1.7941,1.6188,-0.089541,-0.42335,-0.53354,1.094
270.31,32.906,32.906,31.467,1.8939,1.5286,-0.12299,-0.39952,-0.33154,1.1787
270.72,33.147,33.147,31.468,1.9765,1.4216,-0.16588,-0.38307,-0.1308,1.2181
271.12,33.353,33.353,31.46,2.0443,1.302,-0.21569,-0.36996,0.064529,1.216
271.52,33.527,33.527,31.446,2.0997,1.1735,-0.26954,-0.35654,0.25093,1.1765
271.93,33.675,33.675,31.43,2.1449,1.0393,-0.32461,-0.3399,0.42515,1.1041
272.33,33.8,33.8,31.413,2.1818,0.90205,-0.37836,-0.31799,0.58413,1.003
272.73,33.905,33.905,31.396,2.2118,0.76369,-0.42858,-0.28954,0.72497,0.87766
273.14,33.989,33.989,31.382,2.2359,0.62566,-0.47344,-0.25396,0.84508,0.73231
273.54,34.056,34.056,31.37,2.255,0.48897,-0.51139,-0.2112,0.9422,0.57133
273.94,34.104,34.104,31.361,2.2695,0.35434,-0.54122,-0.16168,1.0145,0.39915
274.35,34.134,34.134,31.355,2.2798,0.22221,-0.56203,-0.10614,1.0607,0.22021
274.75,34.145,34.145,31.352,2.286,0.092795,-0.5732,-0.045628,1.0801,0.038921
275.15,34.139,34.139,31.353,2.2881,-0.033843,-0.57443,0.018594,1.0723,-0.14039
275.55,34.114,34.114,31.356,2.2859,-0.15781,-0.56569,0.085088,1.0378,-0.31355
275.96,34.071,34.071,31.361,2.2791,-0.27931,-0.5473,0.1523,0.9775,-0.47663
276.36,34.008,34.008,31.368,2.2673,-0.39868,-0.51985,0.21859,0.89267,-0.62603
276.76,33.927,33.927,31.376,2.2498,-0.5163,-0.48422,0.28232,0.78522,-0.75848
277.17,33.826,33.826,31.384,2.226,-0.63262,-0.44155,0.34187,0.65744,-0.87119
277.57,33.705,33.705,31.391,2.1951,-0.74811,-0.39325,0.39568,0.51197,-0.9618
277.97,33.564,33.564,31.397,2.1562,-0.86322,-0.34091,0.44233,0.35176,-1.0285
278.38,33.403,33.403,31.401,2.1085,-0.9784,-0.28629,0.48057,0.18,-1.07
278.78,33.22,33.22,31.4,2.051,-1.094,-0.23129,0.50936,8.0504e-05,-1.0855
279.18,33.017,33.017,31.396,1.9829,-1.2104,-0.17786,0.5279,-0.18451,-1.0747
279.59,32.793,32.793,31.387,1.9036,-1.3273,-0.12762,0.53598,-0.36988,-1.0378
279.99,32.528,32.528,31.368,1.8068,-1.4503,-0.088138,0.52806,-0.55819,-0.98081
280.39,32.202,32.202,31.332,1.6873,-1.5828,-0.066224,0.50132,-0.75139,-0.90726
280.8,31.914,31.914,31.305,1.5691,-1.7002,-0.038818,0.48042,-0.92108,-0.79467
281.2,31.728,31.728,31.3,1.4666,-1.79,0.0087028,0.47687,-1.0467,-0.63581
281.6,31.642,31.642,31.313,1.3783,-1.856,0.075013,0.48537,-1.1242,-0.44157
282.01,31.626,31.626,31.335,1.2963,-1.9078,0.1521,0.49545,-1.158,-0.22843
282.41,31.648,31.648,31.359,1.2127,-1.954,0.23102,0.49785,-1.1548,-0.011708
282.81,31.683,31.683,31.378,1.1218,-2.0001,0.30468,0.48689,-1.1208,0.19707
283.21,31.717,31.717,31.389,1.0205,-2.0486,0.36858,0.46056,-1.0609,0.39034
283.62,31.742,31.742,31.392,0.90829,-2.0994,0.42058,0.41962,-0.97852,0.56362
284.02,31.757,31.758,31.387,0.78609,-2.1508,0.4602,0.36644,-0.87625,0.71441
284.42,31.765,31.765,31.378,0.65565,-2.2006,0.48796,0.3041,-0.75623,0.84128
284.83,31.768,31.768,31.365,0.51895,-2.2465,0.50484,0.2357,-0.62066,0.94328
285.23,31.767,31.768,31.35,0.37796,-2.2866,0.51205,0.16408,-0.47205,1.0197
285.63,31.766,31.766,31.334,0.23453,-2.3192,0.51082,0.091708,-0.31324,1.0701
286.04,31.765,31.765,31.319,0.090309,-2.343,0.5024,0.020667,-0.14737,1.0942
286.44,31.763,31.763,31.306,-0.053162,-2.3571,0.48805,-0.047301,0.022195,1.0921
286.84,31.763,31.763,31.296,-0.19446,-2.3605,0.46906,-0.11075,0.19199,1.0644
287.25,31.762,31.762,31.289,-0.33224,-2.3528,0.44673,-0.16849,0.35857,1.012
287.65,31.762,31.762,31.287,-0.46522,-2.3335,0.4224,-0.21958,0.51855,0.93636
288.05,31.762,31.762,31.288,-0.59222,-2.3024,0.39738,-0.26334,0.66878,0.83941
288.46,31.762,31.762,31.295,-0.71213,-2.2594,0.37296,-0.29931,0.80632,0.72344
288.86,31.762,31.762,31.307,-0.82394,-2.2045,0.35037,-0.32728,0.92857,0.59114
289.26,31.763,31.763,31.325,-0.92674,-2.1381,0.33077,-0.34724,1.0333,0.44551
289.67,31.767,31.767,31.35,-1.0189,-2.0596,0.31604,-0.35868,1.1196,0.29051
290.07,31.702,31.702,31.363,-1.1177,-1.9869,0.2889,-0.37914,1.1677,0.11269
290.47,31.462,31.462,31.341,-1.2488,-1.9434,0.22219,-0.4299,1.1472,-0.10304
290.87,31.128,31.128,31.306,-1.3908,-1.9053,0.1362,-0.48507,1.0767,-0.32404
291.28,30.771,30.771,31.275,-1.5268,-1.8557,0.048449,-0.52678,0.97446,-0.52684
291.68,30.418,30.418,31.253,-1.6504,-1.7897,-0.033689,-0.54979,0.84986,-0.70146
292.08,30.081,30.081,31.24,-1.7601,-1.7075,-0.10772,-0.55448,0.70837,-0.84428
292.49,29.758,29.758,31.235,-1.8572,-1.6119,-0.17364,-0.54364,0.5535,-0.95466
292.89,29.448,29.448,31.236,-1.9434,-1.5059,-0.23241,-0.52065,0.38809,-1.0331
293.29,29.148,29.148,31.239,-2.0206,-1.3924,-0.28518,-0.48854,0.21509,-1.0804
293.7,28.858,28.858,31.244,-2.0902,-1.2737,-0.33284,-0.4497,0.037845,-1.0973
294.1,28.579,28.579,31.248,-2.1531,-1.1514,-0.37591,-0.40582,-0.13981,-1.0847
294.5,28.314,28.314,31.252,-2.2098,-1.0263,-0.41453,-0.35804,-0.31365,-1.0433
294.91,28.067,28.067,31.255,-2.2603,-0.89921,-0.44854,-0.3071,-0.47922,-0.9744
295.31,27.843,27.843,31.257,-2.3046,-0.77022,-0.47753,-0.25343,-0.63199,-0.87971
295.71,27.649,27.649,31.259,-2.342,-0.63939,-0.50087,-0.19728,-0.76746,-0.76135
296.12,27.49,27.49,31.261,-2.372,-0.50658,-0.51774,-0.13878,-0.88137,-0.62201
296.52,27.373,27.373,31.264,-2.3939,-0.37155,-0.52721,-0.078016,-0.96979,-0.46494
296.92,27.304,27.304,31.268,-2.4066,-0.23408,-0.52835,-0.015181,-1.0294,-0.29397
297.33,27.286,27.286,31.274,-2.4097,-0.094125,-0.52038,0.049319,-1.0576,-0.11357
297.73,27.324,27.324,31.283,-2.4026,0.048014,-0.50289,0.11471,-1.0531,0.071178
298.13,27.416,27.416,31.293,-2.3855,0.19162,-0.476,0.17978,-1.0156,0.25462
298.53,27.559,27.559,31.305,-2.3588,0.33555,-0.44043,0.24293,-0.9466,0.43077
298.94,27.748,27.748,31.318,-2.3235,0.47837,-0.39743,0.30231,-0.8486,0.59362
299.34,27.976,27.976,31.33,-2.2808,0.61858,-0.34855,0.35614,-0.72537,0.73759
299.74,28.233,28.233,31.341,-2.2318,0.7549,-0.29542,0.40295,-0.58137,0.85794
300.15,28.512,28.512,31.35,-2.1772,0.88642,-0.23944,0.44176,-0.42142,0.951
300.55,28.807,28.807,31.357,-2.1177,1.0126,-0.18175,0.47213,-0.2505,1.0143
300.95,29.112,29.112,31.362,-2.0532,1.1335,-0.12309,0.49409,-0.073481,1.0467
301.36,29.423,29.423,31.366,-1.9837,1.249,-0.06396,0.50797,0.10486,1.0478
301.76,29.734,29.734,31.368,-1.9089,1.3596,-0.004741,0.51427,0.27985,1.0185
302.16,30.08,30.08,31.379,-1.8194,1.4742,0.063661,0.52218,0.4566,0.96851
302.57,30.504,30.504,31.41,-1.7032,1.6031,0.15351,0.54124,0.64415,0.9081
302.97,30.965,30.965,31.45,-1.5701,1.7345,0.25516,0.55905,0.82969,0.82584
303.37,31.379,31.379,31.481,-1.4395,1.8491,0.34845,0.55647,0.98918,0.70508
303.78,31.682,31.682,31.489,-1.3262,1.9341,0.41694,0.522,1.102,0.53857
304.18,31.856,31.856,31.474,-1.233,1.9893,0.45581,0.45751,1.1596,0.33371
304.58,31.923,31.923,31.442,-1.1535,2.0236,0.47019,0.37397,1.165,0.10748
304.99,31.922,31.922,31.404,-1.078,2.0482,0.46932,0.28425,1.1266,-0.12147
305.39,31.888,31.888,31.37,-0.99786,2.0717,0.46187,0.19829,1.0542,-0.33789
305.79,31.846,31.846,31.344,-0.90789,2.099,0.45382,0.12169,0.95599,-0.5316
306.2,31.809,31.809,31.329,-0.80583,2.1313,0.44831,0.05627,0.83818,-0.69687
306.6,31.783,31.783,31.323,-0.69178,2.1678,0.44621,0.0013457,0.70544,-0.83119
307,31.768,31.768,31.327,-0.56717,2.206,0.44696,-0.045063,0.56135,-0.93398
307.4,31.76,31.76,31.336,-0.4341,2.2435,0.44927,-0.085316,0.40903,-1.0057
307.81,31.758,31.758,31.35,-0.29479,2.2776,0.45158,-0.12161,0.25145,-1.0474
308.21,31.759,31.759,31.366,-0.15136,2.3062,0.45235,-0.15574,0.091663,-1.0602
308.61,31.76,31.76,31.383,-0.005721,2.3276,0.4502,-0.18899,-0.067206,-1.0457
309.02,31.762,31.762,31.399,0.14043,2.3404,0.44392,-0.22224,-0.22198,-1.0054
309.42,31.763,31.763,31.414,0.28559,2.3437,0.43247,-0.25596,-0.36953,-0.94127
309.82,31.764,31.764,31.427,0.4284,2.3367,0.41497,-0.29036,-0.50688,-0.85564
310.23,31.764,31.764,31.437,0.5676,2.319,0.39069,-0.32536,-0.63132,-0.75105
310.63,31.764,31.764,31.443,0.70207,2.2902,0.35904,-0.36073,-0.74044,-0.63039
311.03,31.764,31.764,31.446,0.83075,2.2502,0.31959,-0.39602,-0.83224,-0.49679
311.44,31.77,31.77,31.446,0.95428,2.2006,0.27366,-0.42915,-0.90353,-0.35212
311.84,31.729,31.729,31.429,1.0586,2.1279,0.20753,-0.47313,-0.96677,-0.21316
312.24,31.282,31.283,31.312,1.0565,1.9505,0.029696,-0.6048,-1.1152,-0.15535
312.65,31.049,31.05,31.25,1.1004,1.8278,-0.10564,-0.66185,-1.1948,-0.019623
313.05,31.2,31.2,31.276,1.2292,1.7888,-0.15211,-0.62023,-1.1533,0.2075
313.45,31.521,31.521,31.334,1.3876,1.7726,-0.16048,-0.54478,-1.04,0.45212
313.86,31.897,31.897,31.393,1.5468,1.7492,-0.15817,-0.46731,-0.88472,0.67554
314.26,32.265,32.265,31.441,1.6919,1.7048,-0.16,-0.40225,-0.70702,0.85828
314.66,32.597,32.596,31.471,1.8169,1.6359,-0.17223,-0.35325,-0.51912,0.99309
315.06,32.882,32.882,31.485,1.9213,1.5445,-0.1958,-0.31827,-0.32845,1.0797
315.47,33.125,33.125,31.487,2.0071,1.4348,-0.22893,-0.29297,-0.13982,1.1211
315.87,33.33,33.33,31.479,2.0771,1.3115,-0.26871,-0.2727,0.043202,1.1219
316.27,33.505,33.505,31.465,2.1341,1.1789,-0.31206,-0.25346,0.21752,1.0865
316.68,33.653,33.653,31.449,2.1805,1.0404,-0.35612,-0.23221,0.38018,1.0194
317.08,33.779,33.779,31.431,2.2181,0.89868,-0.39841,-0.2069,0.52831,0.92514
317.48,33.885,33.885,31.415,2.2483,0.75573,-0.43685,-0.1763,0.65917,0.8078
317.89,33.973,33.973,31.4,2.2722,0.61301,-0.46975,-0.13988,0.77027,0.67161
318.29,34.042,34.042,31.387,2.2905,0.47157,-0.49573,-0.097645,0.85948,0.52084
318.69,34.093,34.093,31.378,2.3038,0.33213,-0.51373,-0.050011,0.92509,0.35974
319.1,34.127,34.127,31.372,2.3124,0.19515,-0.52299,0.0022666,0.96591,0.19263
319.5,34.143,34.143,31.368,2.3163,0.060904,-0.52302,0.058173,0.98127,0.023785
319.9,34.141,34.141,31.368,2.3157,-0.070512,-0.51366,0.11649,0.97106,-0.14263
320.31,34.121,34.121,31.37,2.3104,-0.19914,-0.495,0.17586,0.93572,-0.3026
320.71,34.083,34.083,31.374,2.3,-0.32515,-0.46744,0.23479,0.87623,-0.45238
321.11,34.027,34.027,31.38,2.2843,-0.4488,-0.43168,0.29178,0.79403,-0.58854
321.52,33.952,33.952,31.387,2.2625,-0.57043,-0.38869,0.34529,0.69105,-0.70804
321.92,33.859,33.859,31.395,2.2342,-0.69041,-0.33966,0.39381,0.56958,-0.80827
322.32,33.746,33.746,31.401,2.1985,-0.80916,-0.28606,0.43596,0.43228,-0.88711
322.72,33.614,33.614,31.407,2.1547,-0.92709,-0.22952,0.47045,0.28207,-0.94295
323.13,33.462,33.462,31.409,2.102,-1.0446,-0.17183,0.4962,0.12209,-0.97473
323.53,33.29,33.29,31.409,2.0396,-1.1619,-0.11489,0.51231,-0.044393,-0.9819
323.93,33.097,33.097,31.405,1.9665,-1.2795,-0.060657,0.51816,-0.21403,-0.96448
324.34,32.885,32.885,31.397,1.8822,-1.3971,-0.010882,0.51358,-0.38324,-0.92277
324.74,32.645,32.645,31.381,1.7843,-1.5166,0.030751,0.49672,-0.55049,-0.85959
325.14,32.33,32.33,31.346,1.6598,-1.6492,0.049794,0.45692,-0.72563,-0.78682
325.55,32.005,32.005,31.308,1.5251,-1.7771,0.061158,0.41307,-0.8893,-0.68739
325.95,31.773,31.773,31.291,1.4047,-1.8769,0.089288,0.38785,-1.0116,-0.54264
326.35,31.652,31.652,31.296,1.3018,-1.9481,0.13791,0.38051,-1.0836,-0.35907
326.76,31.617,31.617,31.316,1.2094,-1.9999,0.20025,0.38081,-1.1084,-0.15332
327.16,31.632,31.632,31.339,1.1188,-2.0422,0.26695,0.37812,-1.0932,0.057612
327.56,31.668,31.668,31.36,1.0231,-2.082,0.33001,0.3652,-1.0456,0.26037
327.97,31.705,31.705,31.374,0.91831,-2.1229,0.38411,0.33887,-0.97163,0.44605
328.37,31.735,31.735,31.38,0.80333,-2.1655,0.42661,0.29919,-0.87584,0.60948
328.77,31.754,31.754,31.38,0.6788,-2.2084,0.45687,0.24829,-0.76148,0.74799
329.18,31.764,31.764,31.373,0.54646,-2.2495,0.47545,0.18919,-0.63122,0.86034
329.58,31.768,31.768,31.364,0.40842,-2.2864,0.48356,0.12512,-0.48758,0.94596
329.98,31.768,31.768,31.352,0.26681,-2.317,0.48263,0.058986,-0.3333,1.0047
330.38,31.767,31.767,31.341,0.12359,-2.3396,0.47415,-0.0066892,-0.17137,1.0364
330.79,31.765,31.765,31.33,-0.019449,-2.353,0.45956,-0.069854,-0.0050613,1.0415
331.19,31.764,31.764,31.322,-0.16072,-2.356,0.44028,-0.12886,0.16218,1.0205
331.59,31.763,31.763,31.317,-0.29877,-2.3481,0.41772,-0.1824,0.32686,0.97429
332,31.763,31.763,31.316,-0.43226,-2.3286,0.39324,-0.22949,0.48552,0.90442
332.4,31.762,31.762,31.319,-0.55996,-2.2974,0.36821,-0.2694,0.63488,0.81272
332.8,31.762,31.762,31.327,-0.68072,-2.2544,0.34393,-0.30167,0.77187,0.70149
333.21,31.763,31.762,31.341,-0.79351,-2.1995,0.32164,-0.3261,0.89378,0.57343
333.61,31.763,31.763,31.359,-0.89742,-2.133,0.30248,-0.34273,0.99823,0.43154
334.01,31.763,31.763,31.384,-0.99167,-2.0554,0.28746,-0.35183,1.0833,0.27908
334.42,31.766,31.765,31.414,-1.0749,-1.9664,0.2781,-0.35324,1.1482,0.12014
334.82,31.745,31.745,31.444,-1.1533,-1.8733,0.26851,-0.35415,1.1852,-0.048205
335.22,31.565,31.565,31.442,-1.2598,-1.8078,0.22456,-0.38497,1.1583,-0.25057
335.63,31.263,31.263,31.418,-1.3843,-1.7568,0.15481,-0.43026,1.0742,-0.46435
336.03,30.922,30.922,31.394,-1.5063,-1.6992,0.079785,-0.46774,0.95465,-0.66122
336.43,30.575,30.575,31.376,-1.6184,-1.6288,0.0075436,-0.49061,0.81016,-0.82939
336.84,30.237,30.237,31.366,-1.7184,-1.5446,-0.058644,-0.49787,0.64767,-0.96374
337.24,29.91,29.91,31.362,-1.8066,-1.4484,-0.1182,-0.49137,0.47199,-1.0627
337.64,29.594,29.594,31.364,-1.8846,-1.343,-0.17184,-0.47393,0.28697,-1.1265
338.04,29.288,29.288,31.367,-1.9541,-1.231,-0.22071,-0.44838,0.096309,-1.1561
338.45,28.992,28.992,31.371,-2.0167,-1.1149,-0.26587,-0.41703,-0.096135,-1.1527
338.85,28.706,28.706,31.374,-2.0734,-0.99621,-0.30806,-0.38155,-0.28617,-1.1175
339.25,28.433,28.433,31.375,-2.125,-0.87608,-0.34768,-0.34307,-0.46936,-1.0523
339.66,28.177,28.177,31.375,-2.1718,-0.75515,-0.38482,-0.30224,-0.64111,-0.95881
340.06,27.942,27.942,31.372,-2.2137,-0.63373,-0.41926,-0.25937,-0.79685,-0.83947
340.46,27.735,27.735,31.368,-2.2506,-0.51184,-0.45049,-0.21454,-0.93216,-0.6971
340.87,27.56,27.56,31.362,-2.2817,-0.38929,-0.47782,-0.16764,-1.0429,-0.53502
341.27,27.424,27.424,31.356,-2.3066,-0.26575,-0.50033,-0.11853,-1.1254,-0.35705
341.67,27.332,27.332,31.35,-2.3243,-0.14088,-0.51703,-0.067044,-1.1765,-0.1675
342.08,27.29,27.29,31.345,-2.334,-0.014368,-0.52692,-0.013195,-1.194,0.028808
342.48,27.3,27.3,31.341,-2.3352,0.11384,-0.52922,0.042742,-1.1766,0.22659
342.88,27.363,27.363,31.338,-2.3274,0.24348,-0.52349,0.10011,-1.1243,0.42013
343.29,27.479,27.479,31.338,-2.3109,0.37391,-0.50976,0.15785,-1.0385,0.60346
343.69,27.642,27.642,31.338,-2.2859,0.50414,-0.48857,0.2146,-0.92183,0.77061
344.09,27.846,27.846,31.338,-2.2534,0.63302,-0.46081,0.26886,-0.77824,0.91595
344.5,28.084,28.084,31.338,-2.214,0.75946,-0.42752,0.31924,-0.61256,1.0346
344.9,28.349,28.349,31.338,-2.1685,0.88257,-0.38973,0.36468,-0.43016,1.1228
345.3,28.633,28.633,31.336,-2.1173,1.0018,-0.34824,0.4045,-0.23664,1.1779
345.7,28.931,28.931,31.333,-2.0605,1.117,-0.30356,0.43846,-0.037603,1.1986
346.11,29.237,29.237,31.329,-1.9978,1.2283,-0.25594,0.46663,0.16152,1.1849
346.51,29.546,29.546,31.325,-1.9291,1.3357,-0.20561,0.48909,0.35536,1.1376
346.91,29.861,29.861,31.324,-1.8522,1.4411,-0.15083,0.50786,0.54076,1.0603
347.32,30.239,30.239,31.339,-1.7521,1.5587,-0.076495,0.53649,0.72865,0.96858
347.72,30.692,30.692,31.375,-1.6249,1.6898,0.021814,0.5753,0.92017,0.86443
348.12,31.148,31.148,31.413,-1.4872,1.8164,0.12733,0.60547,1.095,0.7319
348.53,31.525,31.525,31.436,-1.3585,1.9198,0.21926,0.60868,1.2284,0.55722
348.93,31.775,31.775,31.435,-1.2492,1.9921,0.28532,0.57855,1.304,0.34027
349.33,31.899,31.899,31.412,-1.1576,2.0378,0.32542,0.52152,1.3193,0.094614
349.74,31.932,31.932,31.379,-1.0749,2.0676,0.34712,0.45006,1.2808,-0.16004
350.14,31.912,31.912,31.345,-0.99144,2.092,0.35972,0.37595,1.1989,-0.40519
350.54,31.871,31.871,31.317,-0.90015,2.118,0.37063,0.30701,1.0837,-0.62712
350.95,31.83,31.83,31.299,-0.79725,2.1484,0.38423,0.24672,0.94333,-0.81732
351.35,31.797,31.797,31.292,-0.68187,2.1833,0.40215,0.19526,0.78431,-0.97149
351.75,31.775,31.775,31.295,-0.55503,2.2208,0.42407,0.15093,0.61164,-1.0881
352.16,31.764,31.763,31.304,-0.4188,2.258,0.44853,0.11121,0.42957,-1.1673
352.56,31.759,31.759,31.319,-0.27561,2.2923,0.47356,0.07359,0.24201,-1.2103
352.96,31.758,31.758,31.336,-0.12788,2.3211,0.49709,0.035927,0.052798,-1.2185
353.36,31.759,31.759,31.354,0.022129,2.3423,0.51714,-0.0033619,-0.13419,-1.1938
353.77,31.761,31.761,31.372,0.17244,2.3543,0.53196,-0.045298,-0.31509,-1.1386
354.17,31.762,31.762,31.387,0.32129,2.356,0.54,-0.090404,-0.48611,-1.0552
354.57,31.763,31.763,31.4,0.46713,2.3466,0.53994,-0.13879,-0.64369,-0.94673
354.98,31.764,31.764,31.409,0.60856,2.3255,0.53069,-0.19021,-0.78455,-0.81639
355.38,31.764,31.764,31.414,0.74434,2.2924,0.51134,-0.24416,-0.90588,-0.66785
355.78,31.764,31.764,31.415,0.87336,2.2473,0.48123,-0.29988,-1.0053,-0.50504
356.19,31.764,31.764,31.411,0.99467,2.1902,0.43992,-0.3564,-1.0811,-0.33211
356.59,31.779,31.779,31.405,1.1112,2.1252,0.39102,-0.4091,-1.1281,-0.14994
356.99,31.601,31.601,31.347,1.1703,2.0024,0.28256,-0.50638,-1.1986,-0.012498
357.4,31.136,31.136,31.219,1.1498,1.8097,0.08904,-0.65468,-1.3224,0.073637
357.8,31.076,31.076,31.192,1.2212,1.7161,-0.014826,-0.68545,-1.3225,0.27152
358.2,31.308,31.307,31.228,1.3529,1.6801,-0.053904,-0.64512,-1.2199,0.52362
358.61,31.659,31.659,31.283,1.5013,1.6542,-0.06875,-0.58381,-1.0563,0.77108
359.01,32.037,32.037,31.333,1.6434,1.6157,-0.081145,-0.52554,-0.85788,0.98333
359.41,32.393,32.393,31.368,1.7685,1.5553,-0.10194,-0.47974,-0.64192,1.1462
359.82,32.707,32.707,31.388,1.8733,1.4721,-0.13466,-0.44724,-0.4192,1.2556
360.22,32.976,32.976,31.393,1.9585,1.3694,-0.17859,-0.42468,-0.19662,1.3131
360.62,33.204,33.204,31.387,2.0268,1.2516,-0.23101,-0.40733,0.02097,1.3227
361.02,33.397,33.397,31.375,2.0813,1.1235,-0.28849,-0.39069,0.22963,1.2894
361.43,33.561,33.561,31.358,2.1247,0.98889,-0.34765,-0.37112,0.42578,1.2181
361.83,33.701,33.701,31.341,2.1593,0.85104,-0.40542,-0.34604,0.60602,1.1139
362.23,33.819,33.819,31.325,2.1869,0.71225,-0.45918,-0.31385,0.76707,0.98154
362.64,33.918,33.918,31.31,2.2088,0.57421,-0.50672,-0.27377,0.90596,0.82594
363.04,33.999,33.999,31.299,2.2261,0.43813,-0.54626,-0.22572,1.02,0.65196
363.44,34.062,34.062,31.291,2.2395,0.30478,-0.57635,-0.17012,1.1072,0.46449
363.85,34.107,34.107,31.288,2.2493,0.17466,-0.59592,-0.10783,1.1658,0.26852
364.25,34.134,34.134,31.288,2.2557,0.048008,-0.60424,-0.040026,1.1949,0.068983
364.65,34.144,34.144,31.292,2.259,-0.075149,-0.6009,0.031847,1.1941,-0.12923
365.06,34.136,34.136,31.299,2.2588,-0.19494,-0.58586,0.10615,1.1637,-0.32142
365.46,34.11,34.11,31.31,2.255,-0.31164,-0.5594,0.18111,1.1047,-0.50313
365.86,34.066,34.066,31.322,2.2471,-0.42564,-0.52218,0.25488,1.0185,-0.67023
366.27,34.003,34.003,31.337,2.2345,-0.53741,-0.47513,0.32556,0.90724,-0.81902
366.67,33.922,33.922,31.352,2.2165,-0.64748,-0.41954,0.39131,0.77341,-0.94628
367.07,33.822,33.822,31.367,2.1922,-0.75642,-0.35696,0.45034,0.62,-1.0493
367.48,33.703,33.703,31.381,2.1609,-0.86481,-0.28917,0.50102,0.45032,-1.1261
367.88,33.565,33.565,31.394,2.1215,-0.97319,-0.21819,0.5419,0.26797,-1.1751
368.28,33.406,33.406,31.403,2.073,-1.0821,-0.14616,0.57176,0.076729,-1.1955
368.68,33.228,33.228,31.408,2.0144,-1.1919,-0.075337,0.58964,-0.1195,-1.187
369.09,33.029,33.029,31.409,1.9448,-1.3029,-0.0080182,0.59491,-0.31676,-1.15
369.49,32.811,32.811,31.404,1.8636,-1.4149,0.053938,0.58763,-0.51075,-1.0852
369.89,32.551,32.551,31.388,1.7643,-1.5336,0.10247,0.56224,-0.70361,-0.99956
370.3,32.216,32.216,31.351,1.6383,-1.6657,0.12703,0.51315,-0.90077,-0.90045
370.7,31.914,31.915,31.322,1.5117,-1.7838,0.15267,0.46816,-1.0717,-0.76306
371.1,31.72,31.72,31.315,1.4017,-1.8728,0.19677,0.44176,-1.193,-0.5783
371.51,31.632,31.632,31.327,1.3068,-1.9367,0.25808,0.42872,-1.2605,-0.35821
371.91,31.617,31.617,31.35,1.2187,-1.9855,0.3281,0.4181,-1.2792,-0.12094
372.31,31.642,31.642,31.373,1.1289,-2.0286,0.39745,0.4004,-1.2568,0.11684
372.72,31.68,31.68,31.391,1.0314,-2.0716,0.45887,0.37001,-1.2004,0.34268
373.12,31.716,31.716,31.4,0.92324,-2.1171,0.50795,0.32524,-1.1155,0.54848
373.52,31.742,31.742,31.402,0.80408,-2.1645,0.5428,0.26731,-1.0063,0.72948
373.93,31.758,31.758,31.396,0.67505,-2.2121,0.56335,0.19907,-0.87594,0.88309
374.33,31.766,31.766,31.385,0.53812,-2.2575,0.57053,0.12402,-0.72728,1.0079
374.73,31.768,31.768,31.37,0.39553,-2.2983,0.56583,0.045607,-0.5632,1.1031
375.14,31.768,31.768,31.355,0.24946,-2.3323,0.5509,-0.033061,-0.38689,1.1681
375.54,31.766,31.766,31.339,0.10192,-2.3578,0.52743,-0.10935,-0.20188,1.2028
375.94,31.765,31.765,31.325,-0.045278,-2.3734,0.49712,-0.18109,-0.011981,1.2074
376.34,31.764,31.764,31.314,-0.19047,-2.3783,0.46166,-0.24653,0.17884,1.1823
376.75,31.763,31.763,31.306,-0.33212,-2.3715,0.42274,-0.30428,0.36655,1.1287
377.15,31.763,31.763,31.302,-0.46881,-2.3527,0.38205,-0.3533,0.54723,1.0481
377.55,31.762,31.762,31.303,-0.59923,-2.3215,0.34124,-0.39284,0.71711,0.94279
377.96,31.762,31.762,31.31,-0.72214,-2.2777,0.30192,-0.42247,0.87274,0.81526
378.36,31.763,31.763,31.322,-0.83645,-2.2215,0.26562,-0.44204,1.011,0.66861
378.76,31.763,31.763,31.341,-0.9412,-2.153,0.23372,-0.45171,1.1293,0.50627
379.17,31.763,31.763,31.365,-1.0355,-2.0727,0.2075,-0.45186,1.2253,0.33198
379.57,31.767,31.767,31.397,-1.1178,-1.9803,0.18899,-0.4423,1.2984,0.15052
379.97,31.706,31.706,31.419,-1.2048,-1.8932,0.16152,-0.44047,1.3298,-0.050385
380.38,31.473,31.473,31.407,-1.3222,-1.8347,0.098136,-0.46787,1.2898,-0.28498
380.78,31.154,31.154,31.383,-1.4477,-1.7804,0.020037,-0.49829,1.1984,-0.51944
381.18,30.81,30.81,31.363,-1.5668,-1.7162,-0.057832,-0.51679,1.0722,-0.73239
381.59,30.466,30.466,31.35,-1.6743,-1.638,-0.12935,-0.51929,0.91998,-0.91423
381.99,30.131,30.131,31.345,-1.7691,-1.5461,-0.19226,-0.50621,0.74798,-1.0607
382.39,29.808,29.808,31.346,-1.852,-1.4428,-0.24654,-0.48012,0.5607,-1.1704
382.8,29.496,29.496,31.351,-1.9246,-1.331,-0.29314,-0.4442,0.3621,-1.2433
383.2,29.193,29.193,31.359,-1.9888,-1.2134,-0.33331,-0.40142,0.15616,-1.2801
383.6,28.9,28.9,31.367,-2.046,-1.092,-0.36816,-0.35417,-0.052821,-1.2815
384,28.618,28.618,31.374,-2.0973,-0.96864,-0.39849,-0.30423,-0.26018,-1.2486
384.41,28.35,28.35,31.379,-2.1433,-0.84421,-0.42484,-0.25281,-0.46098,-1.183
384.81,28.1,28.1,31.382,-2.1844,-0.71941,-0.44743,-0.20069,-0.6502,-1.0863
385.21,27.873,27.873,31.383,-2.2205,-0.59451,-0.46623,-0.14833,-0.82279,-0.96113
385.62,27.675,27.675,31.382,-2.2515,-0.46957,-0.48097,-0.095919,-0.97395,-0.81033
386.02,27.512,27.512,31.379,-2.2768,-0.34442,-0.49121,-0.04347,-1.0992,-0.63746
386.42,27.39,27.39,31.376,-2.2958,-0.21878,-0.4963,0.0090829,-1.1944,-0.44663
386.83,27.313,27.313,31.373,-2.3078,-0.092366,-0.49558,0.061796,-1.2564,-0.24252
387.23,27.287,27.287,31.37,-2.3122,0.035027,-0.4884,0.11459,-1.2826,-0.03035
387.63,27.314,27.314,31.369,-2.3085,0.16335,-0.47438,0.1671,-1.2718,0.18412
388.04,27.394,27.394,31.368,-2.2966,0.29224,-0.4535,0.21865,-1.2241,0.3947
388.44,27.524,27.524,31.368,-2.2766,0.42094,-0.42621,0.2682,-1.1408,0.59497
388.84,27.7,27.7,31.368,-2.2494,0.54845,-0.39336,0.3145,-1.0248,0.77858
389.25,27.916,27.916,31.367,-2.2155,0.67368,-0.35609,0.3563,-0.88024,0.93963
389.65,28.162,28.162,31.366,-2.1759,0.79567,-0.31561,0.39252,-0.71183,1.073
390.05,28.433,28.433,31.363,-2.1311,0.91371,-0.27295,0.42249,-0.52502,1.1749
390.46,28.722,28.722,31.358,-2.0814,1.0275,-0.2289,0.44597,-0.32542,1.2424
390.86,29.022,29.022,31.351,-2.0267,1.137,-0.18388,0.4631,-0.11869,1.2742
391.26,29.329,29.329,31.345,-1.9667,1.2425,-0.13804,0.47435,0.089679,1.2701
391.66,29.638,29.638,31.337,-1.9014,1.3441,-0.091653,0.47999,0.29403,1.2307
392.07,29.964,29.964,31.335,-1.8252,1.4468,-0.039698,0.4853,0.49421,1.1623
392.47,30.368,30.368,31.353,-1.7221,1.5653,0.034342,0.50439,0.70242,1.0803
392.87,30.832,30.832,31.388,-1.5957,1.6937,0.12745,0.53028,0.9118,0.97904
393.28,31.273,31.273,31.42,-1.4651,1.8117,0.21999,0.54261,1.0984,0.84103
393.68,31.615,31.615,31.432,-1.3481,1.9032,0.2928,0.5259,1.2381,0.65555
394.08,31.825,31.825,31.42,-1.2512,1.9643,0.33762,0.47821,1.3185,0.42699
394.49,31.918,31.918,31.39,-1.1696,2.0024,0.35764,0.40884,1.3396,0.17176
394.89,31.93,31.93,31.353,-1.0937,2.0287,0.36185,0.3308,1.3095,-0.090055
395.29,31.901,31.901,31.318,-1.0141,2.0529,0.35958,0.25497,1.238,-0.34098
395.7,31.858,31.858,31.291,-0.92459,2.0808,0.35767,0.18786,1.1345,-0.56865
396.1,31.819,31.819,31.275,-0.82229,2.1144,0.35991,0.13183,1.006,-0.76564
396.5,31.789,31.789,31.27,-0.70688,2.1529,0.3675,0.0863,0.85816,-0.92823
396.91,31.771,31.771,31.275,-0.57973,2.1941,0.37996,0.049117,0.69531,-1.0551
397.31,31.761,31.761,31.287,-0.44299,2.2351,0.39583,0.017571,0.52125,-1.1462
397.71,31.758,31.758,31.304,-0.29909,2.2731,0.41325,-0.010956,0.33962,-1.2024
398.12,31.758,31.758,31.324,-0.15039,2.3057,0.43033,-0.038655,0.1541,-1.2248
398.52,31.76,31.76,31.345,0.00094098,2.3308,0.44526,-0.067178,-0.031498,-1.2147
398.92,31.761,31.761,31.365,0.15297,2.3469,0.4564,-0.097659,-0.21333,-1.1741
399.32,31.763,31.763,31.384,0.30397,2.3528,0.46231,-0.13077,-0.38757,-1.1049
399.73,31.764,31.763,31.4,0.45239,2.3476,0.46172,-0.16682,-0.55059,-1.0098
400.13,31.764,31.764,31.413,0.5968,2.3308,0.4535,-0.20579,-0.69901,-0.89178
400.53,31.764,31.764,31.421,0.73592,2.302,0.43673,-0.24737,-0.82986,-0.75408
400.94,31.764,31.764,31.425,0.86858,2.261,0.41065,-0.29106,-0.94059,-0.60039
401.34,31.765,31.765,31.425,0.99405,2.2083,0.37501,-0.33583,-1.0289,-0.43434
401.74,31.774,31.774,31.421,1.1129,2.1452,0.33111,-0.37963,-1.0915,-0.25905
402.15,31.45,31.451,31.332,1.1405,1.9918,0.19328,-0.49998,-1.2148,-0.15547
402.55,31.07,31.07,31.23,1.1465,1.8264,0.027925,-0.61292,-1.3347,-0.039102
402.97,31.133,31.132,31.235,1.2548,1.7611,-0.039536,-0.6073,-1.3175,0.19819
