-99.076,216.24,20.217,-1.3886,1.6316,15.498,5.1227,-19.649
-96.933,208.91,21.311,-1.585,3.2348,2.5652,5.0855,-15.778
-94.995,202.92,22.616,-1.633,3.0568,-3.2911,4.1737,-14.128
-94.391,197.63,23.646,-2.1426,1.9205,-2.9313,-2.2503,-11.544
-96.825,193.68,24.068,-2.5515,0.23565,3.3102,-8.344,-9.049
-100.35,189.65,23.921,-2.4631,-0.78194,9.1944,-8.8442,-11.117
-103.87,184.77,23.538,-2.3754,-1.0109,12.321,-8.4986,-12.936
-107.11,179.28,23.166,-2.2934,-0.79228,13.135,-7.5552,-14.181
-109.9,173.38,22.923,-2.2145,-0.41122,12.469,-6.2772,-14.97
-112.14,167.24,22.836,-2.1314,-0.038769,11.055,-4.7772,-15.488
-113.64,160.88,22.89,-2.0142,0.29479,9.1281,-2.6546,-15.996
-114.36,154.42,23.065,-1.9382,0.53951,7.0253,-1.1644,-15.961
-114.67,148.04,23.303,-1.9064,0.61166,5.4566,-0.48696,-15.707
-114.8,141.75,23.539,-1.8934,0.54598,4.5865,-0.19467,-15.53
-114.85,135.5,23.733,-1.8881,0.41286,4.2721,-0.081975,-15.468
-114.88,129.26,23.87,-1.8857,0.26975,4.2993,-0.046033,-15.489
-114.89,123.01,23.953,-1.8841,0.15008,4.481,-0.037241,-15.549
-114.91,116.73,23.995,-1.8826,0.066063,4.6918,-0.034165,-15.616
-114.92,110.42,24.01,-1.8813,0.016113,4.8665,-0.029778,-15.673
-114.93,104.09,24.011,-1.8802,-0.0079152,4.9839,-0.023436,-15.712
-114.94,97.751,24.006,-1.8794,-0.015459,5.0485,-0.016491,-15.734
-114.94,91.405,23.999,-1.8789,-0.014402,5.075,-0.010288,-15.745
-114.95,85.056,23.994,-1.8786,-0.010115,5.0788,-0.0055466,-15.747
-114.95,78.708,23.991,-1.8784,-0.0056202,5.0721,-0.0023908,-15.746
-114.95,72.36,23.99,-1.8783,-0.0022157,5.0626,-0.00057752,-15.744
-114.95,66.014,23.989,-1.8783,-0.00016008,5.0544,0.00027632,-15.741
-114.95,59.668,23.989,-1.8784,0.00078627,5.0488,0.0005429,-15.74
-114.95,53.322,23.99,-1.8784,0.0010104,5.0457,0.00051115,-15.739
-114.95,46.977,23.99,-1.8784,0.00086265,5.0445,0.00037014,-15.738
-114.95,40.632,23.991,-1.8784,0.00058864,5.0444,0.00022325,-15.738
-114.95,34.287,23.991,-1.8784,0.00032668,5.0448,0.00011366,-15.738
-114.95,27.942,23.991,-1.8784,0.00013404,5.0453,4.9164e-05,-15.738
-114.95,21.597,23.991,-1.8784,1.8536e-05,5.0458,2.1083e-05,-15.739
-114.95,15.253,23.991,-1.8809,-0.0015314,5.0535,-0.038768,-15.73
-114.94,8.9005,23.99,-1.8569,0.0066553,5.0225,0.31552,-15.825
-114.51,2.4772,24.013,-1.7646,0.12585,4.334,1.8247,-15.987
-113.48,-3.9376,24.101,-1.6808,0.30901,2.9854,3.2218,-15.796
-111.9,-10.231,24.261,-1.5975,0.47158,1.3794,4.5564,-15.407
-109.8,-16.339,24.477,-1.5129,0.59226,-0.30629,5.8313,-14.885
-107.2,-22.214,24.734,-1.4264,0.67079,-1.9812,7.0419,-14.26
-104.12,-27.818,25.014,-1.3376,0.7159,-3.6116,8.1855,-13.547
-100.6,-33.118,25.308,-1.2463,0.73788,-5.1916,9.2565,-12.751
-96.657,-38.08,25.607,-1.1524,0.74497,-6.7248,10.247,-11.875
-92.337,-42.674,25.908,-1.0558,0.74243,-8.2137,11.148,-10.925
-87.673,-46.87,26.205,-0.95643,0.73278,-9.6545,11.952,-9.9078
-82.706,-50.645,26.497,-0.85435,0.71658,-11.037,12.654,-8.8349
-77.478,-53.977,26.782,-0.74949,0.69319,-12.343,13.249,-7.718
-72.031,-56.852,27.055,-0.64184,0.6614,-13.553,13.74,-6.5696
-66.408,-59.26,27.313,-0.53143,0.61987,-14.641,14.13,-5.401
-60.648,-61.194,27.553,-0.41839,0.56734,-15.58,14.423,-4.2221
-54.787,-62.652,27.769,-0.30296,0.50287,-16.341,14.629,-3.0405
-48.861,-63.634,27.956,-0.18555,0.42601,-16.899,14.755,-1.8606
-42.899,-64.141,28.11,-0.066725,0.33703,-17.228,14.808,-0.68457
-36.93,-64.175,28.225,0.052769,0.23707,-17.313,14.794,0.48818
-30.979,-63.736,28.299,0.1721,0.12837,-17.142,14.717,1.6594
-25.073,-62.825,28.327,0.29041,0.014211,-16.719,14.574,2.8311
-19.239,-61.442,28.309,0.40694,-0.10134,-16.056,14.363,4.0037
-13.505,-59.585,28.244,0.52108,-0.2139,-15.177,14.075,5.1753
-7.9048,-57.258,28.136,0.63244,-0.31936,-14.112,13.701,6.3405
-2.4744,-54.463,27.987,0.74084,-0.41446,-12.896,13.234,7.4907
2.7469,-51.21,27.803,0.84625,-0.49706,-11.563,12.665,8.6148
7.7174,-47.511,27.588,0.94872,-0.56619,-10.143,11.992,9.6997
12.395,-43.386,27.347,1.0484,-0.62189,-8.6647,11.214,10.731
16.737,-38.857,27.087,1.1453,-0.66484,-7.1506,10.334,11.696
20.709,-33.957,26.813,1.2383,-0.69462,-5.6282,9.3774,12.575
24.232,-28.709,26.527,1.355,-0.73052,-4.0249,7.9987,13.459
27.05,-23.09,26.213,1.506,-0.83242,-1.9621,5.9841,14.374
29.04,-17.136,25.851,1.6413,-0.95633,0.46485,3.9775,15.104
30.293,-10.936,25.451,1.7401,-1.0123,2.7573,2.3642,15.607
31.006,-4.5734,25.051,1.8011,-0.95495,4.4882,1.2869,15.92
31.383,1.8824,24.695,1.8348,-0.80015,5.509,0.6647,16.079
31.577,8.376,24.413,1.8525,-0.5985,5.9212,0.34225,16.117
31.679,14.867,24.214,1.8619,-0.40028,5.935,0.18703,16.075
31.738,21.332,24.088,1.8673,-0.23713,5.753,0.11403,15.996
31.775,27.764,24.018,1.8709,-0.12038,5.5188,0.077318,15.912
31.802,34.163,23.986,1.8734,-0.047191,5.3121,0.05527,15.84
31.821,40.538,23.976,1.8753,-0.0078432,5.1636,0.03918,15.788
31.834,46.896,23.977,1.8766,0.008886,5.0742,0.02627,15.756
31.842,53.244,23.981,1.8775,0.012662,5.0311,0.015976,15.739
31.847,59.588,23.986,1.8781,0.010436,5.0178,0.0082386,15.732
31.849,65.93,23.989,1.8784,0.0064672,5.0204,0.0028812,15.732
31.849,72.273,23.991,1.8785,0.0028993,5.029,-0.00048489,15.733
31.849,78.616,23.992,1.8786,0.00049004,5.038,-0.0023636,15.735
31.848,84.96,23.992,1.8786,-0.00076103,5.0448,-0.0032519,15.737
31.846,91.305,23.991,1.8786,-0.0011651,5.0489,-0.0035594,15.738
31.845,97.65,23.991,1.8786,-0.0010811,5.0509,-0.0035784,15.739
31.843,104,23.991,1.8786,-0.00079391,5.0513,-0.0034903,15.739
31.842,110.34,23.99,1.8786,-0.0004825,5.0511,-0.0033908,15.739
31.839,116.69,23.99,1.8807,-0.00082417,5.053,-0.033256,15.733
31.804,123.03,23.987,1.8667,-0.0083719,5.1087,0.14238,15.791
32.482,129.47,24.017,1.6751,0.2084,3.9266,3.262,16.042
33.817,135.83,24.154,1.7234,0.39581,2.2672,2.6686,15.502
34.547,142.01,24.284,1.8241,0.21757,2.4714,1.0869,15.248
34.702,148.15,24.315,1.9067,-0.060198,3.6908,-0.28009,15.218
34.309,154.29,24.237,1.9843,-0.30663,5.3051,-1.638,15.206
33.366,160.4,24.076,2.0601,-0.47741,6.9687,-3.0046,15.1
31.873,166.44,23.862,2.1354,-0.57072,8.5101,-4.3648,14.846
29.838,172.35,23.623,2.2104,-0.60283,9.8676,-5.6938,14.43
27.277,178.05,23.381,2.285,-0.59391,11.039,-6.9684,13.859
24.216,183.5,23.148,2.3587,-0.56125,12.045,-8.1714,13.152
20.687,188.63,22.93,2.4316,-0.51719,12.915,-9.2914,12.329
16.726,193.41,22.731,2.5034,-0.46937,13.672,-10.321,11.407
12.368,197.81,22.552,2.5741,-0.42184,14.333,-11.257,10.402
7.6533,201.78,22.392,2.6439,-0.37633,14.911,-12.095,9.3262
2.6214,205.31,22.249,2.7128,-0.33323,15.411,-12.833,8.1897
-2.6869,208.37,22.123,2.7809,-0.29229,15.837,-13.468,7.0019
-8.2302,210.94,22.013,2.8484,-0.25303,16.191,-14,5.7712
-13.966,213,21.919,2.9153,-0.21499,16.473,-14.426,4.5056
-19.852,214.55,21.84,2.9819,-0.17776,16.683,-14.745,3.2129
-25.844,215.58,21.776,3.1732,-0.14106,16.822,-14.956,1.9008
-31.898,216.07,21.727,2.2068,-0.10469,16.889,-15.058,0.57689
-37.971,216.03,21.692,-2.9084,-0.068492,16.883,-15.051,-0.75111
-44.019,215.45,21.672,-3.0828,-0.032366,16.805,-14.934,-2.0756
-49.996,214.34,21.666,-2.9697,0.0037839,16.654,-14.707,-3.3886
-55.86,212.71,21.675,-2.9028,0.040047,16.43,-14.371,-4.6825
-61.565,210.56,21.699,-2.8354,0.07651,16.131,-13.926,-5.9489
-67.069,207.91,21.737,-2.7674,0.11326,15.757,-13.374,-7.1797
-72.329,204.76,21.791,-2.6987,0.15039,15.306,-12.716,-8.3661
-77.301,201.16,21.859,-2.6291,0.18796,14.779,-11.954,-9.4991
-81.946,197.1,21.943,-2.5586,0.22603,14.172,-11.091,-10.57
-86.222,192.63,22.042,-2.487,0.26465,13.486,-10.13,-11.568
-90.091,187.78,22.157,-2.4143,0.3038,12.718,-9.0768,-12.484
-93.518,182.57,22.287,-2.3401,0.34347,11.868,-7.9366,-13.309
-96.468,177.05,22.434,-2.2646,0.38356,10.936,-6.7169,-14.032
-98.915,171.27,22.597,-2.1887,0.42297,9.9268,-5.4444,-14.636
-100.8,165.24,22.777,-2.092,0.47315,8.7836,-3.8219,-15.262
-101.95,158.98,22.985,-1.99,0.55865,7.3211,-2.0316,-15.694
-102.53,152.65,23.221,-1.9346,0.59961,5.9251,-0.98462,-15.675
-102.81,146.35,23.456,-1.9078,0.55189,4.978,-0.46061,-15.564
-102.93,140.09,23.657,-1.8952,0.44213,4.5102,-0.21546,-15.499
-103,133.85,23.809,-1.8891,0.31198,4.3971,-0.10854,-15.499
-103.03,127.59,23.909,-1.8858,0.19331,4.4847,-0.064439,-15.541
-103.05,121.31,23.967,-1.8836,0.10234,4.6484,-0.045473,-15.599
-103.07,115.01,23.995,-1.882,0.042229,4.8103,-0.034794,-15.653
-103.08,108.69,24.004,-1.8807,0.0083596,4.9344,-0.026248,-15.695
-103.09,102.36,24.004,-1.8797,-0.0068869,5.0131,-0.018458,-15.722
-103.09,96.015,24,-1.8791,-0.01094,5.0536,-0.011656,-15.737
-103.1,89.669,23.996,-1.8787,-0.0095139,5.068,-0.0062598,-15.744
-103.1,83.322,23.993,-1.8784,-0.0062802,5.068,-0.0024093,-15.745
-103.1,76.974,23.991,-1.8783,-0.0031823,5.062,4.3847e-05,-15.744
-103.1,70.627,23.99,-1.8783,-0.00097494,5.0549,0.0014122,-15.742
-103.1,64.281,23.99,-1.8783,0.00026522,5.0492,0.0020441,-15.74
-103.1,57.936,23.99,-1.8783,0.00076052,5.0455,0.0022411,-15.739
-103.1,51.59,23.99,-1.8783,0.00080031,5.0436,0.0022237,-15.739
-103.1,45.245,23.991,-1.8783,0.00062726,5.043,0.0021304,-15.738
-103.09,38.9,23.991,-1.8783,0.00040167,5.0431,0.0020346,-15.738
-103.09,32.555,23.991,-1.8783,0.0002073,5.0435,0.0019653,-15.738
-103.09,26.21,23.991,-1.8783,7.3479e-05,5.0439,0.0019271,-15.739
-103.09,19.865,23.991,-1.8784,-2.5729e-05,5.0443,0.00027511,-15.738
-103.1,13.522,23.991,-1.8809,-0.0032494,5.0621,-0.042744,-15.733
-103.01,7.1505,23.993,-1.8285,0.030752,4.8956,0.76634,-15.909
-102.34,0.71014,24.036,-1.7258,0.19526,3.8803,2.4669,-15.965
-101.04,-5.6695,24.156,-1.6373,0.39381,2.2926,3.9231,-15.651
-99.181,-11.882,24.349,-1.5514,0.55166,0.53921,5.2618,-15.16
-96.798,-17.873,24.595,-1.4647,0.65682,-1.2168,6.518,-14.556
-93.923,-23.601,24.874,-1.3763,0.71737,-2.9142,7.7,-13.865
-90.587,-29.034,25.17,-1.2854,0.74652,-4.542,8.809,-13.095
-86.82,-34.141,25.473,-1.192,0.75606,-6.1082,9.8405,-12.246
-82.654,-38.889,25.778,-1.0958,0.75413,-7.6233,10.787,-11.32
-78.126,-43.249,26.08,-0.99676,0.74506,-9.0909,11.639,-10.322
-73.275,-47.193,26.378,-0.89479,0.73028,-10.506,12.389,-9.2615
-68.144,-50.699,26.668,-0.78983,0.7094,-11.855,13.034,-8.1488
-62.774,-53.747,26.949,-0.68179,0.68107,-13.118,13.572,-6.9961
-57.21,-56.324,27.216,-0.57064,0.64363,-14.27,14.004,-5.8153
-51.492,-58.422,27.466,-0.4564,0.59541,-15.282,14.336,-4.6171
-45.66,-60.034,27.694,-0.33922,0.53498,-16.125,14.573,-3.4099
-39.751,-61.159,27.895,-0.21946,0.46133,-16.766,14.724,-2.1998
-33.797,-61.796,28.063,-0.097701,0.37413,-17.179,14.797,-0.99029
-27.829,-61.946,28.194,0.025238,0.274,-17.337,14.796,0.21732
-21.876,-61.609,28.281,0.14834,0.16287,-17.227,14.728,1.4235
-15.964,-60.786,28.323,0.27051,0.044053,-16.847,14.592,2.629
-10.121,-59.477,28.315,0.39076,-0.077902,-16.206,14.385,3.8339
-4.3774,-57.683,28.259,0.50829,-0.1978,-15.33,14.101,5.0359
1.2336,-55.405,28.156,0.62265,-0.31061,-14.254,13.729,6.2297
6.6753,-52.65,28.009,0.73363,-0.41227,-13.016,13.261,7.4068
11.907,-49.425,27.824,0.84127,-0.50016,-11.655,12.69,8.5557
16.887,-45.746,27.607,0.94569,-0.57317,-10.205,12.011,9.663
21.57,-41.631,27.363,1.0471,-0.63145,-8.6969,11.223,10.715
25.914,-37.105,27.099,1.1455,-0.67591,-7.1541,10.332,11.696
29.88,-32.202,26.82,1.2407,-0.70672,-5.6035,9.3502,12.591
33.389,-26.944,26.528,1.3565,-0.7434,-3.9694,7.9801,13.481
36.228,-21.323,26.212,1.497,-0.83034,-1.9648,6.1111,14.365
38.291,-15.377,25.856,1.627,-0.93333,0.33087,4.1952,15.077
39.636,-9.1896,25.466,1.7266,-0.98191,2.5275,2.5859,15.573
40.429,-2.8415,25.077,1.7913,-0.93283,4.2432,1.4603,15.884
40.864,3.6006,24.728,1.8287,-0.79349,5.3112,0.77975,16.048
41.094,10.084,24.446,1.8489,-0.60567,5.7941,0.41049,16.097
41.217,16.569,24.241,1.8599,-0.41549,5.8723,0.22448,16.067
41.286,23.033,24.108,1.8662,-0.25455,5.7356,0.13366,15.997
41.33,29.466,24.032,1.8702,-0.13601,5.5267,0.087575,15.917
41.359,35.868,23.994,1.873,-0.059165,5.3299,0.060954,15.847
41.38,42.246,23.98,1.875,-0.015878,5.1819,0.042716,15.795
41.394,48.606,23.978,1.8764,0.0041724,5.0886,0.028731,15.761
41.403,54.956,23.982,1.8773,0.010325,5.0405,0.01777,15.743
41.409,61.301,23.986,1.8779,0.0095646,5.0229,0.0095016,15.734
41.411,67.644,23.989,1.8783,0.0063553,5.0226,0.0036754,15.732
41.412,73.987,23.991,1.8785,0.0030855,5.0295,-9.5666e-05,15.733
41.411,80.33,23.992,1.8786,0.00072098,5.0378,-0.0022995,15.735
41.41,86.674,23.992,1.8786,-0.00059273,5.0444,-0.0034269,15.737
41.409,93.019,23.991,1.8786,-0.0010814,5.0488,-0.0038943,15.738
41.407,99.364,23.991,1.8786,-0.0010645,5.0509,-0.0040098,15.739
41.405,105.71,23.99,1.8786,-0.00081633,5.0516,-0.003973,15.739
41.404,112.06,23.99,1.8786,-0.00051962,5.0515,-0.0038964,15.739
41.399,118.4,23.99,1.8819,-0.0014085,5.0561,-0.051347,15.73
41.376,124.75,23.987,1.8559,-0.0034567,5.0879,0.30718,15.821
42.135,131.19,24.024,1.6734,0.22924,3.7879,3.3084,16.028
43.417,137.54,24.162,1.7344,0.38287,2.2869,2.4946,15.48
44.086,143.72,24.284,1.8334,0.19292,2.5933,0.93588,15.246
44.176,149.86,24.304,1.9167,-0.085079,3.8658,-0.44904,15.214
43.712,155.99,24.218,1.9948,-0.32689,5.5034,-1.8224,15.189
42.692,162.09,24.049,2.0712,-0.49154,7.1714,-3.2011,15.064
41.118,168.12,23.831,2.1471,-0.57918,8.707,-4.5698,14.785
38.999,173.99,23.59,2.2227,-0.60686,10.055,-5.9037,14.342
36.353,179.65,23.347,2.2978,-0.59485,11.215,-7.18,13.744
33.207,185.05,23.113,2.3721,-0.56021,12.211,-8.3817,13.01
29.594,190.12,22.897,2.4455,-0.51493,13.072,-9.4978,12.159
25.551,194.83,22.699,2.5179,-0.46633,13.819,-10.521,11.209
21.114,199.14,22.521,2.5893,-0.41825,14.471,-11.448,10.176
16.325,203.01,22.362,2.6597,-0.37225,15.038,-12.274,9.0724
11.224,206.43,22.221,2.7293,-0.32864,15.527,-12.997,7.9078
5.8521,209.37,22.097,2.7982,-0.28713,15.941,-13.616,6.6918
0.25343,211.81,21.99,2.8665,-0.24724,16.28,-14.127,5.433
-5.5291,213.73,21.898,2.9344,-0.20848,16.547,-14.53,4.1395
-11.451,215.13,21.822,3.002,-0.17045,16.739,-14.822,2.8192
-17.468,215.99,21.761,3.3246,-0.13286,16.858,-15.003,1.48
-23.534,216.31,21.715,0.42099,-0.095489,16.902,-15.07,0.12983
-29.604,216.08,21.684,-3.3323,-0.058188,16.871,-15.024,-1.2234
-35.632,215.31,21.669,-3.0115,-0.020827,16.765,-14.864,-2.5716
-41.571,214,21.668,-2.9433,0.016675,16.583,-14.591,-3.902
-47.378,212.15,21.682,-2.8732,0.054192,16.325,-14.196,-5.2382
-52.972,209.7,21.713,-2.7809,0.10024,15.945,-13.524,-6.937
-58.262,206.59,21.765,-2.6981,0.15605,15.409,-12.741,-8.3883
-63.235,202.96,21.838,-2.627,0.20484,14.799,-11.939,-9.5386
-67.872,198.9,21.929,-2.5573,0.24447,14.147,-11.07,-10.588
-72.141,194.42,22.035,-2.4868,0.2789,13.447,-10.118,-11.565
-76.008,189.57,22.155,-2.415,0.31193,12.687,-9.0794,-12.468
-79.439,184.37,22.287,-2.3417,0.34594,11.856,-7.9549,-13.286
-82.4,178.87,22.434,-2.2668,0.38191,10.944,-6.749,-14.008
-84.863,173.09,22.596,-2.1918,0.41862,9.9539,-5.4942,-14.612
-86.756,167.07,22.774,-2.0897,0.47063,8.8121,-3.795,-15.284
-87.863,160.79,22.984,-1.9797,0.57177,7.263,-1.8626,-15.751
-88.377,154.44,23.228,-1.9266,0.62,5.792,-0.84345,-15.686
-88.608,148.15,23.469,-1.9032,0.56568,4.8407,-0.37476,-15.55
-88.711,141.89,23.674,-1.8929,0.44534,4.4084,-0.16957,-15.482
-88.76,135.65,23.825,-1.888,0.30689,4.3396,-0.086813,-15.488
-88.787,129.4,23.922,-1.8853,0.18405,4.4636,-0.055863,-15.537
-88.807,123.12,23.977,-1.8834,0.092471,4.6504,-0.043323,-15.6
-88.823,116.82,24.001,-1.8819,0.033918,4.8234,-0.035393,-15.657
-88.835,110.5,24.007,-1.8807,0.0024264,4.9501,-0.027852,-15.7
-88.845,104.16,24.005,-1.8798,-0.010528,5.0269,-0.020393,-15.726
-88.852,97.821,24,-1.8792,-0.012813,5.064,-0.01375,-15.74
-88.856,91.474,23.995,-1.8788,-0.010237,5.0752,-0.008516,-15.745
-88.859,85.126,23.992,-1.8786,-0.0063764,5.0728,-0.004859,-15.746
-88.86,78.778,23.99,-1.8785,-0.0030155,5.0652,-0.0026054,-15.744
-88.861,72.431,23.989,-1.8784,-0.00075596,5.0574,-0.0014134,-15.742
-88.862,66.085,23.989,-1.8784,0.00044004,5.0515,-0.0009178,-15.74
-88.862,59.74,23.99,-1.8784,0.00086542,5.0479,-0.00081413,-15.739
-88.862,53.394,23.99,-1.8785,0.00084464,5.0462,-0.00088793,-15.738
-88.863,47.049,23.99,-1.8785,0.00063201,5.0458,-0.0010105,-15.738
-88.863,40.704,23.99,-1.8785,0.00038684,5.046,-0.0011186,-15.738
-88.864,34.359,23.991,-1.8785,0.00018701,5.0464,-0.0011909,-15.738
-88.864,28.014,23.991,-1.8785,5.5476e-05,5.0468,-0.0012284,-15.739
-88.865,21.669,23.991,-1.8786,-4.2329e-05,5.0473,-0.003121,-15.738
-88.876,15.326,23.99,-1.8809,-0.0033312,5.0656,-0.043453,-15.734
-88.774,8.9534,23.993,-1.8269,0.033106,4.8854,0.79239,-15.912
-88.119,2.5151,24.036,-1.7312,0.19282,3.8895,2.3827,-15.954
-86.875,-3.8648,24.152,-1.6492,0.37626,2.3966,3.7369,-15.668
-85.101,-10.094,24.336,-1.5673,0.52241,0.75037,5.0216,-15.225
-82.822,-16.122,24.569,-1.4841,0.62218,-0.91269,6.2438,-14.674
-80.063,-21.908,24.833,-1.399,0.68212,-2.5355,7.4037,-14.035
-76.85,-27.421,25.115,-1.3117,0.71337,-4.1043,8.499,-13.317
-73.209,-32.628,25.406,-1.2219,0.72615,-5.6229,9.5236,-12.521
-69.172,-37.498,25.699,-1.1296,0.72762,-7.0981,10.469,-11.651
-64.771,-42.004,25.992,-1.0349,0.72177,-8.5317,11.327,-10.712
-60.043,-46.118,26.28,-0.93782,0.71006,-9.9182,12.089,-9.7124
-55.029,-49.818,26.563,-0.83838,0.69238,-11.246,12.753,-8.6642
-49.768,-53.088,26.837,-0.73663,0.66781,-12.496,13.315,-7.5797
-44.301,-55.916,27.1,-0.63267,0.63514,-13.65,13.778,-6.4711
-38.668,-58.293,27.348,-0.52665,0.59325,-14.682,14.145,-5.35
-32.904,-60.218,27.577,-0.41879,0.54129,-15.57,14.425,-4.2257
-27.045,-61.69,27.782,-0.30941,0.47883,-16.291,14.624,-3.1056
-21.12,-62.712,27.961,-0.19895,0.40597,-16.823,14.751,-1.994
-15.158,-63.288,28.108,-0.08791,0.32346,-17.15,14.814,-0.8923
-9.1828,-63.422,28.22,0.023132,0.23276,-17.262,14.819,0.20017
-3.2167,-63.117,28.294,0.1336,0.136,-17.154,14.77,1.2859
2.7182,-62.375,28.328,0.24295,0.035914,-16.83,14.665,2.3679
8.5992,-61.197,28.322,0.35074,-0.064472,-16.301,14.503,3.4485
14.402,-59.583,28.275,0.45664,-0.16213,-15.586,14.278,4.5282
20.1,-57.535,28.191,0.56043,-0.25436,-14.705,13.983,5.6055
25.663,-55.054,28.07,0.66204,-0.33904,-13.683,13.61,6.676
31.059,-52.143,27.918,0.76143,-0.41477,-12.544,13.153,7.7331
36.251,-48.811,27.736,0.85868,-0.48081,-11.31,12.605,8.7682
41.204,-45.067,27.531,0.95386,-0.53705,-10.001,11.965,9.7713
45.879,-40.928,27.304,1.0471,-0.5838,-8.6363,11.23,10.732
50.239,-36.412,27.061,1.1384,-0.6216,-7.2308,10.403,11.638
54.257,-31.547,26.804,1.224,-0.64706,-5.8206,9.5412,12.465
57.789,-26.33,26.535,1.3786,-0.70844,-4.1863,7.6907,13.456
60.253,-20.665,26.205,1.5995,-0.94398,-1.3888,4.6443,14.575
61.636,-14.618,25.774,1.7383,-1.164,1.8735,2.4455,15.355
62.332,-8.3127,25.293,1.8091,-1.187,4.4206,1.1668,15.872
62.653,-1.8481,24.843,1.8418,-1.0228,5.8737,0.52203,16.153
62.796,4.6869,24.483,1.8564,-0.76352,6.3976,0.23775,16.235
62.865,11.225,24.231,1.8634,-0.49877,6.3446,0.12687,16.186
62.907,17.729,24.077,1.8675,-0.28174,6.0335,0.086338,16.076
62.938,24.185,23.997,1.8706,-0.13013,5.6752,0.068593,15.958
62.963,30.598,23.965,1.8731,-0.039014,5.3766,0.055621,15.86
62.982,36.977,23.96,1.875,0.0064512,5.1723,0.042767,15.792
62.997,43.334,23.967,1.8764,0.022613,5.0562,0.030286,15.751
63.007,49.68,23.976,1.8774,0.023,5.0053,0.019468,15.732
63.013,56.021,23.984,1.878,0.016942,4.9943,0.011177,15.726
63.016,62.361,23.99,1.8783,0.0098465,5.0027,0.0055609,15.727
63.018,68.702,23.992,1.8784,0.0041928,5.0173,0.002237,15.73
63.018,75.045,23.993,1.8785,0.00063307,5.0307,0.00058818,15.734
63.018,81.389,23.993,1.8784,-0.0011029,5.0403,-5.3342e-06,15.737
63.018,87.734,23.992,1.8784,-0.0016019,5.0458,-3.8626e-05,15.739
63.018,94.079,23.992,1.8784,-0.0014329,5.0481,0.00015463,15.739
63.018,100.42,23.991,1.8784,-0.0010122,5.0485,0.00038485,15.74
63.019,106.77,23.991,1.8784,-0.00058415,5.048,0.00056698,15.739
63.019,113.12,23.991,1.8784,-0.00025726,5.0472,0.00067948,15.739
63.019,119.46,23.991,1.8785,-8.1249e-05,5.0466,-0.00082269,15.739
63.013,125.81,23.99,1.8797,-0.0018841,5.0568,-0.022765,15.736
63.079,132.17,23.992,1.845,0.02137,4.9412,0.51203,15.856
63.492,138.58,24.02,1.7934,0.11969,4.3208,1.3947,15.894
64.021,144.94,24.08,1.822,0.1544,3.8281,1.0111,15.647
64.185,151.2,24.122,1.9001,0.031966,4.2104,-0.22729,15.399
63.805,157.37,24.094,1.9836,-0.16854,5.3383,-1.6295,15.22
62.857,163.46,23.986,2.0637,-0.35594,6.8116,-3.0353,15.031
61.346,169.47,23.813,2.1411,-0.48737,8.3341,-4.4207,14.748
59.284,175.33,23.6,2.2173,-0.5567,9.7483,-5.7711,14.327
56.687,181,23.371,2.2928,-0.57551,10.995,-7.0678,13.755
53.582,186.4,23.141,2.3676,-0.55998,12.07,-8.2928,13.04
50,191.49,22.922,2.4417,-0.52448,12.991,-9.432,12.199
45.979,196.21,22.72,2.5148,-0.47936,13.78,-10.476,11.252
41.557,200.54,22.536,2.5869,-0.43109,14.458,-11.42,10.214
36.776,204.43,22.373,2.658,-0.38317,15.04,-12.259,9.1021
31.679,207.86,22.228,2.7283,-0.33709,15.536,-12.992,7.9276
26.308,210.8,22.101,2.7978,-0.29322,15.952,-13.616,6.7011
20.709,213.24,21.991,2.8666,-0.25133,16.292,-14.131,5.4319
14.924,215.16,21.898,2.935,-0.21101,16.557,-14.536,4.1288
8.9999,216.55,21.822,3.003,-0.17182,16.748,-14.828,2.8
2.9812,217.41,21.76,3.3287,-0.13338,16.864,-15.006,1.4537
-3.086,217.71,21.714,0.32123,-0.095395,16.905,-15.071,0.097842
-9.1558,217.47,21.684,-3.3342,-0.057644,16.872,-15.022,-1.2593
-15.182,216.68,21.668,-3.0094,-0.019964,16.762,-14.858,-2.6097
-21.119,215.36,21.668,-2.9411,0.017774,16.577,-14.58,-3.9448
-26.919,213.49,21.683,-2.8725,0.055681,16.314,-14.187,-5.2563
-32.538,211.11,21.713,-2.8034,0.093857,15.974,-13.682,-6.5353
-37.931,208.22,21.759,-2.7335,0.1324,15.554,-13.065,-7.7728
-43.052,204.84,21.82,-2.6629,0.17138,15.054,-12.338,-8.9594
-47.857,200.99,21.898,-2.5913,0.21089,14.473,-11.504,-10.085
-52.305,196.7,21.991,-2.5186,0.25096,13.808,-10.566,-11.141
-56.354,192.01,22.101,-2.4447,0.29165,13.059,-9.5289,-12.116
-59.965,186.94,22.227,-2.3694,0.33293,12.224,-8.3976,-12.999
-63.101,181.53,22.369,-2.2927,0.37476,11.303,-7.1791,-13.78
-65.733,175.83,22.529,-2.2158,0.41619,10.299,-5.9038,-14.438
-67.809,169.88,22.706,-2.1196,0.46492,9.1773,-4.3037,-15.111
-69.107,163.65,22.913,-2.0007,0.5641,7.658,-2.2473,-15.706
-69.731,157.3,23.157,-1.9362,0.63212,6.0871,-1.0287,-15.711
-70.013,151,23.408,-1.9075,0.59655,4.9966,-0.4572,-15.571
-70.138,144.74,23.627,-1.8947,0.48392,4.4526,-0.2029,-15.485
-70.195,138.5,23.793,-1.8889,0.34324,4.317,-0.098594,-15.477
-70.225,132.25,23.904,-1.8859,0.2126,4.4134,-0.059337,-15.52
-70.246,125.98,23.968,-1.8838,0.11172,4.5984,-0.044262,-15.583
-70.262,119.69,23.998,-1.8822,0.044989,4.782,-0.035864,-15.644
-70.274,113.37,24.007,-1.8809,0.0075464,4.9227,-0.028301,-15.691
-70.284,107.04,24.006,-1.8799,-0.0090665,5.0117,-0.020725,-15.721
-70.291,100.7,24.002,-1.8792,-0.013194,5.0573,-0.013804,-15.738
-70.296,94.349,23.997,-1.8788,-0.011267,5.0734,-0.0082146,-15.745
-70.298,88.001,23.993,-1.8785,-0.0074064,5.0732,-0.0042187,-15.746
-70.299,81.654,23.991,-1.8784,-0.0037793,5.0662,-0.001696,-15.744
-70.299,75.307,23.99,-1.8784,-0.0012114,5.0581,-0.00032007,-15.742
-70.299,68.96,23.989,-1.8784,0.00023168,5.0516,0.00028341,-15.741
-70.299,62.615,23.99,-1.8784,0.00081553,5.0474,0.00043901,-15.739
-70.299,56.269,23.99,-1.8784,0.00087548,5.0453,0.00038205,-15.739
-70.299,49.924,23.99,-1.8784,0.00069011,5.0446,0.00025803,-15.738
-70.299,43.579,23.991,-1.8784,0.00044245,5.0447,0.00014156,-15.738
-70.299,37.234,23.991,-1.8784,0.00022796,5.0451,6.033e-05,-15.738
-70.299,30.889,23.991,-1.8784,8.0155e-05,5.0456,1.611e-05,-15.739
-70.299,24.544,23.991,-1.8784,-5.4073e-06,5.0459,-0.00029477,-15.739
-70.308,18.2,23.99,-1.8815,-0.0028508,5.0611,-0.050748,-15.73
-70.243,11.836,23.991,-1.8378,0.022022,4.9441,0.61735,-15.883
-69.668,5.4013,24.027,-1.7436,0.16861,4.0526,2.1767,-15.969
-68.506,-0.9921,24.133,-1.661,0.35104,2.6176,3.5451,-15.718
-66.802,-7.2461,24.308,-1.5775,0.50455,0.9798,4.8661,-15.293
-64.578,-13.302,24.535,-1.4925,0.61462,-0.70864,6.1254,-14.745
-61.859,-19.116,24.799,-1.4055,0.68414,-2.3741,7.32,-14.098
-58.673,-24.651,25.083,-1.3162,0.72276,-3.9917,8.4465,-13.365
-55.048,-29.874,25.379,-1.2243,0.74048,-5.5595,9.4989,-12.55
-51.015,-34.751,25.679,-1.1297,0.74488,-7.0816,10.469,-11.656
-46.61,-39.253,25.979,-1.0325,0.7405,-8.5591,11.347,-10.69
-41.87,-43.352,26.275,-0.93257,0.72931,-9.9867,12.127,-9.659
-36.838,-47.024,26.566,-0.82987,0.7115,-11.352,12.804,-8.575
-31.554,-50.25,26.847,-0.72439,0.68626,-12.638,13.374,-7.45
-26.063,-53.016,27.117,-0.61612,0.65231,-13.821,13.841,-6.2962
-20.404,-55.313,27.372,-0.50512,0.60831,-14.876,14.207,-5.1249
-14.617,-57.135,27.606,-0.39154,0.55307,-15.775,14.479,-3.9453
-8.7379,-58.482,27.815,-0.27566,0.48575,-16.491,14.665,-2.7643
-2.8006,-59.353,27.995,-0.15791,0.40605,-16.996,14.773,-1.5858
3.1653,-59.749,28.14,-0.038925,0.31441,-17.27,14.81,-0.41118
9.1325,-59.673,28.246,0.080549,0.21226,-17.295,14.782,0.76047
15.075,-59.124,28.309,0.19966,0.10205,-17.066,14.69,1.9311
20.967,-58.104,28.327,0.31757,-0.012714,-16.586,14.532,3.1025
26.781,-56.611,28.298,0.43353,-0.12786,-15.871,14.304,4.2747
32.487,-54.646,28.223,0.54702,-0.23901,-14.946,13.997,5.4449
38.052,-52.21,28.105,0.65767,-0.34225,-13.844,13.602,6.6072
43.438,-49.309,27.948,0.76535,-0.43454,-12.598,13.112,7.7521
48.605,-45.952,27.756,0.87004,-0.51403,-11.243,12.52,8.8681
53.512,-42.153,27.534,0.97183,-0.58,-9.808,11.823,9.9416
58.116,-37.933,27.289,1.0708,-0.63266,-8.32,11.021,10.959
62.377,-33.317,27.025,1.1669,-0.67276,-6.8011,10.121,11.905
66.259,-28.336,26.748,1.2605,-0.69981,-5.2799,9.1304,12.768
69.648,-23.006,26.459,1.3879,-0.7462,-3.609,7.5798,13.671
72.28,-17.305,26.136,1.5393,-0.8613,-1.4312,5.5091,14.559
74.087,-11.288,25.763,1.6677,-0.97787,1.0162,3.5608,15.237
75.196,-5.044,25.358,1.7574,-1.0105,3.2149,2.0659,15.693
75.814,1.3454,24.964,1.811,-0.9277,4.7887,1.1054,15.969
76.137,7.8145,24.623,1.8401,-0.75695,5.6555,0.56681,16.098
76.302,14.311,24.36,1.8552,-0.55172,5.9558,0.29381,16.114
76.391,20.798,24.178,1.8634,-0.35914,5.9071,0.16411,16.06
76.443,27.256,24.067,1.8683,-0.20602,5.7015,0.1029,15.977
76.477,33.679,24.007,1.8716,-0.099766,5.4677,0.071122,15.894
76.501,40.072,23.982,1.8739,-0.035322,5.2725,0.051057,15.826
76.519,46.442,23.975,1.8756,-0.0021792,5.1379,0.03589,15.779
76.53,52.797,23.977,1.8768,0.01075,5.0605,0.023628,15.751
76.538,59.144,23.982,1.8776,0.01258,5.0257,0.013944,15.737
76.542,65.487,23.987,1.8781,0.0096219,5.0173,0.0067899,15.732
76.544,71.83,23.99,1.8784,0.0055887,5.022,0.0019416,15.732
76.544,78.172,23.991,1.8786,0.0022408,5.0311,-0.0010268,15.734
76.543,84.516,23.992,1.8786,0.00010781,5.0397,-0.0026279,15.736
76.542,90.86,23.992,1.8786,-0.00091824,5.0459,-0.0033441,15.738
76.54,97.206,23.991,1.8786,-0.0011795,5.0495,-0.0035592,15.739
76.539,103.55,23.991,1.8786,-0.0010263,5.0511,-0.0035381,15.739
76.537,109.9,23.99,1.8786,-0.00072043,5.0513,-0.0034397,15.739
76.536,116.24,23.99,1.8786,-0.00041783,5.0509,-0.0033437,15.739
76.528,122.59,23.99,1.8845,-0.0027778,5.0625,-0.091597,15.725
76.533,128.94,23.987,1.8307,0.0075192,5.0415,0.69017,15.875
77.56,135.39,24.043,1.6389,0.30631,3.3124,3.8963,15.951
78.936,141.69,24.207,1.7319,0.41953,1.8757,2.5514,15.364
79.629,147.84,24.333,1.8312,0.18783,2.3666,0.98799,15.19
79.732,153.96,24.347,1.9164,-0.11034,3.7746,-0.43501,15.19
79.263,160.09,24.249,1.9971,-0.36001,5.513,-1.8571,15.177
78.219,166.18,24.066,2.0763,-0.52546,7.2539,-3.2886,15.044
76.599,172.19,23.835,2.1551,-0.61029,8.8418,-4.709,14.743
74.413,178.04,23.582,2.2336,-0.63367,10.227,-6.0896,14.264
71.684,183.66,23.329,2.3114,-0.61695,11.413,-7.4053,13.621
68.441,189,23.088,2.3884,-0.57772,12.426,-8.6379,12.835
64.72,193.99,22.865,2.4643,-0.52814,13.296,-9.7754,11.927
60.562,198.59,22.663,2.5391,-0.47558,14.046,-10.811,10.917
56.008,202.77,22.482,2.6128,-0.42384,14.695,-11.74,9.8219
51.102,206.49,22.321,2.6854,-0.37444,15.253,-12.559,8.6544
45.889,209.73,22.18,2.7572,-0.32765,15.727,-13.266,7.4266
40.414,212.46,22.057,2.8282,-0.28314,16.121,-13.859,6.1485
34.724,214.67,21.952,2.8986,-0.2404,16.435,-14.336,4.8299
28.866,216.34,21.864,2.9685,-0.19892,16.671,-14.696,3.4797
22.887,217.46,21.792,3.1208,-0.15828,16.829,-14.938,2.1068
16.835,218.02,21.736,2.592,-0.11817,16.908,-15.059,0.72006
10.76,218.02,21.697,-2.6078,-0.078366,16.908,-15.061,-0.67179
4.708,217.46,21.674,-3.1178,-0.038706,16.829,-14.942,-2.0599
-1.2709,216.35,21.666,-2.9672,0.00094384,16.669,-14.704,-3.4354
-7.1287,214.68,21.675,-2.8972,0.0407,16.43,-14.345,-4.7892
-12.817,212.48,21.699,-2.8266,0.08067,16.109,-13.867,-6.112
-18.289,209.75,21.74,-2.7553,0.12096,15.705,-13.272,-7.3942
-23.497,206.51,21.797,-2.6832,0.16166,15.218,-12.561,-8.6258
-28.395,202.79,21.871,-2.6102,0.20287,14.646,-11.737,-9.7967
-32.937,198.61,21.961,-2.5361,0.24464,13.987,-10.804,-10.896
-37.082,194,22.069,-2.4608,0.28703,13.24,-9.7652,-11.913
-40.787,189.01,22.193,-2.3841,0.33002,12.405,-8.6272,-12.837
-44.014,183.66,22.335,-2.3059,0.37358,11.479,-7.397,-13.656
-46.729,178,22.495,-2.2272,0.41709,10.465,-6.0986,-14.351
-48.892,172.09,22.672,-2.1353,0.46431,9.3477,-4.5658,-15.011
-50.312,165.89,22.877,-2.0178,0.55396,7.8877,-2.547,-15.638
-51.034,159.56,23.117,-1.9464,0.62621,6.3166,-1.2174,-15.712
-51.373,153.25,23.368,-1.9129,0.60321,5.1633,-0.55969,-15.588
-51.527,146.98,23.592,-1.8974,0.50075,4.5435,-0.2541,-15.497
-51.598,140.74,23.767,-1.8903,0.36427,4.347,-0.12229,-15.479
-51.635,134.5,23.886,-1.8865,0.23261,4.406,-0.069507,-15.515
-51.658,128.23,23.957,-1.8842,0.12768,4.5742,-0.04844,-15.574
-51.675,121.94,23.992,-1.8825,0.055992,4.7553,-0.037702,-15.635
-51.689,115.62,24.005,-1.8811,0.014102,4.9008,-0.029298,-15.684
-51.699,109.29,24.006,-1.88,-0.0058176,4.9967,-0.021342,-15.716
-51.706,102.95,24.002,-1.8793,-0.012036,5.0485,-0.014101,-15.735
-51.711,96.607,23.997,-1.8788,-0.011213,5.0692,-0.008165,-15.743
-51.713,90.26,23.993,-1.8785,-0.0077896,5.0716,-0.0038206,-15.746
-51.714,83.912,23.991,-1.8783,-0.0042236,5.0658,-0.00099134,-15.745
-51.714,77.565,23.99,-1.8783,-0.0015521,5.058,0.00062202,-15.743
-51.713,71.218,23.99,-1.8783,3.2249e-05,5.0514,0.0013885,-15.741
-51.713,64.872,23.99,-1.8783,0.00073356,5.0469,0.0016428,-15.739
-51.712,58.527,23.99,-1.8783,0.00086857,5.0445,0.001637,-15.739
-51.711,52.182,23.991,-1.8783,0.0007195,5.0436,0.0015336,-15.738
-51.711,45.837,23.991,-1.8783,0.00048137,5.0436,0.0014212,-15.738
-51.71,39.492,23.991,-1.8783,0.00026191,5.0439,0.0013368,-15.738
-51.71,33.147,23.991,-1.8783,0.00010382,5.0443,0.0012877,-15.739
-51.709,26.801,23.991,-1.8783,1.0524e-05,5.0447,0.0012293,-15.739
-51.715,20.458,23.991,-1.8812,-0.0021018,5.0556,-0.044591,-15.729
-51.68,14.101,23.991,-1.8488,0.012476,4.9924,0.44332,-15.852
-51.174,7.6693,24.02,-1.7497,0.14925,4.1867,2.0693,-15.989
-50.035,1.264,24.12,-1.6631,0.34281,2.7259,3.5087,-15.748
-48.341,-4.9999,24.293,-1.5784,0.50616,1.0447,4.8512,-15.313
-46.12,-11.061,24.523,-1.4925,0.62206,-0.68303,6.1256,-14.752
-43.399,-16.876,24.79,-1.4047,0.69409,-2.3793,7.3309,-14.095
-40.206,-22.408,25.079,-1.3146,0.73305,-4.0195,8.4656,-13.352
-36.572,-27.623,25.378,-1.2219,0.75001,-5.6037,9.5245,-12.527
-32.528,-32.489,25.682,-1.1264,0.75329,-7.1383,10.5,-11.623
-28.109,-36.975,25.985,-1.0282,0.74783,-8.6262,11.382,-10.645
-23.355,-41.054,26.284,-0.92722,0.73573,-10.063,12.165,-9.6025
-18.307,-44.7,26.577,-0.82332,0.71716,-11.437,12.842,-8.5052
-13.008,-47.895,26.861,-0.71649,0.69117,-12.73,13.412,-7.3658
-7.5018,-50.624,27.133,-0.60669,0.65635,-13.917,13.876,-6.1964
-1.8295,-52.877,27.388,-0.49395,0.61119,-14.973,14.238,-5.0081
3.9686,-54.649,27.623,-0.3784,0.55437,-15.869,14.504,-3.8103
9.8556,-55.937,27.833,-0.26031,0.48488,-16.575,14.682,-2.6096
15.798,-56.741,28.012,-0.14018,0.4023,-17.062,14.78,-1.41
21.764,-57.062,28.155,-0.018694,0.30703,-17.306,14.806,-0.21301
27.727,-56.901,28.257,0.10326,0.20056,-17.291,14.763,0.98192
33.659,-56.258,28.314,0.22468,0.085653,-17.01,14.655,2.1761
39.533,-55.134,28.324,0.34461,-0.033737,-16.469,14.478,3.3704
45.32,-53.529,28.286,0.46223,-0.15286,-15.687,14.227,4.564
50.99,-51.443,28.2,0.57699,-0.26685,-14.695,13.893,5.7528
56.506,-48.88,28.071,0.68859,-0.37147,-13.528,13.467,6.9298
61.831,-45.847,27.902,0.79695,-0.46367,-12.224,12.942,8.0846
66.922,-42.355,27.698,0.90214,-0.54179,-10.817,12.311,9.2047
71.736,-38.42,27.466,1.0043,-0.60546,-9.3402,11.572,10.276
76.23,-34.067,27.211,1.1036,-0.65526,-7.8178,10.727,11.285
80.364,-29.322,26.939,1.1993,-0.69179,-6.2744,9.7916,12.213
84.092,-24.219,26.655,1.3011,-0.71963,-4.715,8.6589,13.084
87.245,-18.756,26.353,1.4368,-0.78512,-2.8903,6.9358,13.996
89.635,-12.941,26.014,1.576,-0.89379,-0.66137,4.9701,14.8
91.259,-6.8446,25.635,1.6906,-0.97645,1.6532,3.1855,15.389
92.25,-0.55427,25.239,1.7694,-0.97139,3.6217,1.8503,15.776
92.806,5.857,24.866,1.8166,-0.86491,4.9694,1.0016,15.999
93.101,12.33,24.552,1.8425,-0.68932,5.6756,0.52481,16.092
93.256,18.82,24.315,1.8564,-0.49328,5.8916,0.27981,16.089
93.341,25.296,24.154,1.8642,-0.31622,5.8171,0.16023,16.03
93.393,31.742,24.056,1.8689,-0.17881,5.6196,0.10145,15.951
93.426,38.157,24.005,1.872,-0.085197,5.4077,0.069599,15.874
93.45,44.544,23.983,1.8743,-0.02935,5.2356,0.049109,15.814
93.466,50.91,23.978,1.8759,-0.0011691,5.1197,0.033823,15.773
93.477,57.263,23.98,1.877,0.0094714,5.0545,0.021774,15.748
93.484,63.61,23.984,1.8777,0.010671,5.0264,0.012476,15.736
93.488,69.953,23.988,1.8782,0.0079268,5.0208,0.0057238,15.733
93.489,76.295,23.99,1.8784,0.004407,5.0259,0.0011999,15.733
93.489,82.639,23.992,1.8786,0.0015704,5.0343,-0.0015532,15.734
93.488,88.983,23.992,1.8786,-0.00017972,5.0419,-0.0030384,15.736
93.487,95.327,23.992,1.8786,-0.00097268,5.0472,-0.0037109,15.738
93.485,101.67,23.991,1.8786,-0.0011223,5.0502,-0.0039251,15.739
93.483,108.02,23.991,1.8786,-0.00093672,5.0514,-0.0039227,15.739
93.482,114.36,23.99,1.8786,-0.00064007,5.0516,-0.0038474,15.739
93.48,120.71,23.99,1.8787,-0.00036526,5.0512,-0.0042457,15.739
93.446,127.05,23.989,1.8886,-0.010749,5.1074,-0.17127,15.727
93.746,133.45,23.996,1.7261,0.1016,4.557,2.3695,16.033
95.187,139.87,24.109,1.6592,0.42066,2.3939,3.6664,15.67
96.275,146.08,24.275,1.7776,0.34288,1.8985,1.8397,15.246
96.711,152.21,24.357,1.8687,0.058505,2.8879,0.37395,15.178
96.567,158.33,24.32,1.952,-0.22889,4.5034,-1.0525,15.19
95.846,164.44,24.18,2.0322,-0.44493,6.2824,-2.4882,15.134
94.546,170.51,23.971,2.1117,-0.57449,7.9787,-3.9265,14.928
92.669,176.45,23.725,2.1908,-0.63026,9.489,-5.341,14.545
90.232,182.21,23.469,2.2695,-0.63365,10.792,-6.7034,13.987
87.261,187.7,23.219,2.3474,-0.60496,11.904,-7.9909,13.271
83.789,192.88,22.984,2.4244,-0.55956,12.855,-9.1883,12.42
79.854,197.69,22.769,2.5003,-0.50747,13.673,-10.286,11.455
75.499,202.1,22.576,2.5751,-0.45439,14.378,-11.277,10.395
70.767,206.05,22.403,2.6488,-0.403,14.986,-12.159,9.2545
65.702,209.54,22.251,2.7215,-0.35419,15.505,-12.929,8.0467
60.35,212.52,22.118,2.7934,-0.3079,15.942,-13.583,6.7826
54.759,214.99,22.003,2.8646,-0.26368,16.297,-14.121,5.4724
48.975,216.92,21.905,2.9353,-0.22099,16.573,-14.541,4.1254
43.047,218.3,21.825,3.0057,-0.17936,16.769,-14.841,2.7508
37.022,219.12,21.761,3.3333,-0.13841,16.885,-15.02,1.3577
30.951,219.38,21.714,-0.30124,-0.097857,16.922,-15.076,-0.045051
24.882,219.07,21.682,-3.326,-0.057506,16.878,-15.011,-1.4484
18.865,218.2,21.668,-2.9974,-0.0172,16.752,-14.823,-2.8432
12.949,216.76,21.669,-2.9268,0.02319,16.545,-14.512,-4.2203
7.1837,214.78,21.687,-2.8558,0.063781,16.256,-14.08,-5.5702
1.6173,212.26,21.721,-2.7841,0.10468,15.883,-13.528,-6.883
-3.7017,209.23,21.772,-2.7117,0.146,15.425,-12.856,-8.1487
-8.7257,205.69,21.839,-2.6383,0.18783,14.88,-12.068,-9.3568
-13.408,201.68,21.924,-2.5639,0.23024,14.248,-11.166,-10.496
-17.705,197.23,22.025,-2.4882,0.27328,13.527,-10.155,-11.556
-21.572,192.36,22.144,-2.4112,0.31696,12.715,-9.0397,-12.525
-24.969,187.13,22.281,-2.3328,0.36124,11.811,-7.828,-13.39
-27.859,181.57,22.436,-2.2531,0.40593,10.815,-6.5326,-14.138
-30.213,175.74,22.609,-2.1693,0.45025,9.733,-5.1311,-14.782
-31.898,169.64,22.804,-2.0554,0.52301,8.4043,-3.2058,-15.474
-32.832,163.33,23.034,-1.9676,0.60877,6.8252,-1.6141,-15.715
-33.29,157.01,23.284,-1.9238,0.61636,5.5243,-0.77086,-15.627
-33.505,150.73,23.518,-1.9029,0.53701,4.7359,-0.35859,-15.522
-33.606,144.48,23.709,-1.893,0.40963,4.4079,-0.17079,-15.482
-33.656,138.24,23.847,-1.888,0.27547,4.3876,-0.090907,-15.502
-33.684,131.98,23.933,-1.8851,0.1616,4.5219,-0.058048,-15.555
-33.704,125.69,23.98,-1.8831,0.079177,4.6988,-0.042832,-15.616
-33.72,119.39,24.001,-1.8816,0.027752,4.8552,-0.032907,-15.668
-33.731,113.06,24.005,-1.8804,0.00081303,4.9664,-0.024304,-15.706
-33.739,106.73,24.003,-1.8795,-0.0097999,5.0319,-0.016499,-15.729
-33.744,100.38,23.999,-1.8789,-0.011261,5.0622,-0.0099129,-15.741
-33.747,94.034,23.995,-1.8786,-0.0087116,5.0703,-0.0048929,-15.745
-33.749,87.687,23.992,-1.8784,-0.0052337,5.067,-0.0014589,-15.745
-33.749,81.339,23.99,-1.8783,-0.0023133,5.0598,0.00062789,-15.743
-33.748,74.993,23.99,-1.8783,-0.00041099,5.0528,0.0017221,-15.741
-33.747,68.647,23.99,-1.8783,0.00055047,5.0477,0.0021761,-15.74
-33.746,62.301,23.99,-1.8783,0.0008507,5.0446,0.0022745,-15.739
-33.746,55.956,23.991,-1.8783,0.00078163,5.0432,0.0022134,-15.738
-33.745,49.611,23.991,-1.8783,0.00056493,5.0429,0.0021092,-15.738
-33.744,43.266,23.991,-1.8783,0.00033521,5.0432,0.002018,-15.738
-33.743,36.921,23.991,-1.8783,0.00015513,5.0436,0.0019584,-15.739
-33.742,30.576,23.991,-1.8783,4.0168e-05,5.044,0.0019293,-15.739
-33.743,24.231,23.991,-1.8795,-0.00055064,5.0468,-0.016555,-15.734
-33.75,17.885,23.99,-1.8715,-0.0014441,5.0583,0.091836,-15.774
-33.469,11.481,24.002,-1.7855,0.084729,4.5885,1.4684,-15.985
-32.532,5.0467,24.075,-1.6891,0.27848,3.2706,3.0787,-15.866
-30.999,-1.2736,24.227,-1.6025,0.46395,1.588,4.4768,-15.468
-28.922,-7.4016,24.444,-1.5164,0.60017,-0.17788,5.7807,-14.926
-26.335,-13.29,24.705,-1.4291,0.68581,-1.9135,7.0065,-14.286
-23.27,-18.903,24.992,-1.3397,0.73211,-3.5825,8.1591,-13.562
-19.755,-24.207,25.292,-1.2479,0.75213,-5.1841,9.2374,-12.76
-15.822,-29.172,25.597,-1.1533,0.7563,-6.7287,10.235,-11.879
-11.505,-33.766,25.901,-1.056,0.75115,-8.2245,11.144,-10.923
-6.841,-37.96,26.202,-0.95575,0.73972,-9.6719,11.956,-9.8989
-1.8711,-41.729,26.497,-0.85258,0.72258,-11.062,12.664,-8.8157
3.3623,-45.051,26.783,-0.74638,0.69888,-12.379,13.265,-7.6853
8.8161,-47.91,27.059,-0.63707,0.66707,-13.6,13.76,-6.5198
14.448,-50.293,27.319,-0.52465,0.62547,-14.699,14.151,-5.3307
20.216,-52.194,27.561,-0.40917,0.57246,-15.646,14.443,-4.1277
26.084,-53.609,27.779,-0.29087,0.50677,-16.411,14.645,-2.9185
32.015,-54.535,27.967,-0.17018,0.42761,-16.963,14.763,-1.7081
37.978,-54.974,28.121,-0.047797,0.335,-17.275,14.805,-0.499
43.943,-54.926,28.235,0.075372,0.23007,-17.326,14.777,0.70823
49.883,-54.391,28.304,0.19826,0.11529,-17.105,14.681,1.9144
55.77,-53.37,28.326,0.31979,-0.0054582,-16.616,14.517,3.12
61.576,-51.863,28.298,0.43904,-0.12727,-15.876,14.279,4.3245
67.27,-49.872,28.222,0.55534,-0.2449,-14.914,13.96,5.5242
72.817,-47.399,28.101,0.66835,-0.35363,-13.766,13.55,6.7126
78.178,-44.45,27.938,0.77797,-0.44994,-12.473,13.041,7.8798
83.312,-41.038,27.739,0.88429,-0.53185,-11.072,12.426,9.0136
88.175,-37.178,27.51,0.98746,-0.59879,-9.5948,11.702,10.1
92.725,-32.892,27.258,1.0877,-0.65129,-8.0696,10.871,11.125
96.919,-28.208,26.986,1.1845,-0.69025,-6.5197,9.944,12.072
100.72,-23.16,26.702,1.2834,-0.71791,-4.9621,8.8668,12.948
103.98,-17.753,26.403,1.4134,-0.77313,-3.2005,7.2472,13.856
106.5,-11.99,26.072,1.5528,-0.87481,-1.0407,5.3113,14.682
108.26,-5.9348,25.699,1.672,-0.9633,1.2666,3.4849,15.305
109.35,0.32759,25.305,1.757,-0.9742,3.3024,2.0664,15.72
109.98,6.7213,24.927,1.8092,-0.88465,4.7581,1.1359,15.967
110.31,13.186,24.603,1.8385,-0.71961,5.5695,0.5997,16.08
110.49,19.674,24.353,1.8542,-0.52591,5.8628,0.3186,16.092
110.59,26.152,24.179,1.8629,-0.34501,5.8325,0.17963,16.041
110.64,32.604,24.071,1.8681,-0.20078,5.6526,0.11139,15.964
110.68,39.024,24.013,1.8715,-0.099958,5.4417,0.07525,15.887
110.7,45.415,23.986,1.8739,-0.038038,5.2626,0.052851,15.823
110.72,51.785,23.978,1.8756,-0.0054838,5.1375,0.036609,15.779
110.73,58.14,23.98,1.8768,0.0078856,5.0643,0.023922,15.752
110.74,64.487,23.983,1.8776,0.010526,5.0305,0.014083,15.738
110.75,70.831,23.987,1.8781,0.0083644,5.0214,0.0068476,15.733
110.75,77.174,23.99,1.8784,0.0049423,5.025,0.0019141,15.733
110.75,83.517,23.991,1.8786,0.0019873,5.033,-0.0011568,15.734
110.75,89.861,23.992,1.8786,6.5225e-05,5.0408,-0.0028658,15.736
110.75,96.205,23.992,1.8786,-0.00087369,5.0465,-0.00368,15.738
110.74,102.55,23.991,1.8786,-0.0011178,5.0499,-0.0039736,15.739
110.74,108.9,23.991,1.8786,-0.00097824,5.0514,-0.0040088,15.739
110.74,115.24,23.99,1.8786,-0.00069371,5.0517,-0.0039466,15.739
110.74,121.59,23.99,1.8786,-0.0004089,5.0513,-0.0038713,15.739
110.71,127.93,23.989,1.8891,-0.0081792,5.0919,-0.17117,15.721
110.89,134.31,23.991,1.7597,0.063814,4.7598,1.8189,15.995
112.25,140.75,24.087,1.6459,0.39642,2.6322,3.8571,15.761
113.44,146.98,24.257,1.7638,0.37299,1.8458,2.055,15.271
113.95,153.11,24.354,1.8571,0.099556,2.7014,0.56736,15.177
113.89,159.23,24.332,1.9411,-0.19399,4.268,-0.86154,15.189
113.24,165.35,24.204,2.0215,-0.42159,6.0454,-2.2946,15.149
112.02,171.43,24.002,2.1029,-0.56309,7.7656,-3.7614,14.951
110.18,177.37,23.758,2.1888,-0.63508,9.3487,-5.285,14.533
107.75,183.12,23.496,2.2725,-0.65344,10.753,-6.7356,13.945
104.75,188.59,23.236,2.3552,-0.63349,11.959,-8.1037,13.183
101.22,193.72,22.989,2.437,-0.59107,12.987,-9.3713,12.269
97.197,198.45,22.762,2.5176,-0.53761,13.861,-10.525,11.225
92.737,202.74,22.557,2.597,-0.48033,14.602,-11.557,10.073
87.886,206.55,22.375,2.6753,-0.4232,15.228,-12.462,8.8317
82.698,209.84,22.216,2.7526,-0.36798,15.75,-13.237,7.5163
77.224,212.59,22.078,2.829,-0.31516,16.175,-13.879,6.1409
71.519,214.77,21.962,2.9047,-0.26457,16.507,-14.386,4.7179
65.638,216.38,21.865,2.98,-0.21575,16.748,-14.757,3.2587
59.635,217.38,21.788,3.2829,-0.16822,16.898,-14.991,1.7745
53.567,217.79,21.73,1.0023,-0.12154,16.958,-15.085,0.27614
47.49,217.59,21.69,-3.2809,-0.07533,16.926,-15.04,-1.2254
41.46,216.79,21.67,-3.0077,-0.029312,16.803,-14.855,-2.7193
35.533,215.39,21.667,-2.9282,0.016749,16.586,-14.531,-4.1941
29.766,213.4,21.684,-2.8522,0.063048,16.276,-14.066,-5.6383
24.215,210.83,21.719,-2.7754,0.10975,15.869,-13.464,-7.04
18.935,207.71,21.773,-2.6977,0.157,15.366,-12.726,-8.3866
13.98,204.07,21.846,-2.619,0.20492,14.763,-11.854,-9.6651
9.4033,199.92,21.938,-2.5389,0.25359,14.059,-10.853,-10.862
5.2559,195.31,22.051,-2.4574,0.30307,13.252,-9.7291,-11.963
1.586,190.28,22.183,-2.3743,0.35335,12.34,-8.4886,-12.955
-1.5614,184.87,22.336,-2.2896,0.40431,11.323,-7.1429,-13.82
-4.1501,179.14,22.51,-2.2029,0.45465,10.207,-5.7065,-14.55
-6.0753,173.12,22.706,-2.0888,0.52504,8.882,-3.7918,-15.312
-7.2049,166.85,22.938,-1.9879,0.61957,7.2522,-1.9886,-15.692
-7.7748,160.53,23.197,-1.9346,0.64679,5.8122,-0.97279,-15.643
-8.0488,154.24,23.447,-1.9084,0.58101,4.8783,-0.46037,-15.532
-8.1784,147.99,23.656,-1.8959,0.45645,4.4418,-0.21974,-15.476
-8.2421,141.76,23.811,-1.8897,0.31659,4.3593,-0.11394,-15.485
-8.2776,135.5,23.913,-1.8862,0.19277,4.4696,-0.069351,-15.535
-8.3009,129.23,23.97,-1.8838,0.099834,4.6468,-0.049262,-15.597
-8.3182,122.93,23.997,-1.8821,0.039591,4.815,-0.037356,-15.654
-8.3312,116.61,24.005,-1.8808,0.0063852,4.9406,-0.027757,-15.697
-8.3406,110.27,24.004,-1.8798,-0.008039,5.0183,-0.019186,-15.724
-8.3468,103.93,24,-1.8791,-0.01142,5.057,-0.011869,-15.738
-8.3503,97.583,23.996,-1.8786,-0.009563,5.0698,-0.0061682,-15.744
-8.3519,91.236,23.992,-1.8784,-0.0061156,5.0686,-0.0021599,-15.745
-8.3522,84.888,23.991,-1.8783,-0.0029554,5.0617,0.00036139,-15.744
-8.3518,78.541,23.99,-1.8782,-0.00076972,5.0543,0.0017501,-15.742
-8.3509,72.195,23.99,-1.8782,0.00041526,5.0485,0.0023812,-15.74
-8.3499,65.849,23.99,-1.8782,0.00085275,5.0449,0.0025711,-15.739
-8.3489,59.504,23.991,-1.8783,0.00084662,5.0431,0.0025473,-15.739
-8.3479,53.159,23.991,-1.8783,0.00064333,5.0426,0.0024505,-15.738
-8.3469,46.814,23.991,-1.8783,0.00040122,5.0428,0.0023538,-15.738
-8.346,40.469,23.991,-1.8783,0.00020009,5.0432,0.0022856,-15.738
-8.345,34.124,23.991,-1.8783,6.5238e-05,5.0436,0.0022491,-15.739
-8.3447,27.779,23.991,-1.8789,-0.00019623,5.0447,-0.006073,-15.736
-8.3558,21.435,23.99,-1.8774,-0.003285,5.0645,0.0048038,-15.749
-8.1697,15.046,23.997,-1.8054,0.057276,4.7477,1.1406,-15.957
-7.3529,8.6057,24.056,-1.7043,0.24155,3.551,2.8248,-15.918
-5.9104,2.2574,24.195,-1.6154,0.43717,1.8844,4.2714,-15.549
-3.9106,-3.9055,24.404,-1.5287,0.58585,0.097518,5.5998,-15.017
-1.3942,-9.8319,24.661,-1.4414,0.68061,-1.6651,6.8391,-14.383
1.6055,-15.486,24.947,-1.3524,0.73194,-3.3547,8.0009,-13.668
5.0582,-20.835,25.248,-1.2611,0.75392,-4.9684,9.0876,-12.876
8.9329,-25.849,25.553,-1.1671,0.75836,-6.5184,10.095,-12.008
13.196,-30.498,25.858,-1.0704,0.75291,-8.0167,11.016,-11.065
17.811,-34.752,26.159,-0.97069,0.74134,-9.4667,11.842,-10.053
22.739,-38.585,26.455,-0.86802,0.7246,-10.863,12.566,-8.9788
27.936,-41.974,26.742,-0.76226,0.70189,-12.189,13.183,-7.855
33.36,-44.902,27.019,-0.65333,0.67164,-13.426,13.694,-6.6932
38.968,-47.356,27.282,-0.54116,0.63199,-14.545,14.101,-5.5049
44.72,-49.327,27.527,-0.42581,0.58118,-15.519,14.408,-4.3002
50.576,-50.81,27.749,-0.30748,0.51774,-16.315,14.623,-3.0872
56.501,-51.804,27.942,-0.18658,0.44068,-16.901,14.752,-1.8715
62.461,-52.307,28.101,-0.06379,0.34979,-17.25,14.803,-0.65637
68.427,-52.321,28.221,0.059961,0.24597,-17.337,14.783,0.55713
74.371,-51.846,28.297,0.18357,0.13155,-17.151,14.695,1.7693
80.265,-50.882,28.325,0.3059,0.010328,-16.692,14.537,2.9806
86.081,-49.431,28.304,0.42597,-0.11272,-15.977,14.307,4.1902
91.788,-47.492,28.234,0.54306,-0.23217,-15.033,13.996,5.3951
97.351,-45.07,28.117,0.65679,-0.34304,-13.899,13.596,6.589
102.73,-42.17,27.958,0.76705,-0.44154,-12.614,13.096,7.7623
107.89,-38.804,27.762,0.87394,-0.5255,-11.217,12.491,8.9029
112.78,-34.987,27.535,0.97761,-0.59425,-9.7419,11.777,9.997
117.36,-30.741,27.284,1.0783,-0.64828,-8.2166,10.954,11.03
121.59,-26.093,27.014,1.1757,-0.68859,-6.6646,10.033,11.988
125.43,-21.077,26.73,1.2732,-0.7165,-5.1078,8.985,12.867
128.75,-15.704,26.433,1.3998,-0.76604,-3.3818,7.4266,13.77
131.35,-9.9738,26.105,1.5394,-0.86382,-1.2614,5.5065,14.611
133.18,-3.9433,25.736,1.6612,-0.95572,1.0419,3.6573,15.253
134.34,2.3021,25.343,1.7497,-0.97581,3.1164,2.1917,15.686
135,8.6853,24.963,1.8049,-0.89606,4.6345,1.214,15.948
135.36,15.145,24.633,1.8361,-0.7372,5.5073,0.64326,16.072
135.55,21.632,24.375,1.8529,-0.54491,5.8459,0.34105,16.093
135.66,28.112,24.194,1.8621,-0.36182,5.8415,0.19075,16.047
135.72,34.566,24.08,1.8676,-0.21362,5.6721,0.11701,15.972
135.76,40.989,24.017,1.8712,-0.10859,5.4617,0.078407,15.894
135.78,47.383,23.988,1.8736,-0.043115,5.2785,0.054931,15.829
135.8,53.754,23.979,1.8754,-0.0080009,5.148,0.038163,15.783
135.81,60.111,23.979,1.8767,0.006967,5.0701,0.025131,15.754
135.82,66.459,23.983,1.8775,0.010452,5.0329,0.014999,15.739
135.83,72.803,23.987,1.8781,0.008631,5.0218,0.0074983,15.733
135.83,79.146,23.99,1.8784,0.0052652,5.0244,0.0023377,15.733
135.83,85.489,23.991,1.8785,0.0022394,5.0322,-0.00091037,15.734
135.83,91.833,23.992,1.8786,0.00021499,5.0401,-0.0027445,15.736
135.83,98.177,23.992,1.8786,-0.00081107,5.046,-0.0036382,15.738
135.82,104.52,23.991,1.8786,-0.0011119,5.0496,-0.0039763,15.739
135.82,110.87,23.991,1.8786,-0.0010006,5.0513,-0.0040324,15.739
135.82,117.21,23.99,1.8786,-0.00072402,5.0517,-0.0039772,15.739
135.82,123.56,23.99,1.8786,-0.00043591,5.0514,-0.0039022,15.739
135.8,129.9,23.989,1.8887,-0.0064362,5.0818,-0.16061,15.72
135.9,136.27,23.989,1.7803,0.04118,4.8801,1.4805,15.958
137.27,142.71,24.077,1.6144,0.40382,2.6568,4.3353,15.799
138.68,148.95,24.264,1.7346,0.43972,1.4785,2.5253,15.241
139.36,155.06,24.388,1.836,0.16037,2.224,0.9276,15.129
139.42,161.17,24.386,1.9254,-0.16008,3.8264,-0.57542,15.155
138.88,167.28,24.265,2.0106,-0.41629,5.7077,-2.0841,15.137
137.72,173.35,24.061,2.0945,-0.57926,7.549,-3.6023,14.969
135.96,179.32,23.809,2.1779,-0.65728,9.2054,-5.1031,14.608
133.6,185.1,23.539,2.261,-0.67238,10.636,-6.553,14.051
130.67,190.62,23.272,2.3434,-0.64736,11.85,-7.9238,13.314
127.21,195.8,23.02,2.4247,-0.60038,12.878,-9.1954,12.423
123.26,200.61,22.79,2.5049,-0.54374,13.751,-10.355,11.401
118.87,204.97,22.582,2.5838,-0.4847,14.494,-11.396,10.273
114.08,208.87,22.399,2.6616,-0.42695,15.125,-12.312,9.0551
108.95,212.25,22.238,2.7383,-0.3719,15.655,-13.102,7.7639
103.53,215.1,22.099,2.8141,-0.31971,16.092,-13.762,6.4126
97.865,217.4,21.981,2.8892,-0.26997,16.438,-14.291,5.013
92.017,219.13,21.882,2.9637,-0.2221,16.696,-14.686,3.5764
86.037,220.27,21.802,3.1573,-0.17555,16.865,-14.948,2.1135
79.981,220.81,21.741,2.2565,-0.12986,16.945,-15.073,0.63479
73.901,220.76,21.698,-2.8706,-0.084652,16.936,-15.063,-0.84907
67.854,220.12,21.673,-3.0737,-0.039674,16.838,-14.916,-2.3275
61.895,218.87,21.666,-2.9491,0.0052861,16.649,-14.632,-3.7897
56.078,217.05,21.678,-2.8742,0.0504,16.368,-14.213,-5.2246
50.458,214.65,21.707,-2.7987,0.095817,15.995,-13.659,-6.621
45.089,211.7,21.755,-2.7224,0.14167,15.527,-12.971,-7.967
40.024,208.22,21.822,-2.6451,0.18808,14.964,-12.154,-9.2504
35.314,204.24,21.908,-2.5666,0.23515,14.304,-11.21,-10.459
31.011,199.79,22.012,-2.4869,0.28294,13.544,-10.144,-11.578
27.162,194.91,22.136,-2.4056,0.33147,12.684,-8.9631,-12.596
23.811,189.64,22.28,-2.3226,0.38072,11.721,-7.6744,-13.499
20.997,184.04,22.444,-2.2392,0.42978,10.66,-6.3087,-14.262
18.779,178.14,22.628,-2.1372,0.48616,9.4643,-4.6157,-15.017
17.363,171.93,22.844,-2.0158,0.58751,7.8873,-2.5161,-15.655
16.649,165.6,23.098,-1.9461,0.6568,6.2627,-1.2062,-15.699
16.313,159.29,23.359,-1.913,0.62452,5.1026,-0.55571,-15.57
16.159,153.04,23.59,-1.8977,0.51289,4.4952,-0.25387,-15.481
16.088,146.8,23.767,-1.8905,0.36958,4.316,-0.12377,-15.468
16.05,140.56,23.888,-1.8868,0.23372,4.3901,-0.071501,-15.509
16.026,134.29,23.959,-1.8844,0.12676,4.5688,-0.050282,-15.572
16.008,128,23.994,-1.8825,0.054452,4.7558,-0.039097,-15.635
15.995,121.69,24.006,-1.8811,0.012705,4.9036,-0.030192,-15.684
15.984,115.36,24.006,-1.88,-0.006788,4.9998,-0.021809,-15.717
15.977,109.02,24.002,-1.8793,-0.012569,5.051,-0.014262,-15.736
15.973,102.67,23.997,-1.8788,-0.011417,5.0707,-0.0081372,-15.744
15.97,96.322,23.993,-1.8785,-0.0077953,5.0723,-0.0036924,-15.746
15.969,89.974,23.991,-1.8783,-0.0041385,5.0659,-0.000821,-15.745
15.969,83.627,23.99,-1.8783,-0.0014462,5.0578,0.00080187,-15.743
15.97,77.281,23.99,-1.8783,0.00012267,5.0511,0.0015632,-15.741
15.971,70.935,23.99,-1.8783,0.00079607,5.0466,0.0018083,-15.739
15.971,64.59,23.99,-1.8783,0.00090425,5.0442,0.0017944,-15.739
15.972,58.245,23.991,-1.8783,0.00073516,5.0433,0.0016858,-15.738
15.973,51.9,23.991,-1.8783,0.00048471,5.0434,0.0015708,-15.738
15.973,45.554,23.991,-1.8783,0.00025921,5.0437,0.0014859,-15.738
15.974,39.209,23.991,-1.8783,9.9223e-05,5.0442,0.0014374,-15.739
15.974,32.864,23.991,-1.8783,3.5082e-06,5.0446,0.0011142,-15.739
15.967,26.521,23.991,-1.8814,-0.0026475,5.0586,-0.048016,-15.73
16.024,20.158,23.991,-1.8405,0.019323,4.957,0.57451,-15.877
16.596,13.722,24.026,-1.7398,0.16844,4.0607,2.2342,-15.98
17.799,7.3271,24.135,-1.6533,0.36314,2.5522,3.6681,-15.71
19.557,1.0828,24.316,-1.5683,0.52319,0.84896,5.0059,-15.255
21.839,-4.9519,24.551,-1.4821,0.63436,-0.88487,6.273,-14.679
24.618,-10.735,24.822,-1.3941,0.70194,-2.5791,7.4701,-14.01
27.864,-16.23,25.113,-1.3036,0.73742,-4.214,8.5959,-13.257
31.549,-21.405,25.414,-1.2106,0.75193,-5.7921,9.6451,-12.422
35.64,-26.227,25.718,-1.1149,0.75358,-7.3206,10.61,-11.509
40.101,-30.666,26.021,-1.0163,0.74698,-8.8022,11.481,-10.524
44.892,-34.694,26.319,-0.91492,0.73399,-10.232,12.252,-9.4735
49.973,-38.287,26.611,-0.81062,0.71455,-11.597,12.916,-8.3701
55.299,-41.426,26.894,-0.70336,0.68762,-12.879,13.474,-7.2257
60.828,-44.098,27.164,-0.59311,0.6517,-14.053,13.925,-6.0525
66.518,-46.292,27.418,-0.47988,0.60528,-15.092,14.276,-4.8612
72.329,-48.004,27.65,-0.36383,0.54702,-15.967,14.531,-3.661
78.224,-49.232,27.857,-0.24525,0.47593,-16.649,14.699,-2.4582
84.171,-49.974,28.032,-0.12467,0.39166,-17.108,14.787,-1.2565
90.139,-50.233,28.17,-0.0028041,0.29469,-17.321,14.804,-0.057229
96.098,-50.009,28.267,0.11942,0.18667,-17.271,14.752,1.1402
102.02,-49.302,28.318,0.24098,0.070542,-16.955,14.634,2.3371
107.89,-48.112,28.322,0.36091,-0.049568,-16.379,14.447,3.534
113.66,-46.441,28.277,0.47841,-0.16878,-15.564,14.184,4.7295
119.31,-44.288,28.185,0.59295,-0.2822,-14.543,13.838,5.9193
124.8,-41.658,28.05,0.70427,-0.38567,-13.352,13.398,7.0958
130.09,-38.558,27.875,0.81232,-0.47629,-12.028,12.857,8.2482
135.15,-35.001,27.667,0.9172,-0.55258,-10.608,12.21,9.3637
139.92,-31.004,27.431,1.0191,-0.61436,-9.1199,11.454,10.428
144.36,-26.591,27.173,1.118,-0.66231,-7.5907,10.593,11.427
148.44,-21.791,26.898,1.2132,-0.69683,-6.0449,9.6455,12.344
152.1,-16.635,26.612,1.3193,-0.72639,-4.4678,8.4398,13.219
155.14,-11.117,26.306,1.4578,-0.80008,-2.58,6.652,14.127
157.42,-5.2552,25.961,1.5943,-0.90867,-0.31804,4.6956,14.9
158.94,0.8742,25.577,1.7039,-0.98075,1.9657,2.9671,15.457
159.86,7.186,25.182,1.7776,-0.96039,3.8515,1.7051,15.817
160.37,13.609,24.817,1.8212,-0.84156,5.1015,0.91759,16.019
160.64,20.087,24.514,1.8449,-0.66062,5.7263,0.48099,16.096
160.79,26.576,24.288,1.8577,-0.46581,5.8903,0.25845,16.083
160.86,33.048,24.137,1.8649,-0.29396,5.7908,0.15,16.019
160.91,39.489,24.047,1.8694,-0.16306,5.5873,0.096197,15.939
160.95,45.9,24,1.8724,-0.075416,5.3797,0.066415,15.864
160.97,52.283,23.982,1.8745,-0.024144,5.2158,0.0468,15.807
160.98,58.647,23.978,1.876,0.0010098,5.1079,0.031993,15.768
160.99,64.999,23.98,1.8771,0.0099346,5.0489,0.020329,15.746
161,71.345,23.985,1.8778,0.010351,5.0248,0.011393,15.736
161,77.688,23.988,1.8782,0.0073881,5.0212,0.0049713,15.732
161,84.031,23.991,1.8785,0.0039308,5.0271,0.00071978,15.733
161,90.374,23.992,1.8786,0.0012531,5.0355,-0.0018313,15.735
161,96.718,23.992,1.8786,-0.00034143,5.0428,-0.0031827,15.737
161,103.06,23.991,1.8786,-0.001022,5.0478,-0.0037768,15.738
161,109.41,23.991,1.8786,-0.0011078,5.0505,-0.003952,15.739
161,115.75,23.991,1.8786,-0.00089628,5.0515,-0.003935,15.739
161,122.1,23.99,1.8786,-0.00059739,5.0515,-0.0038581,15.739
161,128.44,23.99,1.8791,-0.00039909,5.0514,-0.0095871,15.738
160.95,134.78,23.988,1.8848,-0.013383,5.1258,-0.12473,15.746
161.44,141.2,24.004,1.6787,0.15921,4.2415,3.1417,16.049
163.07,147.59,24.145,1.6521,0.47959,1.9133,3.7989,15.531
164.18,153.76,24.324,1.7752,0.35103,1.6093,1.8936,15.169
164.63,159.86,24.402,1.8703,0.036965,2.7645,0.36219,15.135
164.47,165.97,24.353,1.9575,-0.26619,4.5213,-1.1375,15.161
163.69,172.07,24.196,2.0419,-0.4879,6.4118,-2.6499,15.096
162.31,178.11,23.97,2.1255,-0.61675,8.1919,-4.1636,14.859
160.33,184.02,23.709,2.2087,-0.66831,9.7628,-5.6475,14.425
157.75,189.71,23.438,2.2915,-0.66591,11.108,-7.0691,13.799
154.62,195.12,23.176,2.3734,-0.63093,12.248,-8.4034,13.003
150.98,200.17,22.932,2.4542,-0.57929,13.214,-9.6334,12.062
146.86,204.82,22.71,2.5338,-0.52125,14.035,-10.749,11.001
142.32,209.02,22.512,2.6122,-0.46255,14.735,-11.743,9.8397
137.4,212.73,22.338,2.6895,-0.40586,15.327,-12.613,8.5955
132.16,215.92,22.185,2.7657,-0.35203,15.822,-13.354,7.2832
126.64,218.58,22.054,2.8411,-0.30095,16.226,-13.967,5.9153
120.91,220.67,21.943,2.9159,-0.25211,16.539,-14.447,4.5034
115.01,222.19,21.851,2.9901,-0.20493,16.765,-14.795,3.0585
108.99,223.12,21.778,3.3217,-0.15888,16.902,-15.007,1.5911
102.92,223.46,21.723,0.33493,-0.11353,16.951,-15.085,0.11189
96.848,223.2,21.687,-3.3282,-0.068576,16.911,-15.027,-1.3688
90.826,222.34,21.668,-2.9977,-0.02377,16.781,-14.832,-2.8402
84.91,220.9,21.668,-2.9231,0.021079,16.561,-14.502,-4.2917
79.155,218.87,21.686,-2.8482,0.06613,16.249,-14.036,-5.712
73.616,216.28,21.722,-2.7726,0.11153,15.844,-13.437,-7.0898
68.345,213.15,21.776,-2.6961,0.1574,15.345,-12.706,-8.4133
63.396,209.49,21.849,-2.6186,0.20385,14.75,-11.847,-9.6702
58.819,205.35,21.941,-2.5398,0.25099,14.057,-10.863,-10.848
54.663,200.75,22.052,-2.4597,0.29885,13.265,-9.7592,-11.933
50.976,195.73,22.183,-2.378,0.34745,12.372,-8.5432,-12.911
47.801,190.35,22.333,-2.2948,0.39672,11.377,-7.2246,-13.77
45.173,184.64,22.503,-2.2102,0.4451,10.287,-5.8263,-14.492
43.198,178.64,22.695,-2.094,0.51491,8.9875,-3.8887,-15.29
42.055,172.36,22.925,-1.9861,0.62067,7.3137,-1.9693,-15.721
41.501,166.03,23.187,-1.9317,0.6584,5.8062,-0.92663,-15.659
41.244,159.74,23.442,-1.9063,0.59461,4.8348,-0.42188,-15.532
41.128,153.5,23.656,-1.8946,0.46662,4.3904,-0.19422,-15.468
41.072,147.26,23.814,-1.889,0.32181,4.3171,-0.099076,-15.477
41.041,141.01,23.917,-1.8858,0.19381,4.4422,-0.061602,-15.529
41.02,134.74,23.974,-1.8837,0.098313,4.6332,-0.045656,-15.594
41.003,128.44,24,-1.882,0.037029,4.811,-0.035891,-15.653
40.991,122.12,24.007,-1.8807,0.0038197,4.942,-0.027286,-15.697
40.981,115.78,24.005,-1.8797,-0.010088,5.0219,-0.019151,-15.725
40.975,109.44,24.001,-1.8791,-0.012816,5.0608,-0.012048,-15.74
40.972,103.09,23.996,-1.8787,-0.010385,5.073,-0.0064946,-15.745
40.97,96.743,23.992,-1.8784,-0.0065248,5.0709,-0.0026201,-15.746
40.969,90.396,23.99,-1.8783,-0.0031123,5.0634,-0.00022461,-15.744
40.969,84.049,23.99,-1.8783,-0.00079772,5.0554,0.0010541,-15.742
40.97,77.703,23.99,-1.8783,0.0004374,5.0494,0.0015982,-15.74
40.971,71.357,23.99,-1.8783,0.00088324,5.0457,0.0017261,-15.739
40.971,65.012,23.99,-1.8783,0.00086856,5.0439,0.0016625,-15.739
40.972,58.667,23.991,-1.8783,0.00065362,5.0434,0.0015429,-15.738
40.973,52.322,23.991,-1.8783,0.00040267,5.0436,0.001435,-15.738
40.973,45.977,23.991,-1.8783,0.00019678,5.044,0.0013622,-15.738
40.974,39.631,23.991,-1.8783,6.0456e-05,5.0444,0.0013246,-15.739
40.974,33.286,23.991,-1.8788,-0.00015781,5.0454,-0.0056827,-15.737
40.962,26.943,23.99,-1.8782,-0.0035742,5.0666,-0.0066376,-15.746
41.14,20.556,23.996,-1.807,0.055178,4.7611,1.1157,-15.955
41.934,14.116,24.054,-1.7105,0.23455,3.5958,2.7261,-15.918
43.321,7.7627,24.188,-1.6259,0.42019,2.0032,4.1084,-15.576
45.251,1.5815,24.388,-1.5407,0.56358,0.28411,5.4219,-15.079
47.697,-4.3759,24.637,-1.454,0.65922,-1.4373,6.666,-14.473
50.629,-10.07,24.915,-1.3652,0.71518,-3.1109,7.8406,-13.777
54.02,-15.466,25.21,-1.274,0.74307,-4.726,8.9426,-12.997
57.84,-20.531,25.512,-1.1801,0.75304,-6.2876,9.9656,-12.137
62.054,-25.233,25.816,-1.0834,0.75193,-7.8015,10.901,-11.2
66.625,-29.543,26.117,-0.98399,0.74334,-9.2678,11.741,-10.192
71.514,-33.433,26.414,-0.8817,0.72842,-10.679,12.477,-9.1239
76.679,-36.882,26.704,-0.77649,0.70672,-12.019,13.107,-8.0063
82.074,-39.872,26.983,-0.66832,0.67703,-13.269,13.63,-6.8519
87.659,-42.392,27.248,-0.55718,0.63785,-14.402,14.048,-5.6725
93.392,-44.432,27.495,-0.44312,0.5877,-15.391,14.367,-4.4786
99.234,-45.99,27.72,-0.32635,0.52538,-16.207,14.593,-3.2782
105.15,-47.063,27.916,-0.20721,0.4501,-16.819,14.735,-2.077
111.11,-47.653,28.08,-0.0863,0.36175,-17.202,14.8,-0.87767
117.07,-47.759,28.205,0.035597,0.26119,-17.333,14.795,0.31912
123.03,-47.384,28.288,0.15753,0.15045,-17.199,14.723,1.5144
128.94,-46.526,28.325,0.27849,0.032859,-16.8,14.584,2.7095
134.77,-45.187,28.313,0.39756,-0.08718,-16.149,14.375,3.9045
140.51,-43.367,28.253,0.51403,-0.20475,-15.268,14.088,5.0974
146.12,-41.066,28.148,0.62746,-0.31517,-14.192,13.714,6.2827
151.55,-38.291,28,0.73766,-0.41464,-12.958,13.244,7.4517
156.78,-35.05,27.814,0.84463,-0.50075,-11.603,12.671,8.5932
161.75,-31.357,27.597,0.94848,-0.57243,-10.16,11.992,9.6936
166.43,-27.23,27.354,1.0494,-0.6298,-8.659,11.204,10.739
170.76,-22.697,27.091,1.1474,-0.6737,-7.123,10.313,11.715
174.72,-17.787,26.812,1.242,-0.70412,-5.5791,9.3353,12.605
178.22,-12.525,26.522,1.3585,-0.74108,-3.9492,7.9557,13.493
181.05,-6.8981,26.206,1.5007,-0.83137,-1.93,6.0581,14.38
183.09,-0.94663,25.848,1.6313,-0.93781,0.38905,4.1292,15.091
184.4,5.2463,25.457,1.7303,-0.98662,2.5972,2.5257,15.585
185.18,11.599,25.067,1.7938,-0.93481,4.3066,1.4159,15.894
185.6,18.044,24.717,1.8302,-0.79187,5.357,0.75128,16.055
185.82,24.529,24.436,1.8498,-0.60138,5.8202,0.39401,16.1
185.94,31.016,24.234,1.8604,-0.41009,5.8827,0.21556,16.068
186,37.479,24.103,1.8665,-0.24935,5.736,0.12899,15.996
186.04,43.911,24.028,1.8704,-0.13178,5.5223,0.085094,15.915
186.07,50.313,23.992,1.8731,-0.056153,5.3242,0.059533,15.845
186.09,56.689,23.979,1.875,-0.013985,5.1769,0.041799,15.793
186.11,63.049,23.978,1.8764,0.0052039,5.085,0.028078,15.76
186.12,69.399,23.982,1.8774,0.010783,5.0383,0.017288,15.742
186.12,75.743,23.986,1.878,0.0096945,5.0219,0.0091581,15.734
186.12,82.086,23.989,1.8783,0.0063316,5.0223,0.0034518,15.732
186.12,88.429,23.991,1.8785,0.0030144,5.0295,-0.0002187,15.733
186.12,94.772,23.992,1.8786,0.00065535,5.0379,-0.0023441,15.735
186.12,101.12,23.992,1.8786,-0.00063426,5.0446,-0.0034153,15.737
186.12,107.46,23.991,1.8786,-0.0010987,5.0488,-0.0038461,15.738
186.12,113.81,23.991,1.8786,-0.0010649,5.051,-0.0039401,15.739
186.12,120.15,23.99,1.8786,-0.00080802,5.0516,-0.0038924,15.739
186.12,126.5,23.99,1.8786,-0.00050882,5.0514,-0.0038112,15.739
186.11,132.84,23.99,1.8826,-0.001629,5.057,-0.061035,15.729
186.08,139.19,23.987,1.8515,-0.0048276,5.0996,0.36732,15.831
187.02,145.63,24.032,1.6237,0.28504,3.483,4.099,15.986
188.62,151.97,24.205,1.6938,0.48193,1.5812,3.1594,15.358
189.52,158.31,24.364,1.8085,0.25251,1.8941,1.3684,15.137
