0,15.439,11.883,-7.1585,4.4479,-3.7799,2.6636,-2.8056
0.55691,35.807,-1.6469,-4.7612,0.29012,-1.988,0.70327,-1.4868
1.1138,36.324,-2.0133,1.2043,0.58637,-0.6956,0.66517,0.89211
1.6707,36.819,3.2628,2.2621,-0.73183,2.2902,-3.7169,0.18179
2.2276,32.972,-2.9014,-3.6858,-1.6762,-0.41448,7.0936,-1.8981
2.7845,37.315,1.4086,2.5803,6.6349,-0.70727,-10.149,2.5534
3.3414,33.572,-2.05,-1.2178,-9.4297,-4.954,12.626,1.3828
3.8983,37.77,3.1158,3.0918,2.5998,11.309,-8.8697,-11.122
4.4553,34.105,0.13213,-2.8272,7.2751,-4.6457,-6.8411,15.759
5.0122,31.421,-5.4501,-3.2156,-7.2946,-7.217,15.988,0.71401
5.5691,36.324,-0.36306,3.966,-2.9388,6.4415,1.6429,-16.774
6.126,38.195,4.3704,4.4152,7.4561,5.1486,-15.337,-0.62668
6.6829,34.592,1.7413,-1.0533,3.6775,-5.6009,-5.3181,15.39
7.2398,31.853,-2.3359,-3.5747,-6.2637,-7.0509,11.433,7.6765
7.7967,33.11,-2.2728,-1.1129,-8.0137,1.4298,11.857,-8.9461
8.3536,35.901,0.75987,2.0406,-0.73344,8.3419,-1.2461,-13.758
8.9105,36.962,2.7921,2.3301,6.8669,6.8132,-11.933,-4.2388
9.4674,35.617,1.9384,0.025388,8.0879,-0.49692,-10.956,8.2559
10.024,33.44,-0.67995,-2.3968,3.1629,-6.8833,-1.175,13.025
10.581,32.199,-2.876,-3.0212,-3.3377,-8.0733,8.6988,7.8642
11.138,32.555,-3.3026,-1.6443,-7.0887,-4.259,11.99,-2.1163
11.695,34.085,-1.9241,0.70359,-6.4224,1.5193,7.8316,-10.014
12.252,35.705,0.18681,2.5781,-2.5982,5.8302,-0.34944,-11.824
12.809,36.516,1.8071,3.0979,1.8323,6.8478,-7.8583,-7.553
13.366,36.177,2.1905,2.2072,4.6473,4.7305,-11.357,-0.062393
13.923,34.904,1.2672,0.47615,4.8548,0.96638,-9.9614,7.0084
14.48,33.237,-0.50421,-1.2958,2.7629,-2.6206,-4.9306,10.949
15.036,31.749,-2.4425,-2.4397,-0.49029,-4.6681,1.3871,10.765
15.593,30.845,-3.9339,-2.618,-3.5644,-4.6467,6.6723,7.0886
16.15,30.67,-4.6109,-1.8533,-5.4221,-2.8287,9.3966,1.5543
16.707,31.13,-4.4009,-0.43537,-5.5863,-0.0056557,9.1018,-3.9522
17.264,31.981,-3.4734,1.2234,-4.153,2.8693,6.2759,-7.9047
17.821,32.927,-2.1362,2.7253,-1.637,4.9845,1.9973,-9.4698
18.378,33.712,-0.72498,3.7825,1.2522,5.8528,-2.4781,-8.5634
18.935,34.168,0.48353,4.2587,3.8245,5.3625,-6.0629,-5.7044
19.492,34.24,1.3192,4.1641,5.563,3.7263,-8.0528,-1.7652
20.049,33.972,1.7358,3.6249,6.2061,1.3756,-8.1939,2.2998
20.606,33.495,1.8122,2.8429,5.7744,-1.1656,-6.6158,5.6672
21.162,32.795,1.5031,1.8655,4.2893,-3.5569,-3.9683,7.6418
21.719,32.136,1.0722,0.99886,2.1895,-5.2756,-0.75844,8.1566
22.276,31.645,0.68553,0.37101,-0.11087,-6.1003,2.4391,7.2769
22.833,31.379,0.44597,0.020511,-2.255,-6.0026,5.1003,5.2643
23.39,31.357,0.41783,-0.063206,-3.9567,-5.0874,6.8586,2.5302
23.947,31.56,0.61968,0.067487,-5.0322,-3.5581,7.5325,-0.45763
24.504,31.942,1.0287,0.33356,-5.4077,-1.6719,7.1198,-3.2541
25.061,32.435,1.5901,0.64545,-5.1095,0.30354,5.7685,-5.4964
25.618,32.967,2.2301,0.91745,-4.244,2.1253,3.7319,-6.9395
26.175,33.469,2.8676,1.079,-2.9701,3.6013,1.3188,-7.4692
26.732,33.887,3.4293,1.084,-1.469,4.6063,-1.1502,-7.0931
27.288,34.145,3.8163,0.8752,0.038818,5.0484,-3.4255,-5.9581
27.845,34.287,4.0464,0.51985,1.4581,5.004,-5.2306,-4.1591
28.402,34.391,4.193,0.10232,2.7831,4.5703,-6.2794,-1.8567
28.959,34.314,4.0929,-0.50037,3.7558,3.6618,-6.6149,0.53039
29.516,34.092,3.7637,-1.2207,4.3086,2.4142,-6.2132,2.7624
30.073,33.77,3.2397,-1.9869,4.42,0.982,-5.1307,4.6131
30.63,33.401,2.5725,-2.7248,4.116,-0.47315,-3.4952,5.8987
31.187,33.039,1.8253,-3.3651,3.4654,-1.799,-1.49,6.4973
31.744,32.737,1.0668,-3.8494,2.57,-2.8676,0.66611,6.3614
32.301,32.541,0.36431,-4.1357,1.552,-3.5874,2.7431,5.5212
32.858,32.483,-0.22266,-4.2021,0.53918,-3.9104,4.5243,4.0805
33.414,32.58,-0.6481,-4.0482,-0.34906,-3.8353,5.8294,2.2043
33.971,32.836,-0.8836,-3.6947,-1.0149,-3.4044,6.5327,0.099781
34.528,33.234,-0.92063,-3.1807,-1.3922,-2.6973,6.5752,-2.0061
35.085,33.747,-0.77075,-2.5594,-1.4524,-1.8196,5.9694,-3.8919
35.642,34.335,-0.46388,-1.8922,-1.207,-0.89051,4.7961,-5.3644
36.199,34.952,-0.044667,-1.2428,-0.70437,-0.02816,3.1938,-6.2792
36.756,35.549,0.43241,-0.67043,-0.023136,0.66336,1.3425,-6.5546
37.313,36.08,0.90879,-0.22425,0.73744,1.1055,-0.55701,-6.1787
37.87,36.507,1.3278,0.061013,1.4696,1.2531,-2.3051,-5.209
38.427,36.803,1.6401,0.16809,2.0695,1.099,-3.7251,-3.7644
38.983,36.952,1.8084,0.098163,2.449,0.67308,-4.6816,-2.0106
39.54,36.954,1.8101,-0.13009,2.5458,0.038295,-5.0939,-0.14115
40.097,36.821,1.6395,-0.48284,2.3298,-0.71722,-4.9432,1.6448
40.654,36.572,1.3025,-0.92002,1.8018,-1.4956,-4.2774,3.1588
41.211,36.238,0.82304,-1.3881,1.0001,-2.1871,-3.1982,4.2594
41.768,35.974,0.36131,-1.7269,0.12683,-2.5958,-1.7072,4.9403
42.325,35.722,-0.12684,-1.9948,-0.80772,-2.7647,-0.053476,5.029
42.882,35.5,-0.61333,-2.1705,-1.7225,-2.6677,1.5519,4.5246
43.439,35.34,-1.0518,-2.2245,-2.515,-2.2901,2.9312,3.5117
43.996,35.263,-1.4057,-2.1452,-3.096,-1.6542,3.9358,2.1248
44.553,35.278,-1.65,-1.9365,-3.3981,-0.81384,4.4632,0.53475
45.109,35.38,-1.7734,-1.6172,-3.3833,0.15104,4.4671,-1.0712
45.666,35.555,-1.7791,-1.2178,-3.047,1.144,3.9606,-2.5105
46.223,35.777,-1.6831,-0.77618,-2.4188,2.0628,3.0132,-3.6251
46.78,36.018,-1.5124,-0.3331,-1.5593,2.8113,1.7416,-4.2978
47.337,36.244,-1.3019,0.071292,-0.55475,3.3085,0.29373,-4.4654
47.894,36.449,-1.0652,0.42611,0.51845,3.521,-1.1408,-4.1017
48.451,36.535,-0.91057,0.63397,1.4816,3.3499,-2.4749,-3.3347
49.008,36.45,-0.91228,0.66379,2.1802,2.8002,-3.6331,-2.2562
49.565,36.281,-0.99979,0.61465,2.6255,2.02,-4.4096,-0.89071
50.122,36.023,-1.1876,0.49346,2.7621,1.0756,-4.7307,0.59672
50.679,35.687,-1.472,0.32426,2.5712,0.059615,-4.5699,2.0385
51.235,35.295,-1.8349,0.14045,2.0697,-0.92453,-3.952,3.2773
51.792,34.878,-2.2452,-0.019482,1.309,-1.7737,-2.9489,4.1824
52.349,34.47,-2.6625,-0.11702,0.36992,-2.3971,-1.6702,4.662
52.906,34.108,-3.0416,-0.11903,-0.64638,-2.7268,-0.25165,4.6714
53.463,33.82,-3.3386,-0.0027794,-1.6301,-2.7267,1.1583,4.2153
54.02,33.629,-3.5163,0.24049,-2.4757,-2.3968,2.4134,3.346
54.577,33.545,-3.5487,0.60412,-3.0933,-1.7734,3.3834,2.1569
55.134,33.566,-3.4236,1.067,-3.4185,-0.92448,3.9678,0.77443
55.691,33.679,-3.1452,1.5925,-3.4186,0.050042,4.1106,-0.64127
56.248,33.862,-2.7346,2.137,-3.1041,1.0388,3.8197,-1.9318
56.805,34.086,-2.2221,2.6604,-2.5205,1.9451,3.1538,-2.9791
57.361,34.323,-1.6428,3.1268,-1.7337,2.6892,2.2019,-3.701
57.918,34.561,-1.0202,3.5196,-0.80823,3.2255,1.0838,-4.0413
58.475,34.783,-0.37849,3.8211,0.18793,3.5189,-0.072293,-3.999
59.032,34.83,0.099998,3.8828,1.0167,3.4302,-1.3288,-3.722
59.589,34.832,0.52712,3.8505,1.7426,3.129,-2.4604,-3.0947
60.146,34.793,0.89846,3.7348,2.3313,2.6494,-3.3631,-2.1869
60.703,34.707,1.1988,3.5373,2.7443,2.0228,-3.9792,-1.0986
61.26,34.574,1.4216,3.2675,2.9599,1.2923,-4.2781,0.068165
61.817,34.4,1.5665,2.9398,2.9722,0.5065,-4.2571,1.2161
62.374,34.194,1.6388,2.5713,2.7892,-0.28459,-3.9375,2.2591
62.93,33.967,1.648,2.1807,2.4312,-1.0333,-3.3601,3.1276
63.487,33.731,1.6069,1.7861,1.9282,-1.6976,-2.5799,3.771
64.044,33.501,1.53,1.4044,1.3167,-2.2429,-1.6604,4.1589
64.601,33.29,1.4353,1.0528,0.64031,-2.6412,-0.66516,4.2832
65.158,33.063,1.2907,0.69795,-0.10729,-2.9204,0.29166,4.1094
65.715,32.934,1.2132,0.45475,-0.78715,-2.9638,1.2584,3.7712
66.272,32.944,1.2601,0.34994,-1.3094,-2.7602,2.2561,3.2925
66.829,32.966,1.3098,0.25304,-1.7723,-2.4526,3.0987,2.5688
67.386,33.016,1.3798,0.17878,-2.1402,-2.0394,3.7425,1.6653
67.943,33.099,1.4774,0.13016,-2.3897,-1.5352,4.1516,0.64753
68.5,33.218,1.6069,0.10629,-2.5039,-0.96174,4.3058,-0.41418
69.056,33.37,1.769,0.10268,-2.4738,-0.34649,4.2009,-1.4496
69.613,33.551,1.9605,0.11179,-2.2991,0.27906,3.8488,-2.3927
70.17,33.755,2.1749,0.12383,-1.9884,0.88146,3.276,-3.1854
70.727,33.971,2.4026,0.12779,-1.5583,1.4276,2.5214,-3.7808
71.284,34.188,2.6317,0.11238,-1.0327,1.8869,1.6342,-4.1454
71.841,34.397,2.8491,0.067085,-0.44103,2.2333,0.67038,-4.2609
72.398,34.586,3.0407,-0.017014,0.18313,2.4469,-0.3109,-4.1247
72.955,34.745,3.1932,-0.14646,0.80442,2.5153,-1.2507,-3.7495
73.512,34.867,3.2943,-0.32492,1.3876,2.4346,-2.0939,-3.1624
74.069,34.947,3.3337,-0.55285,1.8996,2.2091,-2.7924,-2.4025
74.626,34.98,3.3037,-0.8274,2.3113,1.8515,-3.308,-1.5189
75.182,34.966,3.1996,-1.1426,2.5994,1.3818,-3.6145,-0.56684
75.739,34.908,3.0197,-1.4896,2.7473,0.82641,-3.6989,0.39534
76.296,34.809,2.7657,-1.8575,2.7459,0.21637,-3.5622,1.3099
76.853,34.674,2.4425,-2.2334,2.5943,-0.41446,-3.2191,2.1231
77.41,34.513,2.0572,-2.6037,2.2993,-1.0313,-2.6966,2.7886
77.967,34.333,1.6201,-2.9542,1.8756,-1.5997,-2.0321,3.2705
78.524,34.136,1.1343,-3.2798,1.3356,-2.0969,-1.2797,3.5363
79.081,33.948,0.62946,-3.5487,0.72163,-2.4751,-0.47462,3.5976
79.638,33.884,0.23088,-3.6528,0.1827,-2.6234,0.45636,3.5394
80.195,33.848,-0.14511,-3.6925,-0.34241,-2.6448,1.3698,3.2513
80.752,33.84,-0.49449,-3.6709,-0.83288,-2.544,2.2006,2.747
81.308,33.867,-0.80455,-3.5844,-1.2593,-2.3236,2.9003,2.0632
81.865,33.931,-1.0658,-3.4335,-1.5968,-1.9941,3.4286,1.2453
82.422,34.034,-1.2714,-3.2221,-1.8258,-1.573,3.7564,0.34625
82.979,34.174,-1.4176,-2.9572,-1.9329,-1.0833,3.8671,-0.57729
83.536,34.347,-1.5041,-2.6483,-1.9119,-0.55218,3.7577,-1.4684
84.093,34.548,-1.5335,-2.3072,-1.7642,-0.0097879,3.4383,-2.2734
84.65,34.767,-1.5117,-1.9471,-1.4986,0.51304,2.9313,-2.9447
85.207,34.994,-1.4482,-1.5829,-1.1323,0.98523,2.2685,-3.4451
85.764,35.243,-1.3278,-1.2044,-0.66088,1.4029,1.5184,-3.725
86.321,35.409,-1.259,-0.92001,-0.2088,1.6478,0.62931,-3.8649
86.877,35.479,-1.2652,-0.73305,0.17473,1.7215,-0.37533,-3.833
87.434,35.524,-1.2807,-0.57074,0.53786,1.7002,-1.3618,-3.5487
87.991,35.531,-1.3207,-0.44375,0.8499,1.5781,-2.2757,-3.0367
88.548,35.497,-1.3918,-0.35289,1.0894,1.3633,-3.061,-2.3283
89.105,35.422,-1.4964,-0.29424,1.2415,1.0717,-3.6679,-1.4653
89.662,35.312,-1.6319,-0.25959,1.299,0.72544,-4.055,-0.498
90.219,35.176,-1.7914,-0.23766,1.2629,0.35068,-4.192,0.51687
90.776,35.024,-1.9646,-0.2159,1.1412,-0.025063,-4.0632,1.5181
91.333,34.867,-2.1401,-0.18266,0.94704,-0.37621,-3.6702,2.4426
91.89,34.714,-2.3071,-0.12899,0.69626,-0.68152,-3.0334,3.2284
92.447,34.573,-2.4568,-0.049379,0.40558,-0.92531,-2.1925,3.8196
93.003,34.448,-2.5823,0.058635,0.091805,-1.0973,-1.2036,4.1713
93.56,34.341,-2.6776,0.19568,-0.22804,-1.1917,-0.13431,4.2543
94.117,34.256,-2.7371,0.36178,-0.53621,-1.2059,0.94198,4.0595
94.674,34.197,-2.7543,0.55701,-0.81415,-1.14,1.9529,3.5985
95.231,34.166,-2.724,0.77984,-1.0446,-0.99857,2.8311,2.9014
95.788,34.187,-2.6195,1.0489,-1.1898,-0.76907,3.5419,2.0357
96.345,34.24,-2.4551,1.3366,-1.2522,-0.49068,4.029,1.0299
96.902,34.207,-2.3552,1.5272,-1.357,-0.2809,4.1231,-0.1415
97.459,34.231,-2.1801,1.7613,-1.3613,-0.0041947,3.9542,-1.246
98.016,34.305,-1.9309,2.0264,-1.2592,0.31423,3.5461,-2.2197
98.573,34.418,-1.6179,2.304,-1.0582,0.64304,2.9298,-3.0125
99.129,34.556,-1.254,2.5755,-0.7722,0.95197,2.148,-3.5851
99.686,34.705,-0.85436,2.8231,-0.42144,1.2132,1.2518,-3.9123
100.24,34.853,-0.43573,3.0305,-0.030677,1.4032,0.29738,-3.9835
100.8,34.985,-0.015215,3.184,0.37244,1.5044,-0.65726,-3.8031
101.36,35.092,0.39064,3.2731,0.75932,1.5061,-1.5555,-3.39
101.91,35.163,0.76672,3.2911,1.1023,1.4049,-2.3457,-2.7757
102.47,35.197,1.1031,3.238,1.3796,1.2079,-2.9803,-2.0003
103.03,35.136,1.3355,3.0639,1.5147,0.87718,-3.4828,-1.1616
103.58,35.127,1.6024,2.9202,1.6386,0.57797,-3.6838,-0.16589
104.14,35.148,1.8878,2.7788,1.7411,0.28386,-3.5658,0.86655
104.7,35.1,2.0876,2.547,1.7134,-0.085211,-3.2461,1.7705
105.26,35.006,2.2157,2.2528,1.5666,-0.48537,-2.7438,2.513
105.81,34.878,2.2815,1.9168,1.3126,-0.88125,-2.0942,3.0621
106.37,34.732,2.2969,1.5588,0.96996,-1.2399,-1.3391,3.3972
106.93,34.582,2.2746,1.1972,0.56237,-1.5329,-0.52548,3.5094
107.48,34.441,2.2281,0.84749,0.117,-1.7379,0.29793,3.4019
108.04,34.32,2.1699,0.52239,-0.33742,-1.8395,1.0828,3.0894
108.6,34.226,2.1114,0.231,-0.77232,-1.8301,1.784,2.5976
109.15,34.167,2.0619,-0.021112,-1.161,-1.7098,2.3623,1.9612
109.71,34.146,2.0284,-0.23191,-1.4804,-1.4861,2.7864,1.2219
110.27,34.162,2.0152,-0.40265,-1.712,-1.1732,3.0343,0.4262
110.82,34.214,2.0236,-0.5375,-1.8433,-0.79081,3.0948,-0.3773
111.38,34.297,2.0519,-0.64303,-1.8682,-0.36271,2.9677,-1.1409
111.94,34.404,2.0959,-0.72758,-1.7872,0.08463,2.6634,-1.8204
112.5,34.528,2.1487,-0.80061,-1.6076,0.5239,2.2024,-2.3774
113.05,34.658,2.2016,-0.87196,-1.3427,0.92855,1.6136,-2.7816
113.61,34.785,2.2443,-0.95118,-1.0113,1.2744,0.9326,-3.0121
114.17,34.898,2.2655,-1.0468,-0.63617,1.5412,0.19907,-3.0587
114.72,34.989,2.2539,-1.166,-0.243,1.7136,-0.54527,-2.922
115.28,35.048,2.1985,-1.3136,0.14121,1.7822,-1.2594,-2.6133
115.84,35.069,2.0903,-1.4914,0.49066,1.7448,-1.9043,-2.1523
116.39,35.035,1.9084,-1.7117,0.76761,1.5929,-2.46,-1.5801
116.95,34.982,1.6866,-1.9303,0.98978,1.3787,-2.8617,-0.88818
117.51,34.991,1.5107,-2.0694,1.2372,1.1814,-2.9871,-0.062054
118.06,34.963,1.2838,-2.2276,1.4039,0.90767,-2.9226,0.73484
118.62,34.902,1.0087,-2.3955,1.4812,0.57811,-2.6794,1.4562
119.18,34.816,0.69308,-2.5609,1.4695,0.21757,-2.2756,2.0627
119.73,34.714,0.34706,-2.7113,1.3743,-0.14875,-1.7384,2.5226
120.29,34.606,-0.017591,-2.8346,1.2068,-0.49651,-1.1021,2.813
120.85,34.502,-0.38797,-2.9197,0.98232,-0.8038,-0.40567,2.9216
121.41,34.412,-0.7508,-2.9575,0.71937,-1.0524,0.30913,2.8466
121.96,34.343,-1.0932,-2.941,0.43834,-1.2289,1.0005,2.5968
122.52,34.302,-1.4032,-2.866,0.16006,-1.3251,1.6289,2.1908
123.08,34.294,-1.6715,-2.7321,-0.096522,-1.3395,2.1582,1.6551
123.63,34.345,-1.8636,-2.5166,-0.28624,-1.2519,2.5881,1.0457
124.19,34.34,-2.093,-2.3396,-0.5161,-1.1848,2.7739,0.28893
124.75,34.312,-2.3303,-2.1628,-0.7568,-1.0945,2.7162,-0.50585
125.3,34.317,-2.5155,-1.9334,-0.94075,-0.93201,2.4801,-1.2272
125.86,34.344,-2.6553,-1.6666,-1.0672,-0.71816,2.0804,-1.8378
126.42,34.389,-2.7519,-1.3717,-1.1335,-0.46928,1.5475,-2.3012
126.97,34.446,-2.8075,-1.0569,-1.1389,-0.2009,0.92206,-2.5903
127.53,34.513,-2.8234,-0.72904,-1.084,0.072796,0.25193,-2.6886
128.09,34.588,-2.8007,-0.3935,-0.97105,0.33894,-0.41096,-2.5926
128.65,34.669,-2.7405,-0.055563,-0.80418,0.58539,-1.0155,-2.3132
129.2,34.754,-2.6457,0.27866,-0.5909,0.80004,-1.5167,-1.8755
129.76,34.837,-2.5216,0.6015,-0.34293,0.97062,-1.8801,-1.318
130.32,34.913,-2.3763,0.90403,-0.076073,1.0855,-2.0856,-0.68861
130.87,34.973,-2.2194,1.1773,0.19107,1.1355,-2.1276,-0.039609
131.43,35.012,-2.0604,1.4144,0.43954,1.1159,-2.0141,0.57798
131.99,35.025,-1.9067,1.6115,0.65265,1.028,-1.764,1.1196
132.54,35.013,-1.7623,1.7692,0.81806,0.87908,-1.4037,1.5504
133.1,34.976,-1.6295,1.8895,0.92665,0.68009,-0.96634,1.8452
133.66,34.95,-1.4764,2.0072,1.0065,0.47488,-0.45496,2.0197
134.21,34.885,-1.3511,2.0721,1.0089,0.22018,0.046679,2.0089
134.77,34.711,-1.3352,2.0231,0.84389,-0.1257,0.40066,1.7732
135.33,34.571,-1.2899,2.0042,0.65312,-0.40547,0.71297,1.4778
135.89,34.461,-1.2138,2.0111,0.44807,-0.61717,0.96772,1.1344
136.44,34.383,-1.1048,2.0404,0.2413,-0.7595,1.1537,0.76037
137,34.334,-0.96271,2.0878,0.044012,-0.83469,1.2634,0.37454
137.56,34.312,-0.78873,2.1473,-0.1346,-0.84813,1.2935,-0.0041581
138.11,34.313,-0.58585,2.2125,-0.28757,-0.80772,1.2445,-0.35736
138.67,34.333,-0.35841,2.2762,-0.41034,-0.7232,1.1214,-0.66822
139.23,34.366,-0.11192,2.3314,-0.50076,-0.60541,0.93295,-0.92229
139.78,34.407,0.14725,2.3714,-0.55899,-0.46563,0.69121,-1.1083
140.34,34.453,0.41375,2.3913,-0.58548,-0.31379,0.41284,-1.2176
140.9,34.444,0.62361,2.3338,-0.64308,-0.20971,0.053419,-1.2939
141.45,34.551,0.94721,2.3696,-0.55708,0.011619,-0.18659,-1.1644
142.01,34.692,1.3099,2.4057,-0.39175,0.24014,-0.33941,-0.95119
142.57,34.789,1.6292,2.3674,-0.23418,0.3959,-0.47682,-0.74008
143.13,34.854,1.9094,2.2685,-0.086275,0.49049,-0.58815,-0.52698
143.68,34.891,2.1493,2.1168,0.045424,0.53054,-0.6691,-0.31554
144.24,34.903,2.349,1.9208,0.15606,0.52402,-0.71617,-0.11019
144.8,34.896,2.5093,1.6885,0.24232,0.47967,-0.72724,0.083851
145.35,34.873,2.6314,1.428,0.30236,0.40651,-0.70187,0.2608
145.91,34.84,2.7173,1.1466,0.33574,0.31353,-0.64154,0.41475
146.47,34.799,2.7691,0.85144,0.34334,0.20934,-0.54966,0.54016
147.02,34.754,2.7891,0.54894,0.32721,0.10193,-0.43142,0.63229
147.58,34.708,2.78,0.24489,0.2904,-0.0016068,-0.29357,0.68771
148.14,34.663,2.7444,-0.055578,0.23675,-0.095223,-0.14406,0.70457
148.69,34.622,2.6848,-0.34807,0.17062,-0.17414,0.0084283,0.68285
149.25,34.586,2.6038,-0.62897,0.09659,-0.23493,0.15493,0.62447
149.81,34.556,2.5034,-0.89545,0.019145,-0.27562,0.28667,0.53323
150.36,34.533,2.3854,-1.1455,-0.05762,-0.29567,0.39553,0.41466
150.92,34.515,2.2511,-1.3779,-0.1303,-0.29587,0.47449,0.27573
151.48,34.502,2.1009,-1.5923,-0.19644,-0.27828,0.51792,0.1245
152.04,34.493,1.935,-1.7888,-0.2547,-0.24594,0.52188,-0.030265
152.59,34.484,1.7525,-1.9684,-0.30503,-0.20265,0.48429,-0.1796
153.15,34.474,1.5522,-2.1322,-0.3486,-0.15262,0.40501,-0.31473
153.71,34.459,1.3334,-2.2806,-0.38664,-0.099068,0.28709,-0.42648
154.26,34.421,1.0767,-2.4316,-0.43992,-0.061966,0.11649,-0.52332
154.82,34.418,0.84416,-2.5219,-0.44814,0.020379,-0.036527,-0.53394
155.38,34.499,0.69142,-2.5128,-0.34954,0.1751,-0.091203,-0.43548
155.93,34.567,0.52715,-2.5016,-0.23758,0.29753,-0.1307,-0.33674
156.49,34.625,0.35429,-2.4847,-0.11568,0.38841,-0.15275,-0.23921
157.05,34.673,0.17424,-2.4605,0.011049,0.44716,-0.15742,-0.14698
157.6,34.714,-0.011052,-2.4273,0.1379,0.47451,-0.1455,-0.063592
158.16,34.749,-0.19911,-2.383,0.26075,0.47236,-0.1183,0.0080541
158.72,34.779,-0.38713,-2.326,0.3761,0.44348,-0.077708,0.065663
159.28,34.806,-0.5721,-2.2545,0.48105,0.39129,-0.026103,0.10757
159.83,34.832,-0.75092,-2.1674,0.57332,0.31961,0.033696,0.13278
160.39,34.859,-0.92059,-2.0637,0.6512,0.23247,0.098519,0.14096
160.95,34.887,-1.0778,-1.9426,0.71392,0.13464,0.16536,0.13324
161.5,34.941,-1.1968,-1.7839,0.78512,0.049002,0.25625,0.12802
162.06,34.89,-1.4088,-1.7151,0.72747,-0.14428,0.22696,0.0065405
162.62,34.803,-1.6522,-1.6601,0.59427,-0.35381,0.12235,-0.12927
163.17,34.723,-1.8833,-1.5775,0.43117,-0.53028,-0.0088484,-0.22667
163.73,34.643,-2.1039,-1.4721,0.24021,-0.67216,-0.15985,-0.28291
164.29,34.567,-2.3107,-1.3438,0.029685,-0.77365,-0.31714,-0.29289
164.84,34.497,-2.4982,-1.1909,-0.18928,-0.82898,-0.46432,-0.25396
165.4,34.439,-2.6595,-1.011,-0.40298,-0.83313,-0.5831,-0.1667
165.96,34.396,-2.7864,-0.80125,-0.59617,-0.78302,-0.65517,-0.036121
166.52,34.375,-2.8713,-0.56051,-0.75397,-0.67904,-0.66499,0.12738
167.07,34.377,-2.9088,-0.2903,-0.86418,-0.5263,-0.60288,0.30762
167.63,34.402,-2.8971,0.0041549,-0.91934,-0.3351,-0.46767,0.48354
168.19,34.447,-2.8383,0.31431,-0.91767,-0.11992,-0.26783,0.63172
168.74,34.503,-2.7379,0.62971,-0.86257,0.10262,-0.020496,0.73004
169.3,34.566,-2.6026,0.93996,-0.76103,0.31639,0.25115,0.76155
169.86,34.629,-2.4391,1.2365,-0.62166,0.50789,0.52141,0.7173
170.41,34.688,-2.2524,1.5133,-0.4531,0.66734,0.76551,0.59758
170.97,34.741,-2.0484,1.7648,-0.26574,0.78649,0.95957,0.40914
171.53,34.823,-1.7914,2.0254,-0.028198,0.89731,1.1268,0.20183
172.08,34.845,-1.5722,2.2021,0.16413,0.90433,1.1682,-0.10087
172.64,34.778,-1.4316,2.275,0.25537,0.79935,1.0213,-0.47346
173.2,34.74,-1.2558,2.3612,0.35599,0.70437,0.80907,-0.76816
173.75,34.719,-1.0544,2.4473,0.45652,0.60815,0.54374,-0.97879
174.31,34.71,-0.83273,2.5264,0.55142,0.50633,0.24491,-1.0981
174.87,34.709,-0.59688,2.5918,0.6341,0.39534,-0.066955,-1.1248
175.43,34.71,-0.3535,2.6372,0.69757,0.27302,-0.37168,-1.0631
175.98,34.709,-0.10924,2.6578,0.73508,0.13898,-0.65041,-0.92205
176.54,34.702,0.12961,2.6499,0.74078,-0.0052083,-0.88668,-0.71508
177.1,34.686,0.35746,2.6115,0.71018,-0.15609,-1.0672,-0.4587
177.65,34.66,0.56978,2.5422,0.64086,-0.30833,-1.1825,-0.1714
178.21,34.62,0.76169,2.4411,0.5312,-0.45717,-1.2285,0.12522
178.77,34.521,0.87988,2.2654,0.32963,-0.63733,-1.2602,0.37273
179.32,34.55,1.1155,2.2039,0.23703,-0.65824,-1.0799,0.7332
179.88,34.594,1.3609,2.1331,0.1604,-0.65194,-0.78767,1.0379
180.44,34.605,1.564,2.0086,0.049963,-0.661,-0.46049,1.2237
180.99,34.597,1.7345,1.8477,-0.081336,-0.66682,-0.11653,1.2965
181.55,34.578,1.878,1.6612,-0.22354,-0.65813,0.22196,1.2632
182.11,34.555,1.9998,1.459,-0.36571,-0.62648,0.53444,1.1354
182.67,34.535,2.1052,1.2488,-0.49689,-0.56674,0.80296,0.92908
183.22,34.522,2.1982,1.0368,-0.60703,-0.47723,1.0129,0.66316
183.78,34.519,2.282,0.82692,-0.68766,-0.3596,1.1535,0.35849
184.34,34.528,2.3584,0.6214,-0.73247,-0.21845,1.2186,0.036747
184.89,34.55,2.4278,0.42096,-0.73767,-0.060743,1.2063,-0.28069
185.45,34.581,2.4895,0.22503,-0.7022,0.10481,1.1194,-0.57385
186.01,34.621,2.5416,0.032126,-0.62776,0.26852,0.96471,-0.82513
186.56,34.666,2.5811,-0.15982,-0.5187,0.42044,0.75291,-1.0202
187.12,34.713,2.6044,-0.35314,-0.38172,0.5511,0.49745,-1.1485
187.68,34.758,2.6073,-0.55007,-0.22548,0.65216,0.21382,-1.2041
188.23,34.796,2.5853,-0.75255,-0.060139,0.71694,-0.081484,-1.1853
188.79,34.824,2.5341,-0.96193,0.10327,0.74088,-0.37197,-1.095
189.35,34.838,2.4493,-1.1789,0.25341,0.72185,-0.64222,-0.94028
189.91,34.835,2.3272,-1.4031,0.37923,0.66022,-0.87879,-0.73162
190.46,34.813,2.1647,-1.6336,0.47057,0.55895,-1.071,-0.48244
191.02,34.769,1.9594,-1.8684,0.51871,0.42341,-1.2114,-0.20798
191.58,34.705,1.7112,-2.1033,0.51803,0.26216,-1.2952,0.076686
192.13,34.6,1.4003,-2.353,0.44424,0.066889,-1.3426,0.33861
192.69,34.54,1.1133,-2.5286,0.38211,-0.067944,-1.2693,0.64656
193.25,34.542,0.87779,-2.6184,0.36627,-0.13496,-1.0409,0.9723
193.8,34.53,0.61932,-2.7003,0.32205,-0.21135,-0.74868,1.2106
194.36,34.512,0.34807,-2.7636,0.25793,-0.28364,-0.40896,1.3547
194.92,34.493,0.071066,-2.8025,0.18045,-0.34369,-0.043675,1.3996
195.47,34.477,-0.2042,-2.8117,0.097523,-0.38476,0.32462,1.3462
196.03,34.471,-0.47021,-2.7872,0.017705,-0.40206,0.67398,1.2011
196.59,34.476,-0.71993,-2.7265,-0.050539,-0.39313,0.98428,0.97633
197.15,34.497,-0.94711,-2.6284,-0.099508,-0.35805,1.2383,0.68785
197.7,34.535,-1.1466,-2.4936,-0.12287,-0.29928,1.4226,0.35492
198.26,34.59,-1.3149,-2.3246,-0.11632,-0.22172,1.5281,-0.0014779
198.82,34.665,-1.4464,-2.1218,-0.074494,-0.12854,1.5535,-0.3561
199.37,34.77,-1.5268,-1.8798,0.017393,-0.018846,1.516,-0.68083
199.93,34.77,-1.6937,-1.7317,0.014671,-0.023393,1.2737,-1.0735
200.49,34.753,-1.864,-1.5836,-0.0081165,-0.040424,0.9124,-1.3962
201.04,34.741,-2.0145,-1.4155,-0.027889,-0.048597,0.48219,-1.6037
201.6,34.728,-2.1506,-1.2359,-0.050571,-0.054527,0.0094878,-1.6868
202.16,34.711,-2.2734,-1.0481,-0.078103,-0.059647,-0.47251,-1.6404
202.71,34.691,-2.3823,-0.85327,-0.1102,-0.062963,-0.92788,-1.4667
203.27,34.669,-2.4743,-0.65058,-0.144,-0.061588,-1.3202,-1.1758
203.83,34.649,-2.5449,-0.43809,-0.17463,-0.051944,-1.6155,-0.78628
204.38,34.635,-2.5893,-0.21426,-0.19652,-0.031378,-1.7862,-0.32522
204.94,34.629,-2.6042,0.020639,-0.20528,0.00036772,-1.8148,0.17237
205.5,34.632,-2.5888,0.26366,-0.19918,0.040504,-1.6966,0.66594
206.06,34.64,-2.5452,0.50948,-0.17973,0.083776,-1.4411,1.1131
206.61,34.649,-2.4774,0.75171,-0.15087,0.1241,-1.0708,1.4746
207.17,34.657,-2.3897,0.98462,-0.11732,0.15648,-0.61752,1.7191
207.73,34.66,-2.2851,1.2045,-0.082829,0.17841,-0.11888,1.8265
208.28,34.66,-2.1646,1.4102,-0.049008,0.19024,0.38617,1.79
208.84,34.656,-2.0293,1.6006,-0.017477,0.19248,0.85814,1.6133
209.4,34.693,-1.8343,1.8174,0.057961,0.22709,1.3092,1.3504
209.95,34.656,-1.6955,1.9432,0.061523,0.17688,1.5926,0.90514
210.51,34.565,-1.6051,2.0046,-0.0074476,0.080427,1.6766,0.35734
211.07,34.514,-1.4666,2.0963,-0.048351,0.035027,1.6535,-0.15842
211.62,34.493,-1.288,2.2039,-0.063505,0.025539,1.5245,-0.62247
212.18,34.499,-1.0735,2.3189,-0.052289,0.041964,1.3019,-1.0121
212.74,34.523,-0.82908,2.432,-0.01714,0.073376,1.0027,-1.3098
213.3,34.56,-0.56203,2.5339,0.036949,0.10901,0.64742,-1.5037
213.85,34.603,-0.28063,2.6161,0.10301,0.13914,0.25888,-1.5881
214.41,34.646,0.0064104,2.6712,0.17276,0.1558,-0.13895,-1.5637
214.97,34.681,0.29048,2.6931,0.2373,0.15329,-0.52242,-1.4368
215.52,34.706,0.56401,2.6783,0.28848,0.12909,-0.86889,-1.2187
216.08,34.709,0.81259,2.6172,0.31134,0.075351,-1.1661,-0.93372
216.64,34.655,0.99452,2.4802,0.26084,-0.031015,-1.4398,-0.62324
217.19,34.732,1.2997,2.4521,0.33351,-0.0073727,-1.4713,-0.13683
217.75,34.792,1.5845,2.3787,0.39304,-0.015065,-1.3843,0.3219
218.31,34.811,1.8172,2.2394,0.40406,-0.071242,-1.2226,0.70424
218.86,34.799,2.004,2.0502,0.37127,-0.1559,-0.99656,1.0021
219.42,34.764,2.1495,1.8236,0.29941,-0.2528,-0.72224,1.2083
219.98,34.716,2.2591,1.5715,0.19593,-0.34705,-0.41725,1.32
220.54,34.663,2.3385,1.3046,0.070137,-0.42601,-0.10006,1.3389
221.09,34.609,2.3935,1.0321,-0.067559,-0.47988,0.21088,1.2707
221.65,34.562,2.4293,0.76141,-0.20644,-0.50202,0.49803,1.1249
222.21,34.524,2.4503,0.49813,-0.33618,-0.48908,0.74563,0.91449
222.76,34.5,2.4603,0.24621,-0.4475,-0.4409,0.94052,0.65496
223.32,34.489,2.4617,0.00791,-0.53271,-0.36025,1.0728,0.36379
223.88,34.493,2.456,-0.21597,-0.58617,-0.25244,1.1362,0.059359
224.43,34.51,2.4433,-0.42589,-0.60458,-0.12477,1.1285,-0.2399
224.99,34.538,2.4227,-0.62332,-0.5872,0.014001,1.0515,-0.51652
225.55,34.574,2.3923,-0.81047,-0.53587,0.15436,0.91041,-0.75492
226.1,34.614,2.3492,-0.99003,-0.4549,0.28666,0.7141,-0.94215
226.66,34.654,2.2898,-1.1649,-0.35083,0.40178,0.47394,-1.0686
227.22,34.69,2.2098,-1.3377,-0.23208,0.49172,0.20322,-1.1282
227.77,34.716,2.1048,-1.5111,-0.10849,0.55007,-0.083728,-1.1191
228.33,34.73,1.9702,-1.6868,0.0092335,0.5725,-0.37241,-1.0432
228.89,34.725,1.8016,-1.8661,0.11016,0.55703,-0.64899,-0.90585
229.45,34.701,1.5962,-2.0483,0.18466,0.50494,-0.90012,-0.71508
230,34.634,1.3303,-2.2514,0.20216,0.40133,-1.1372,-0.49915
230.56,34.628,1.109,-2.37,0.26401,0.35362,-1.2409,-0.17063
231.12,34.662,0.92088,-2.4305,0.36199,0.32927,-1.2023,0.20443
231.67,34.673,0.70481,-2.4942,0.42964,0.2675,-1.0873,0.53623
232.23,34.671,0.46886,-2.5513,0.46928,0.18154,-0.90164,0.812
232.79,34.659,0.21815,-2.5957,0.48149,0.080784,-0.65869,1.0181
233.34,34.641,-0.041105,-2.6217,0.4692,-0.02516,-0.37432,1.1454
233.9,34.623,-0.30209,-2.624,0.43715,-0.12731,-0.066216,1.1898
234.46,34.609,-0.55777,-2.598,0.39139,-0.21792,0.24717,1.1517
235.01,34.604,-0.80128,-2.5406,0.33873,-0.29099,0.54762,1.0363
235.57,34.61,-1.0263,-2.4497,0.28616,-0.34255,0.81818,0.85272
236.13,34.63,-1.2277,-2.3254,0.23978,-0.37128,1.0435,0.61343
236.69,34.673,-1.3936,-2.1614,0.21268,-0.37025,1.2192,0.3412
237.24,34.734,-1.5233,-1.966,0.20822,-0.34935,1.337,0.043844
237.8,34.69,-1.7434,-1.8585,0.094241,-0.42173,1.2512,-0.36279
238.36,34.647,-1.953,-1.7303,-0.03204,-0.47056,1.0557,-0.72852
238.91,34.615,-2.139,-1.5736,-0.15387,-0.48621,0.77907,-1.0184
239.47,34.588,-2.3037,-1.3948,-0.27012,-0.47389,0.43997,-1.2165
240.03,34.565,-2.4463,-1.1972,-0.37715,-0.43623,0.064451,-1.3102
240.58,34.548,-2.5647,-0.98237,-0.46995,-0.3749,-0.31695,-1.2931
241.14,34.538,-2.6553,-0.75062,-0.54213,-0.29098,-0.67126,-1.1657
241.7,34.538,-2.7136,-0.50186,-0.58673,-0.18603,-0.966,-0.93735
242.25,34.551,-2.7356,-0.23689,-0.59777,-0.063389,-1.173,-0.62609
242.81,34.576,-2.7197,0.04122,-0.57207,0.070795,-1.2724,-0.25887
243.37,34.612,-2.6671,0.32665,-0.51063,0.2074,-1.2554,0.1306
243.93,34.653,-2.5823,0.61136,-0.41883,0.33541,-1.1256,0.5054
244.48,34.694,-2.4719,0.8867,-0.30526,0.44398,-0.8982,0.83007
245.04,34.73,-2.3425,1.1452,-0.17975,0.52458,-0.59659,1.0752
245.6,34.756,-2.1991,1.382,-0.051323,0.5725,-0.24927,1.2205
246.15,34.773,-2.0447,1.5952,0.073165,0.58719,0.11387,1.2568
246.71,34.78,-1.881,1.7845,0.18798,0.57045,0.46259,1.1845
247.27,34.824,-1.6619,1.9933,0.33773,0.56667,0.8196,1.0513
247.82,34.764,-1.5323,2.0801,0.37331,0.43808,1.0126,0.73163
248.38,34.666,-1.4369,2.1194,0.33993,0.27373,1.0634,0.3436
248.94,34.601,-1.3032,2.1814,0.31339,0.14814,1.0437,-0.015796
249.49,34.56,-1.1383,2.2546,0.29134,0.052026,0.95428,-0.33513
250.05,34.541,-0.9452,2.3323,0.275,-0.019417,0.80453,-0.60006
250.61,34.539,-0.72844,2.4075,0.26376,-0.071861,0.60638,-0.80006
251.17,34.547,-0.49364,2.4732,0.25557,-0.11112,0.37381,-0.92857
251.72,34.563,-0.24706,2.523,0.24729,-0.14253,0.12201,-0.98315
252.28,34.579,0.0047738,2.5512,0.23514,-0.17055,-0.13341,-0.96537
252.84,34.593,0.25532,2.5533,0.21512,-0.19839,-0.37734,-0.88061
253.39,34.602,0.49965,2.5275,0.18471,-0.22667,-0.59464,-0.73641
253.95,34.588,0.71656,2.4562,0.12511,-0.27124,-0.78917,-0.55983
254.51,34.542,0.89149,2.3364,0.021263,-0.3297,-0.96729,-0.3588
255.06,34.633,1.1989,2.3316,0.058867,-0.24477,-0.92735,-0.00093595
255.62,34.698,1.4781,2.2729,0.084468,-0.19327,-0.81823,0.3079
256.18,34.73,1.7149,2.1563,0.081867,-0.17783,-0.66716,0.54664
256.73,34.736,1.9138,1.9945,0.054897,-0.18459,-0.48455,0.7139
257.29,34.724,2.0782,1.7981,0.0076706,-0.20223,-0.28312,0.80981
257.85,34.702,2.2121,1.5768,-0.054149,-0.22076,-0.075563,0.83759
258.4,34.674,2.3196,1.3392,-0.12402,-0.23216,0.12589,0.80314
258.96,34.646,2.4044,1.0925,-0.19513,-0.23064,0.30996,0.71464
259.52,34.622,2.4698,0.84242,-0.26092,-0.21276,0.46679,0.58209
260.08,34.604,2.5183,0.59333,-0.31553,-0.17738,0.58836,0.41689
260.63,34.593,2.5517,0.34829,-0.3542,-0.12544,0.66884,0.23125
261.19,34.591,2.5712,0.1092,-0.37351,-0.059669,0.70482,0.037659
261.75,34.598,2.5768,-0.12304,-0.37164,0.0158,0.6954,-0.1517
262.3,34.611,2.5682,-0.34829,-0.34841,0.09583,0.64214,-0.32555
262.86,34.629,2.544,-0.56702,-0.30534,0.17474,0.5489,-0.47403
263.42,34.649,2.5025,-0.7801,-0.24555,0.24674,0.42147,-0.58914
263.97,34.67,2.4414,-0.98858,-0.17359,0.30637,0.26717,-0.66514
264.53,34.687,2.358,-1.1935,-0.095219,0.34886,0.094367,-0.69869
265.09,34.699,2.2495,-1.396,-0.017127,0.37048,-0.088149,-0.68899
265.64,34.7,2.1129,-1.5965,0.053435,0.36881,-0.27168,-0.63767
266.2,34.69,1.9453,-1.7954,0.10903,0.3429,-0.44816,-0.54856
266.76,34.664,1.7443,-1.9925,0.14246,0.29346,-0.61058,-0.42735
267.32,34.62,1.5076,-2.1869,0.14731,0.22272,-0.75317,-0.28127
267.87,34.54,1.2155,-2.3933,0.099025,0.11956,-0.89188,-0.13222
268.43,34.542,0.99007,-2.4931,0.11962,0.10268,-0.89491,0.12177
268.99,34.573,0.78793,-2.5449,0.17048,0.10646,-0.7925,0.3884
269.54,34.588,0.5653,-2.5926,0.20389,0.086817,-0.63878,0.60385
270.1,34.595,0.32996,-2.628,0.2235,0.053454,-0.44173,0.76161
270.66,34.596,0.086888,-2.6463,0.23093,0.012423,-0.21474,0.85506
271.21,34.596,-0.15827,-2.6433,0.2292,-0.030417,0.027782,0.88168
271.77,34.598,-0.39961,-2.6154,0.22218,-0.069975,0.27113,0.84292
272.33,34.606,-0.63135,-2.5597,0.21422,-0.10232,0.50111,0.74384
272.88,34.623,-0.84808,-2.4747,0.20967,-0.12493,0.7048,0.59269
273.44,34.65,-1.045,-2.3599,0.21248,-0.13677,0.87119,0.40035
274,34.688,-1.2192,-2.2171,0.22492,-0.13917,0.99085,0.17878
274.56,34.749,-1.3549,-2.0359,0.26185,-0.12169,1.071,-0.046007
275.11,34.809,-1.4746,-1.8463,0.30113,-0.11607,1.0871,-0.29043
275.67,34.764,-1.6859,-1.7455,0.22616,-0.21083,0.91637,-0.61695
276.23,34.722,-1.8838,-1.6218,0.13817,-0.28633,0.66557,-0.88026
276.78,34.685,-2.0647,-1.4763,0.042615,-0.34054,0.35704,-1.0613
277.34,34.649,-2.23,-1.3134,-0.059836,-0.37504,0.012,-1.1498
277.9,34.614,-2.3786,-1.135,-0.16592,-0.38925,-0.3433,-1.1395
278.45,34.582,-2.5075,-0.94124,-0.27017,-0.3814,-0.67963,-1.0299
279.01,34.555,-2.612,-0.73085,-0.36502,-0.34922,-0.96682,-0.82713
279.57,34.538,-2.6864,-0.50237,-0.44182,-0.29126,-1.1767,-0.54485
280.12,34.534,-2.7257,-0.25554,-0.49251,-0.20832,-1.2866,-0.20447
280.68,34.544,-2.7273,0.0074025,-0.51166,-0.10465,-1.283,0.16527
281.24,34.567,-2.6915,0.2812,-0.49784,0.011966,-1.164,0.53059
281.79,34.598,-2.622,0.55827,-0.45384,0.13136,-0.94,0.85631
282.35,34.631,-2.5243,0.83031,-0.38552,0.24303,-0.63187,1.1105
282.91,34.663,-2.404,1.0901,-0.30002,0.33828,-0.26788,1.2687
283.47,34.689,-2.2654,1.333,-0.20387,0.41161,0.12016,1.3167
284.02,34.71,-2.1109,1.5565,-0.10197,0.46091,0.5004,1.2517
284.58,34.728,-1.9396,1.7623,0.0038041,0.48837,0.84475,1.0829
285.14,34.784,-1.7097,1.9876,0.1549,0.52997,1.1735,0.85783
285.69,34.721,-1.5832,2.0767,0.18359,0.43393,1.2967,0.44707
286.25,34.644,-1.466,2.1407,0.17544,0.32354,1.2823,0.0096678
286.81,34.598,-1.3096,2.2243,0.1824,0.2453,1.1851,-0.38037
287.36,34.577,-1.1209,2.3158,0.20099,0.18869,1.0116,-0.70876
287.92,34.575,-0.90454,2.4077,0.2297,0.14677,0.77624,-0.96109
288.48,34.586,-0.66638,2.4921,0.26504,0.11241,0.49588,-1.128
289.03,34.605,-0.4132,2.5615,0.30205,0.079088,0.18921,-1.2051
289.59,34.627,-0.15223,2.6094,0.33487,0.041485,-0.1244,-1.1935
290.15,34.645,0.10923,2.6302,0.35728,-0.0040867,-0.42599,-1.0986
290.71,34.657,0.36419,2.6201,0.36334,-0.059437,-0.69806,-0.93071
291.26,34.66,0.60836,2.5785,0.34992,-0.12246,-0.92335,-0.70147
291.82,34.627,0.81021,2.4791,0.28676,-0.21634,-1.1165,-0.45235
292.38,34.585,0.99051,2.3545,0.19384,-0.30132,-1.2494,-0.1612
292.93,34.668,1.2907,2.3322,0.22524,-0.2569,-1.1532,0.25843
293.49,34.713,1.5486,2.2459,0.224,-0.25382,-0.98707,0.60259
294.05,34.726,1.7635,2.1054,0.18797,-0.27957,-0.76945,0.86101
294.6,34.716,1.9399,1.9234,0.12217,-0.3193,-0.51571,1.0303
295.16,34.69,2.0824,1.7111,0.033189,-0.36012,-0.24271,1.1105
295.72,34.655,2.1961,1.4787,-0.070776,-0.39111,0.032723,1.1061
296.27,34.619,2.2861,1.2353,-0.18069,-0.40392,0.29449,1.025
296.83,34.587,2.3566,0.98783,-0.28744,-0.39309,0.52793,0.87816
297.39,34.562,2.4117,0.74191,-0.38246,-0.3561,0.72049,0.67911
297.95,34.547,2.4541,0.50139,-0.45835,-0.29328,0.8623,0.44319
298.5,34.542,2.4858,0.2686,-0.50926,-0.20744,0.9466,0.18675
299.06,34.55,2.5076,0.044568,-0.53127,-0.10353,0.97005,-0.073611
299.62,34.567,2.5193,-0.17078,-0.52261,0.01192,0.93275,-0.32193
300.17,34.593,2.5198,-0.37838,-0.48374,0.13132,0.83817,-0.54365
300.73,34.624,2.5071,-0.57976,-0.41731,0.24664,0.69278,-0.72631
301.29,34.658,2.4784,-0.77677,-0.32802,0.34998,0.50561,-0.86019
301.84,34.691,2.4305,-0.97139,-0.22234,0.43408,0.28759,-0.9387
302.4,34.719,2.3597,-1.1654,-0.10818,0.49285,0.050831,-0.95868
302.96,34.738,2.2623,-1.3604,0.0055342,0.52175,-0.19215,-0.92039
303.51,34.745,2.1345,-1.5572,0.10937,0.51809,-0.42923,-0.8274
304.07,34.737,1.9727,-1.7563,0.19386,0.48123,-0.64938,-0.68622
304.63,34.71,1.774,-1.9571,0.25017,0.41279,-0.84319,-0.50564
305.18,34.66,1.5342,-2.1603,0.26877,0.31458,-1.0051,-0.2982
305.74,34.577,1.2407,-2.3723,0.23122,0.18485,-1.1434,-0.081621
306.3,34.583,1.0222,-2.4703,0.26715,0.14641,-1.1172,0.24288
306.86,34.602,0.80957,-2.5365,0.3106,0.11148,-0.98666,0.55575
307.41,34.605,0.57504,-2.5978,0.32949,0.055071,-0.79327,0.80791
307.97,34.599,0.32628,-2.6457,0.32771,-0.012032,-0.54832,0.98988
308.53,34.589,0.069125,-2.675,0.30838,-0.08189,-0.26812,1.0939
309.08,34.578,-0.1899,-2.6805,0.27622,-0.14712,0.029755,1.117
309.64,34.571,-0.44406,-2.6581,0.23703,-0.20154,0.32733,1.0612
310.2,34.572,-0.68678,-2.6047,0.19707,-0.24059,0.60728,0.93268
310.75,34.584,-0.91201,-2.5185,0.16258,-0.2616,0.85383,0.74166
311.31,34.61,-1.1145,-2.3992,0.13919,-0.26391,1.0536,0.50151
311.87,34.649,-1.2912,-2.2491,0.13024,-0.24996,1.1949,0.22678
312.42,34.719,-1.4207,-2.0529,0.15752,-0.20539,1.29,-0.048387
312.98,34.769,-1.5512,-1.8663,0.17329,-0.18795,1.2871,-0.36133
313.54,34.727,-1.7611,-1.7551,0.090193,-0.25481,1.0924,-0.73684
314.1,34.695,-1.9494,-1.6153,0.0069047,-0.29585,0.81295,-1.0358
314.65,34.668,-2.1192,-1.4543,-0.077425,-0.31676,0.46737,-1.2429
315.21,34.642,-2.2714,-1.2766,-0.16226,-0.32023,0.079957,-1.3461
315.77,34.618,-2.4056,-1.0847,-0.24527,-0.30715,-0.32008,-1.3382
316.32,34.595,-2.5192,-0.87903,-0.32213,-0.27701,-0.70048,-1.219
316.88,34.578,-2.6081,-0.65893,-0.38672,-0.2286,-1.0282,-0.99546
317.44,34.569,-2.6673,-0.42334,-0.43203,-0.16132,-1.2727,-0.68309
317.99,34.571,-2.6927,-0.17249,-0.45195,-0.076603,-1.4097,-0.30576
318.55,34.586,-2.6825,0.09093,-0.44303,0.021041,-1.4246,0.10499
319.11,34.61,-2.6378,0.36145,-0.40576,0.12405,-1.3153,0.51246
319.66,34.639,-2.5628,0.6316,-0.34443,0.22304,-1.0924,0.87886
320.22,34.668,-2.4632,0.89355,-0.26593,0.30892,-0.77732,1.1701
320.78,34.693,-2.3444,1.1409,-0.17771,0.37484,-0.39916,1.3601
321.34,34.711,-2.2103,1.3699,-0.086072,0.41736,0.0093829,1.4335
321.89,34.722,-2.0626,1.5791,0.0044443,0.43613,0.41501,1.3862
322.45,34.734,-1.8953,1.7752,0.097701,0.43974,0.79299,1.2315
323.01,34.777,-1.6785,1.9829,0.2239,0.45169,1.1499,1.0022
323.56,34.692,-1.5755,2.0487,0.21293,0.32534,1.2884,0.57507
324.12,34.613,-1.4631,2.1102,0.18205,0.20946,1.3071,0.13332
324.68,34.565,-1.312,2.1913,0.16526,0.12977,1.2401,-0.27019
325.23,34.542,-1.1275,2.2821,0.16161,0.077253,1.0935,-0.61877
325.79,34.54,-0.91405,2.375,0.17069,0.044678,0.87998,-0.89674
326.35,34.553,-0.6772,2.4619,0.18994,0.02437,0.61515,-1.0931
326.9,34.575,-0.4237,2.5353,0.21517,0.0090267,0.31684,-1.2018
327.46,34.601,-0.16079,2.5882,0.24103,-0.0076421,0.0039956,-1.2217
328.02,34.625,0.10413,2.6149,0.26157,-0.030444,-0.30439,-1.1566
328.58,34.642,0.36386,2.6109,0.27078,-0.062392,-0.59032,-1.0149
329.13,34.653,0.61451,2.5761,0.26601,-0.10196,-0.83484,-0.80601
329.69,34.616,0.813,2.4731,0.20484,-0.1836,-1.0633,-0.58001
330.25,34.601,1.0208,2.3744,0.14829,-0.2291,-1.2033,-0.27483
330.8,34.692,1.3311,2.3564,0.20271,-0.17098,-1.1307,0.14226
331.36,34.738,1.5923,2.2674,0.21894,-0.16406,-0.99593,0.48569
331.92,34.753,1.8105,2.1242,0.20111,-0.18909,-0.8084,0.75216
332.47,34.743,1.9893,1.9385,0.15264,-0.23205,-0.58214,0.93686
333.03,34.717,2.133,1.7215,0.07918,-0.28,-0.33229,1.0388
333.59,34.682,2.2464,1.4834,-0.011922,-0.32176,-0.074314,1.0608
334.14,34.644,2.3343,1.2333,-0.11235,-0.34851,0.17667,1.0089
334.7,34.608,2.4011,0.9783,-0.21351,-0.3541,0.40653,0.89222
335.26,34.579,2.4508,0.72431,-0.30714,-0.33518,0.60283,0.72237
335.81,34.558,2.4862,0.47548,-0.38586,-0.2911,0.75531,0.51283
336.37,34.549,2.5095,0.23452,-0.44364,-0.22369,0.85649,0.27838
336.93,34.55,2.5219,0.0028524,-0.47613,-0.13689,0.90186,0.034295
337.49,34.562,2.5236,-0.21922,-0.48091,-0.036319,0.89013,-0.20436
338.04,34.582,2.5138,-0.43229,-0.45766,0.07122,0.82316,-0.4235
338.6,34.608,2.4909,-0.63758,-0.40811,0.1783,0.70572,-0.61075
339.16,34.638,2.4526,-0.83675,-0.33602,0.27741,0.54514,-0.75598
339.71,34.668,2.3961,-1.0316,-0.24691,0.36147,0.35076,-0.85183
340.27,34.694,2.3179,-1.224,-0.14779,0.42429,0.1333,-0.894
340.83,34.713,2.2145,-1.4155,-0.046824,0.46101,-0.095865,-0.88134
341.38,34.72,2.0823,-1.6073,0.047169,0.46843,-0.32538,-0.81584
341.94,34.713,1.9176,-1.7999,0.12516,0.44521,-0.54463,-0.70229
342.5,34.689,1.7177,-1.9931,0.17873,0.39234,-0.74396,-0.54765
343.05,34.64,1.4754,-2.1905,0.19534,0.30789,-0.92047,-0.3657
343.61,34.567,1.1905,-2.3864,0.16918,0.20218,-1.0689,-0.15967
344.17,34.589,0.98748,-2.4649,0.22673,0.18857,-1.0487,0.15994
344.73,34.612,0.77896,-2.5247,0.28225,0.16344,-0.93979,0.46006
345.28,34.619,0.55004,-2.5792,0.31576,0.11516,-0.76968,0.70652
345.84,34.617,0.30709,-2.6213,0.32943,0.053016,-0.54914,0.88907
346.4,34.609,0.055655,-2.6458,0.32556,-0.015353,-0.29291,0.9998
346.95,34.601,-0.19806,-2.6479,0.30803,-0.082684,-0.017155,1.0353
347.51,34.595,-0.4476,-2.6235,0.28181,-0.14271,0.26149,0.99671
348.07,34.597,-0.68661,-2.5694,0.25245,-0.19059,0.52676,0.88905
348.62,34.609,-0.90921,-2.484,0.22559,-0.22321,0.76371,0.72122
349.18,34.633,-1.1102,-2.3667,0.20645,-0.23926,0.95942,0.50515
349.74,34.669,-1.2868,-2.2197,0.19787,-0.24062,1.1022,0.25375
350.29,34.74,-1.4124,-2.023,0.22703,-0.2077,1.2095,0.0038862
350.85,34.769,-1.5626,-1.8578,0.21809,-0.2226,1.2001,-0.30752
351.41,34.72,-1.7788,-1.752,0.12028,-0.30296,1.0155,-0.66651
351.97,34.683,-1.9714,-1.6147,0.022844,-0.35273,0.7533,-0.95076
352.52,34.651,-2.1457,-1.456,-0.077149,-0.37969,0.42818,-1.1486
353.08,34.622,-2.302,-1.2796,-0.17782,-0.38566,0.063738,-1.2478
353.64,34.595,-2.4393,-1.0874,-0.27564,-0.3711,-0.31188,-1.2415
354.19,34.571,-2.5543,-0.87985,-0.36518,-0.3354,-0.66753,-1.1292
354.75,34.554,-2.6427,-0.65603,-0.4393,-0.27763,-0.9714,-0.91768
355.31,34.547,-2.6992,-0.41515,-0.4904,-0.19783,-1.1943,-0.62192
355.86,34.554,-2.7199,-0.15792,-0.51212,-0.098449,-1.3133,-0.2653
356.42,34.573,-2.7034,0.11234,-0.50123,0.0148,-1.3155,0.12141
356.98,34.602,-2.6514,0.38948,-0.45868,0.13315,-1.2002,0.50261
357.53,34.636,-2.5686,0.66549,-0.38939,0.24622,-0.97875,0.84204
358.09,34.669,-2.4609,0.93228,-0.30079,0.34419,-0.67283,1.1075
358.65,34.698,-2.3341,1.1834,-0.20083,0.41979,-0.31097,1.2748
359.2,34.72,-2.192,1.415,-0.096268,0.46934,0.075254,1.3305
359.76,34.734,-2.0371,1.6251,0.0073432,0.49183,0.45362,1.2715
360.32,34.756,-1.8564,1.8273,0.12024,0.50225,0.80839,1.1186
360.88,34.791,-1.642,2.024,0.25048,0.50181,1.1266,0.88202
361.43,34.699,-1.5438,2.0792,0.23933,0.36335,1.2235,0.46017
361.99,34.625,-1.4231,2.1426,0.22087,0.24668,1.2192,0.044925
362.55,34.579,-1.2665,2.2223,0.21302,0.16145,1.1342,-0.32907
363.1,34.558,-1.0785,2.3096,0.21537,0.10036,0.97643,-0.64567
363.66,34.555,-0.86346,2.3971,0.22701,0.056791,0.7591,-0.89117
364.22,34.566,-0.6271,2.4771,0.24514,0.023873,0.49786,-1.0565
364.77,34.584,-0.37604,2.5425,0.26559,-0.0047865,0.21011,-1.1374
365.33,34.605,-0.11729,2.5867,0.28325,-0.034521,-0.086025,-1.1342
365.89,34.624,0.14204,2.6045,0.29265,-0.069204,-0.37269,-1.052
366.44,34.636,0.39512,2.5921,0.28845,-0.111,-0.63331,-0.89996
367,34.642,0.63887,2.5498,0.26922,-0.15739,-0.85008,-0.68781
367.56,34.592,0.82036,2.4316,0.18268,-0.25107,-1.0612,-0.47368
368.12,34.596,1.0446,2.3511,0.13515,-0.27346,-1.1504,-0.15606
368.67,34.683,1.3485,2.3269,0.17738,-0.21625,-1.0514,0.23798
369.23,34.725,1.6018,2.2319,0.18043,-0.20818,-0.89889,0.55209
369.79,34.736,1.814,2.0855,0.15233,-0.22764,-0.69971,0.78732
370.34,34.726,1.9886,1.8991,0.09691,-0.26147,-0.46859,0.94042
370.9,34.701,2.1299,1.6835,0.02023,-0.29757,-0.22074,1.0121
371.46,34.669,2.2426,1.4484,-0.070221,-0.32574,0.028711,1.0068
372.01,34.634,2.3313,1.2024,-0.16624,-0.3382,0.26531,0.93198
372.57,34.603,2.4001,0.95228,-0.2596,-0.32987,0.47592,0.79782
373.13,34.579,2.4525,0.70325,-0.34257,-0.29837,0.64931,0.61673
373.68,34.564,2.4912,0.45908,-0.40852,-0.2439,0.77667,0.40264
374.24,34.559,2.5178,0.2221,-0.45222,-0.16897,0.85198,0.17036
374.8,34.564,2.5331,-0.006576,-0.47024,-0.078006,0.8723,-0.065128
375.36,34.578,2.5369,-0.22685,-0.46107,0.023125,0.83774,-0.28946
375.91,34.6,2.5282,-0.43942,-0.42524,0.12761,0.75143,-0.48953
376.47,34.627,2.5052,-0.64553,-0.36527,0.22822,0.61919,-0.6542
377.03,34.656,2.4653,-0.84675,-0.28554,0.31787,0.44909,-0.77476
377.58,34.684,2.4057,-1.0447,-0.19205,0.39006,0.25087,-0.84534
378.14,34.707,2.3228,-1.2411,-0.092103,0.43935,0.035315,-0.86313
378.7,34.721,2.2134,-1.437,0.0060859,0.46171,-0.18647,-0.8284
379.25,34.724,2.0739,-1.6334,0.093819,0.45478,-0.40374,-0.74435
379.81,34.711,1.901,-1.8305,0.1624,0.41812,-0.60675,-0.6168
380.37,34.681,1.6924,-2.0273,0.20423,0.35379,-0.78664,-0.45308
380.92,34.623,1.4374,-2.2312,0.20333,0.25679,-0.9459,-0.27107
381.48,34.555,1.1543,-2.418,0.17306,0.15586,-1.0619,-0.056218
382.04,34.582,0.95312,-2.4892,0.22698,0.14571,-1.0084,0.26053
382.6,34.6,0.73818,-2.5496,0.27008,0.11761,-0.87807,0.5424
383.15,34.605,0.50496,-2.6022,0.29309,0.070505,-0.69005,0.76711
383.71,34.602,0.25929,-2.6407,0.2981,0.012641,-0.45673,0.92493
384.27,34.596,0.0068853,-2.6602,0.28796,-0.04871,-0.19349,1.0095
384.82,34.589,-0.246,-2.6559,0.26694,-0.10684,0.08328,1.019
385.38,34.587,-0.49295,-2.6241,0.2402,-0.15618,0.35701,0.95603
385.94,34.592,-0.72779,-2.5622,0.21327,-0.19266,0.61189,0.82701
386.49,34.608,-0.94484,-2.4687,0.19157,-0.21395,0.83366,0.642
387.05,34.637,-1.1392,-2.3435,0.17995,-0.21954,1.0104,0.41382
387.61,34.678,-1.3084,-2.1892,0.18084,-0.21181,1.1318,0.15617
388.16,34.756,-1.4238,-1.9842,0.22325,-0.17022,1.2193,-0.092603
388.72,34.772,-1.5838,-1.8304,0.20722,-0.19673,1.1685,-0.41405
389.28,34.725,-1.795,-1.7204,0.11684,-0.27324,0.95829,-0.75811
389.83,34.691,-1.9826,-1.58,0.026971,-0.32123,0.67527,-1.0217
390.39,34.66,-2.1528,-1.4197,-0.066434,-0.34879,0.33452,-1.1948
390.95,34.63,-2.3059,-1.2428,-0.16165,-0.35732,-0.039138,-1.2667
391.51,34.602,-2.4404,-1.0511,-0.25523,-0.3468,-0.41677,-1.232
392.06,34.578,-2.5531,-0.84444,-0.34165,-0.31612,-0.7669,-1.092
392.62,34.56,-2.6392,-0.62184,-0.4137,-0.2639,-1.058,-0.85551
393.18,34.552,-2.6936,-0.38237,-0.46377,-0.18994,-1.2616,-0.53918
393.73,34.557,-2.7124,-0.1268,-0.48563,-0.096548,-1.3566,-0.16809
394.29,34.575,-2.6944,0.14137,-0.47626,0.010595,-1.332,0.22571
394.85,34.602,-2.6416,0.41588,-0.43681,0.12283,-1.1894,0.606
395.4,34.634,-2.5586,0.68877,-0.37217,0.23005,-0.94247,0.9367
395.96,34.665,-2.4515,0.9522,-0.28951,0.3229,-0.61471,1.1865
396.52,34.692,-2.3253,1.2001,-0.19624,0.39464,-0.23604,1.3329
397.07,34.712,-2.1837,1.429,-0.098444,0.44209,0.16118,1.3643
397.63,34.724,-2.0292,1.6367,-0.0016085,0.46392,0.54373,1.2791
398.19,34.753,-1.8402,1.8449,0.11375,0.48305,0.90481,1.1074
398.75,34.775,-1.6379,2.0271,0.22662,0.47147,1.2021,0.83253
399.3,34.679,-1.5436,2.0787,0.20575,0.33515,1.2777,0.3896
399.86,34.611,-1.4161,2.1483,0.18981,0.23097,1.2595,-0.032396
400.42,34.571,-1.2533,2.2325,0.18559,0.1567,1.1579,-0.40983
400.97,34.555,-1.059,2.3234,0.19312,0.10537,0.98289,-0.72554
401.53,34.557,-0.838,2.4134,0.21098,0.06988,0.74849,-0.96599
402.09,34.571,-0.59637,2.4945,0.23583,0.043022,0.47132,-1.1225
402.64,34.592,-0.34094,2.5595,0.26297,0.01823,0.1696,-1.1912
403.2,34.615,-0.078932,2.6021,0.28683,-0.0098556,-0.13781,-1.1735
403.76,34.635,0.1824,2.617,0.30149,-0.044995,-0.4325,-1.0751
404.31,34.647,0.43615,2.6005,0.30128,-0.089115,-0.69751,-0.906
404.87,34.651,0.67895,2.5528,0.28429,-0.13976,-0.9151,-0.67751
405.43,34.591,0.85061,2.4222,0.19029,-0.24462,-1.1319,-0.45338
405.99,34.617,1.0964,2.3593,0.16726,-0.24926,-1.1885,-0.099058
406.54,34.697,1.394,2.3238,0.20637,-0.20452,-1.0797,0.2974
407.1,34.733,1.6405,2.219,0.20453,-0.20742,-0.91662,0.61192
407.66,34.739,1.8458,2.064,0.17039,-0.2361,-0.70633,0.84529
408.21,34.725,2.0136,1.8705,0.10825,-0.27712,-0.4641,0.99425
408.77,34.696,2.1484,1.6493,0.024622,-0.31824,-0.20567,1.0597
409.33,34.661,2.2551,1.4102,-0.072575,-0.34922,0.053292,1.0463
409.88,34.625,2.3384,1.1616,-0.17476,-0.36239,0.29784,0.96177
410.44,34.593,2.4025,0.91014,-0.27335,-0.35284,0.51443,0.81686
411,34.569,2.451,0.66101,-0.3604,-0.31846,0.69151,0.62446
411.55,34.554,2.4864,0.41776,-0.42907,-0.25979,0.82009,0.39905
412.11,34.55,2.5105,0.18254,-0.47406,-0.17972,0.89413,0.15603
412.67,34.557,2.5238,-0.043726,-0.49191,-0.083063,0.91076,-0.089088
413.22,34.573,2.5263,-0.26116,-0.48122,0.023886,0.87034,-0.32142
413.78,34.598,2.5166,-0.47064,-0.44267,0.13393,0.77636,-0.52749
414.34,34.627,2.4929,-0.6736,-0.37903,0.23948,0.63506,-0.69584
414.9,34.658,2.4524,-0.8718,-0.29497,0.33314,0.45503,-0.81761
415.45,34.687,2.3921,-1.067,-0.19684,0.40819,0.24656,-0.88692
416.01,34.711,2.3084,-1.261,-0.092298,0.45903,0.020986,-0.90106
416.57,34.726,2.1977,-1.455,0.010085,0.48154,-0.21007,-0.86055
417.12,34.728,2.0565,-1.65,0.10127,0.47342,-0.43541,-0.76894
417.68,34.714,1.8812,-1.8463,0.17228,0.43432,-0.64488,-0.63249
418.24,34.683,1.6701,-2.0423,0.21561,0.36681,-0.829,-0.45875
418.79,34.619,1.4075,-2.2498,0.21049,0.26201,-0.99486,-0.27012
419.35,34.563,1.1345,-2.4227,0.19307,0.17035,-1.0965,-0.031561
419.91,34.593,0.93663,-2.4891,0.25323,0.15886,-1.0307,0.29592
420.46,34.608,0.71849,-2.551,0.29489,0.12293,-0.89337,0.57999
421.02,34.611,0.48268,-2.604,0.31581,0.068961,-0.69721,0.80541
421.58,34.605,0.23462,-2.6426,0.31775,0.0049494,-0.45561,0.96189
422.14,34.597,-0.019801,-2.6615,0.30384,-0.061556,-0.18437,1.0432
422.69,34.589,-0.27418,-2.6561,0.27865,-0.12366,0.099706,1.0478
423.25,34.585,-0.522,-2.6226,0.24761,-0.1757,0.37966,0.97841
423.81,34.591,-0.757,-2.5584,0.21651,-0.21357,0.63935,0.842
424.36,34.607,-0.97348,-2.4621,0.19101,-0.23501,0.86431,0.64899
424.92,34.636,-1.1665,-2.3338,0.17613,-0.23962,1.0425,0.41264
425.48,34.679,-1.3331,-2.1755,0.17499,-0.22936,1.1639,0.14769
426.03,34.76,-1.4441,-1.9657,0.21753,-0.18428,1.2514,-0.10779
426.59,34.759,-1.6195,-1.8256,0.18113,-0.22402,1.1766,-0.45103
427.15,34.714,-1.828,-1.7104,0.088262,-0.29339,0.95814,-0.79412
427.7,34.681,-2.0131,-1.5657,-0.0033198,-0.33452,0.66681,-1.0551
428.26,34.652,-2.1805,-1.4013,-0.097185,-0.35506,0.31874,-1.2235
428.82,34.624,-2.3301,-1.2205,-0.19143,-0.35648,-0.060531,-1.2887
429.38,34.597,-2.4606,-1.0249,-0.28243,-0.33888,-0.44141,-1.2458
429.93,34.575,-2.5685,-0.81445,-0.36454,-0.30132,-0.79193,-1.0967
430.49,34.56,-2.649,-0.58802,-0.43062,-0.24275,-1.0803,-0.85085
431.05,34.555,-2.6972,-0.34499,-0.47332,-0.16338,-1.2786,-0.52606
431.6,34.563,-2.7095,-0.086508,-0.487,-0.066083,-1.3661,-0.14837
432.16,34.583,-2.6853,0.1835,-0.4694,0.042945,-1.333,0.24929
432.72,34.612,-2.627,0.45845,-0.42242,0.15473,-1.1822,0.63025
433.27,34.644,-2.5397,0.73028,-0.3516,0.2592,-0.92828,0.95844
433.83,34.675,-2.4293,0.99132,-0.26442,0.34732,-0.59561,1.2031
434.39,34.7,-2.3009,1.2358,-0.16838,0.41295,-0.21444,1.3426
434.94,34.719,-2.1576,1.4609,-0.069373,0.45354,0.18288,1.3664
435.5,34.729,-2.0026,1.664,0.026747,0.46788,0.56276,1.2733
436.06,34.764,-1.8047,1.8757,0.1491,0.4875,0.92848,1.1022
436.62,34.767,-1.6194,2.036,0.24183,0.45166,1.2025,0.80403
437.17,34.668,-1.5275,2.0834,0.21366,0.31084,1.2666,0.36044
437.73,34.603,-1.3966,2.1542,0.19628,0.20816,1.2441,-0.055046
438.29,34.565,-1.2312,2.2385,0.1899,0.13485,1.1391,-0.42574
438.84,34.55,-1.0348,2.3288,0.19504,0.084497,0.96219,-0.73437
439.4,34.553,-0.81227,2.4176,0.21023,0.05,0.72741,-0.96787
439.96,34.568,-0.56966,2.4969,0.23217,0.024211,0.45127,-1.1179
440.51,34.59,-0.31383,2.5598,0.25621,0.00064519,0.15186,-1.1812
441.07,34.613,-0.051986,2.5997,0.27686,-0.025969,-0.15219,-1.159
441.63,34.632,0.20866,2.6118,0.28835,-0.059312,-0.44274,-1.0575
442.18,34.644,0.46132,2.5924,0.2852,-0.10121,-0.70308,-0.88667
442.74,34.645,0.70116,2.5404,0.26414,-0.15078,-0.91729,-0.65946
443.3,34.581,0.86648,2.4036,0.1629,-0.25531,-1.135,-0.4384
443.85,34.629,1.1335,2.36,0.16248,-0.23543,-1.1623,-0.065864
444.41,34.704,1.4257,2.3162,0.1987,-0.19469,-1.0511,0.31773
444.97,34.737,1.6683,2.2056,0.19557,-0.19899,-0.8868,0.62113
445.53,34.741,1.87,2.0462,0.16087,-0.22802,-0.67746,0.84423
446.08,34.725,2.0348,1.8493,0.099013,-0.26854,-0.43803,0.98428
446.64,34.696,2.167,1.6258,0.016533,-0.30857,-0.18393,1.0425
447.2,34.661,2.2714,1.3851,-0.078722,-0.33819,0.069524,1.0238
447.75,34.625,2.3528,1.1355,-0.17831,-0.35002,0.30777,0.93606
448.31,34.594,2.4152,0.88343,-0.27385,-0.33942,0.51767,0.78997
448.87,34.57,2.4619,0.63396,-0.35761,-0.3045,0.68809,0.59831
449.42,34.557,2.4955,0.39049,-0.423,-0.24595,0.81042,0.37542
449.98,34.553,2.5175,0.15507,-0.46494,-0.16674,0.87896,0.1364
450.54,34.56,2.5287,-0.071445,-0.48021,-0.071702,0.89114,-0.10355
451.09,34.577,2.5286,-0.28918,-0.46758,0.03292,0.84754,-0.32994
451.65,34.601,2.516,-0.49904,-0.42792,0.14002,0.75174,-0.52969
452.21,34.629,2.489,-0.70244,-0.36408,0.24219,0.61007,-0.69175
452.77,34.659,2.4449,-0.90106,-0.28081,0.33219,0.43103,-0.80764
453.32,34.687,2.3806,-1.0967,-0.18445,0.40351,0.2248,-0.87181
453.88,34.709,2.2926,-1.2909,-0.082635,0.45076,0.0024752,-0.88185
454.44,34.722,2.1774,-1.485,0.016158,0.47005,-0.22459,-0.83848
454.99,34.723,2.0314,-1.6799,0.10302,0.45925,-0.4455,-0.74537
455.55,34.707,1.8514,-1.8756,0.16914,0.41819,-0.65046,-0.6088
456.11,34.674,1.6356,-2.0707,0.20747,0.34979,-0.83002,-0.43606
456.66,34.604,1.3645,-2.2804,0.193,0.24153,-0.99621,-0.25294
457.22,34.562,1.1037,-2.4354,0.18744,0.16664,-1.0772,-0.0020542
457.78,34.594,0.90703,-2.4971,0.24949,0.1578,-1.0015,0.32033
458.33,34.608,0.68712,-2.5572,0.2898,0.12163,-0.8598,0.59458
458.89,34.611,0.45058,-2.6076,0.31026,0.068377,-0.66122,0.81002
459.45,34.606,0.20254,-2.643,0.3124,0.0055956,-0.41948,0.95664
460.01,34.598,-0.051077,-2.6583,0.29943,-0.059324,-0.15029,1.0288
460.56,34.591,-0.30391,-2.649,0.27588,-0.11969,0.12974,1.0255
461.12,34.589,-0.54952,-2.6114,0.24709,-0.17004,0.40399,0.9499
461.68,34.596,-0.78175,-2.5432,0.21873,-0.20651,0.65669,0.80922
462.23,34.613,-0.99502,-2.4432,0.19626,-0.22701,0.87383,0.61406
462.79,34.644,-1.1846,-2.3115,0.18444,-0.23134,1.0438,0.37771
463.35,34.69,-1.3462,-2.1489,0.18763,-0.2201,1.1586,0.11629
463.9,34.77,-1.4549,-1.9386,0.23171,-0.1783,1.2378,-0.1376
464.46,34.754,-1.6438,-1.812,0.17926,-0.2342,1.1378,-0.48847
465.02,34.711,-1.8496,-1.6934,0.085909,-0.30192,0.91192,-0.81843
465.57,34.678,-2.0333,-1.547,-0.0074753,-0.34272,0.61538,-1.0661
466.13,34.647,-2.1995,-1.3814,-0.1034,-0.36287,0.26561,-1.2204
466.69,34.619,-2.3479,-1.1995,-0.19967,-0.36358,-0.11152,-1.2717
467.24,34.592,-2.4767,-1.0027,-0.29225,-0.34468,-0.48624,-1.2157
467.8,34.57,-2.5824,-0.79073,-0.37513,-0.30509,-0.8267,-1.0553
468.36,34.555,-2.6598,-0.5624,-0.44091,-0.24381,-1.1016,-0.80086
468.92,34.552,-2.7043,-0.31722,-0.48223,-0.16134,-1.2839,-0.471
469.47,34.562,-2.7123,-0.056692,-0.49366,-0.061008,-1.3543,-0.092575
470.03,34.583,-2.6838,0.21489,-0.47336,0.05052,-1.3047,0.30103
470.59,34.613,-2.6214,0.49062,-0.42371,0.16391,-1.1394,0.6732
471.14,34.646,-2.5305,0.76234,-0.35054,0.26897,-0.87469,0.98852
471.7,34.677,-2.4171,1.0225,-0.26146,0.35683,-0.53566,1.2174
472.26,34.702,-2.286,1.2656,-0.16385,0.42162,-0.15296,1.3398
472.81,34.72,-2.1401,1.4891,-0.063421,0.46116,0.24118,1.3467
473.37,34.731,-1.9827,1.6904,0.033859,0.47422,0.61333,1.2384
473.93,34.773,-1.7741,1.9076,0.16592,0.49951,0.97656,1.0613
474.48,34.757,-1.6062,2.0465,0.23972,0.44271,1.216,0.7348
475.04,34.66,-1.5112,2.0948,0.21202,0.3047,1.2627,0.29244
475.6,34.6,-1.3749,2.1681,0.19813,0.20619,1.2264,-0.11588
476.16,34.565,-1.2048,2.2534,0.195,0.13558,1.1092,-0.47662
476.71,34.553,-1.0045,2.3437,0.20298,0.086564,0.92235,-0.77298
477.27,34.557,-0.77891,2.4312,0.22028,0.052083,0.6804,-0.99268
477.83,34.573,-0.53432,2.5082,0.24333,0.025127,0.40016,-1.1283
478.38,34.595,-0.27762,2.5677,0.26732,-0.00054896,0.099822,-1.1771
478.94,34.617,-0.01602,2.6035,0.28672,-0.029911,-0.20203,-1.1415
479.5,34.635,0.24335,2.6109,0.29579,-0.066296,-0.48749,-1.0282
480.05,34.644,0.49396,2.5866,0.28934,-0.111,-0.74007,-0.84766
480.61,34.641,0.72802,2.5268,0.26118,-0.16591,-0.94752,-0.61639
481.17,34.577,0.8908,2.3872,0.15575,-0.26964,-1.154,-0.38824
481.72,34.639,1.1719,2.3552,0.16946,-0.23534,-1.1494,-0.00071411
482.28,34.707,1.4566,2.3018,0.19851,-0.20171,-1.0282,0.37134
482.84,34.736,1.6935,2.1846,0.18964,-0.20952,-0.85473,0.66293
483.4,34.738,1.8899,2.0201,0.14978,-0.24,-0.63864,0.87305
483.95,34.72,2.05,1.8197,0.083778,-0.28002,-0.39505,0.9997
484.51,34.69,2.1784,1.594,-0.0015679,-0.31787,-0.13948,1.0448
485.07,34.654,2.2799,1.3524,-0.098247,-0.34401,0.11281,1.0138
485.62,34.62,2.3589,1.1029,-0.19777,-0.35148,0.34743,0.91524
486.18,34.59,2.4196,0.85178,-0.29183,-0.3361,0.55153,0.76021
486.74,34.568,2.4651,0.6037,-0.37283,-0.29642,0.71437,0.56189
487.29,34.556,2.4978,0.36191,-0.43441,-0.23352,0.82781,0.33482
487.85,34.554,2.5192,0.12827,-0.4718,-0.15072,0.88669,0.09424
488.41,34.563,2.5297,-0.096561,-0.4821,-0.053139,0.88899,-0.1447
488.96,34.581,2.5288,-0.31284,-0.46443,0.052808,0.83586,-0.36766
489.52,34.606,2.5152,-0.52156,-0.42001,0.15992,0.7314,-0.56185
490.08,34.635,2.4867,-0.72419,-0.35203,0.26077,0.58236,-0.71661
490.63,34.665,2.4406,-0.92245,-0.26555,0.34822,0.39763,-0.82394
491.19,34.692,2.3738,-1.1181,-0.16714,0.41592,0.1876,-0.87883
491.75,34.713,2.2827,-1.3127,-0.064613,0.4587,-0.036493,-0.87942
492.31,34.725,2.1637,-1.5074,0.033435,0.47296,-0.26331,-0.82696
492.86,34.723,2.0134,-1.703,0.11808,0.45689,-0.48208,-0.72563
493.42,34.705,1.8285,-1.8995,0.18056,0.41067,-0.68323,-0.58212
493.98,34.668,1.6075,-2.0952,0.21396,0.33748,-0.85766,-0.40413
494.53,34.593,1.3288,-2.3071,0.19133,0.2237,-1.0201,-0.21889
495.09,34.565,1.0794,-2.4461,0.19674,0.16135,-1.0761,0.048451
495.65,34.595,0.88084,-2.5067,0.25657,0.1497,-0.98761,0.36731
496.2,34.607,0.65808,-2.5662,0.29304,0.11056,-0.83595,0.63423
496.76,34.608,0.4194,-2.6152,0.30985,0.055643,-0.62906,0.8404
497.32,34.603,0.16999,-2.6485,0.30876,-0.0075657,-0.38121,0.97634
497.87,34.594,-0.084129,-2.6609,0.29322,-0.071734,-0.10835,1.0371
498.43,34.588,-0.33655,-2.6481,0.26796,-0.13033,0.1728,1.0224
498.99,34.587,-0.58084,-2.6067,0.23844,-0.17812,0.44561,0.93599
499.55,34.595,-0.8109,-2.5342,0.21033,-0.21152,0.69452,0.78572
500.1,34.615,-1.0213,-2.4298,0.18906,-0.22874,0.90578,0.58269
500.66,34.648,-1.2075,-2.294,0.17908,-0.23005,1.068,0.34038
501.22,34.697,-1.3626,-2.1249,0.18747,-0.2135,1.1767,0.077987
501.77,34.775,-1.472,-1.9166,0.22981,-0.17524,1.2418,-0.18294
502.33,34.747,-1.6712,-1.7995,0.16478,-0.241,1.1154,-0.54241
502.89,34.706,-1.8733,-1.6762,0.073094,-0.3038,0.87842,-0.86215
503.44,34.674,-2.0544,-1.527,-0.019525,-0.34149,0.57214,-1.0982
504,34.644,-2.2181,-1.3591,-0.1145,-0.35904,0.21578,-1.2391
504.56,34.616,-2.364,-1.1753,-0.20949,-0.35747,-0.16413,-1.2757
505.11,34.59,-2.49,-0.9768,-0.30027,-0.33646,-0.53738,-1.2048
505.67,34.568,-2.5924,-0.76298,-0.38064,-0.29483,-0.87196,-1.0302
506.23,34.555,-2.666,-0.53277,-0.44314,-0.23165,-1.1369,-0.76331
506.79,34.553,-2.706,-0.28581,-0.48056,-0.14766,-1.3058,-0.42402
507.34,34.564,-2.7097,-0.023904,-0.48789,-0.046554,-1.3609,-0.040196
507.9,34.587,-2.6769,0.24829,-0.4638,0.064652,-1.2954,0.35409
508.46,34.617,-2.611,0.52365,-0.41115,0.17646,-1.1154,0.72202
509.01,34.65,-2.5173,0.79402,-0.33611,0.27878,-0.83845,1.0287
509.57,34.68,-2.4018,1.052,-0.24631,0.36311,-0.49072,1.2454
510.13,34.704,-2.2692,1.2926,-0.14895,0.42407,-0.10329,1.3535
510.68,34.721,-2.122,1.5134,-0.049395,0.45995,0.29154,1.3455
511.24,34.731,-1.9628,1.7125,0.046906,0.47017,0.66082,1.2232
511.8,34.778,-1.7476,1.9318,0.18295,0.49683,1.0233,1.0371
512.35,34.743,-1.5969,2.0506,0.23585,0.42043,1.2334,0.68326
512.91,34.65,-1.4981,2.1014,0.20773,0.28679,1.269,0.24135
513.47,34.593,-1.3576,2.1767,0.19444,0.19256,1.2224,-0.1637
514.03,34.562,-1.1836,2.2635,0.19229,0.1257,1.0958,-0.51879
514.58,34.552,-0.97968,2.3542,0.20137,0.079737,0.90097,-0.80761
515.14,34.559,-0.7512,2.4412,0.21963,0.047483,0.65268,-1.0184
515.7,34.576,-0.50445,2.5169,0.24331,0.021935,0.36804,-1.1443
516.25,34.598,-0.24643,2.5742,0.26747,-0.0030741,0.065382,-1.1831
516.81,34.62,0.015639,2.6072,0.28646,-0.032373,-0.23667,-1.1378
517.37,34.638,0.27462,2.6111,0.29454,-0.069121,-0.52031,-1.0156
517.92,34.647,0.52451,2.5835,0.28701,-0.11397,-0.76877,-0.82704
518.48,34.637,0.75145,2.5145,0.25157,-0.17459,-0.97635,-0.59478
519.04,34.577,0.91733,2.3776,0.14889,-0.2714,-1.1718,-0.3543
519.59,34.653,1.2121,2.3558,0.17782,-0.22423,-1.141,0.04737
520.15,34.715,1.4899,2.2925,0.20161,-0.19814,-1.0143,0.40995
520.71,34.74,1.7216,2.1684,0.18902,-0.21015,-0.83518,0.693
521.26,34.738,1.9134,1.9984,0.14573,-0.24324,-0.61495,0.89411
521.82,34.718,2.0692,1.7939,0.076862,-0.28437,-0.36881,1.0117
522.38,34.687,2.1938,1.5653,-0.010579,-0.32201,-0.11231,1.0481
522.94,34.651,2.292,1.3219,-0.10847,-0.34688,0.13933,1.0091
523.49,34.616,2.3683,1.0714,-0.20829,-0.35233,0.37182,0.90349
524.05,34.587,2.4266,0.81999,-0.30174,-0.33448,0.57245,0.74266
524.61,34.566,2.4701,0.57219,-0.38133,-0.29217,0.73072,0.53996
525.16,34.555,2.501,0.33104,-0.44082,-0.22678,0.83876,0.31009
525.72,34.555,2.5208,0.098253,-0.47563,-0.14186,0.89174,0.068343
526.28,34.565,2.5296,-0.12562,-0.48306,-0.042727,0.88796,-0.17015
526.83,34.583,2.527,-0.34095,-0.46245,0.064071,0.82889,-0.39116
527.39,34.609,2.5114,-0.54881,-0.41525,0.17125,0.71896,-0.58204
527.95,34.638,2.4808,-0.75072,-0.34489,0.27136,0.56519,-0.73239
528.5,34.668,2.4322,-0.94842,-0.25659,0.35729,0.37668,-0.83449
529.06,34.695,2.3625,-1.1437,-0.15712,0.42278,0.16398,-0.88364
529.62,34.715,2.2681,-1.338,-0.054421,0.46281,-0.06158,-0.87831
530.18,34.726,2.1455,-1.5325,0.042825,0.47394,-0.28867,-0.82011
530.73,34.722,1.9911,-1.728,0.12566,0.45457,-0.50658,-0.71351
531.29,34.702,1.8018,-1.9244,0.18535,0.4051,-0.70586,-0.56546
531.85,34.663,1.5757,-2.1202,0.21476,0.3286,-0.87788,-0.38423
532.4,34.583,1.2906,-2.3326,0.18608,0.2116,-1.0387,-0.19698
532.96,34.57,1.0547,-2.4539,0.20566,0.16378,-1.0712,0.087272
533.52,34.599,0.85346,-2.514,0.26382,0.14861,-0.97417,0.4016
534.07,34.609,0.62842,-2.5725,0.29824,0.10672,-0.81536,0.66227
534.63,34.609,0.38803,-2.6198,0.31302,0.049881,-0.60277,0.86083
535.19,34.603,0.1376,-2.6507,0.31012,-0.014392,-0.35096,0.9883
535.74,34.594,-0.11678,-2.6603,0.29317,-0.078802,-0.076015,1.0403
536.3,34.588,-0.36867,-2.6441,0.26702,-0.13692,0.20527,1.0169
536.86,34.588,-0.61165,-2.5989,0.23719,-0.18368,0.47635,0.92245
537.42,34.598,-0.83967,-2.5224,0.20937,-0.21568,0.72179,0.76524
537.97,34.619,-1.0473,-2.4139,0.18894,-0.23133,0.92811,0.55668
538.53,34.653,-1.2307,-2.2745,0.17992,-0.2314,1.0839,0.31025
539.09,34.708,-1.3784,-2.0982,0.19365,-0.21004,1.1894,0.049323
539.64,34.778,-1.4929,-1.8959,0.22885,-0.18035,1.2385,-0.22142
540.2,34.741,-1.7,-1.7855,0.15252,-0.25366,1.0907,-0.58566
540.76,34.702,-1.8986,-1.6577,0.060865,-0.31229,0.845,-0.89549
541.31,34.67,-2.0774,-1.5057,-0.032545,-0.3471,0.53136,-1.1207
541.87,34.641,-2.2387,-1.3354,-0.12803,-0.36189,0.1706,-1.2494
542.43,34.613,-2.3821,-1.1495,-0.22303,-0.35752,-0.2102,-1.2729
542.98,34.587,-2.5052,-0.94883,-0.31304,-0.33352,-0.58045,-1.189
543.54,34.566,-2.6039,-0.73277,-0.39165,-0.28872,-0.9081,-1.0023
544.1,34.554,-2.6732,-0.50023,-0.45135,-0.22233,-1.1625,-0.72527
544.65,34.554,-2.7085,-0.25107,-0.48511,-0.13544,-1.3182,-0.37885
545.21,34.567,-2.7072,0.01257,-0.4883,-0.032185,-1.3585,0.0081763
545.77,34.591,-2.6697,0.28566,-0.46016,0.080017,-1.2784,0.40115
546.33,34.622,-2.5997,0.56084,-0.40406,0.19146,-1.0854,0.76324
546.88,34.655,-2.5028,0.82996,-0.32647,0.29214,-0.79827,1.06
547.44,34.684,-2.3847,1.0859,-0.23509,0.37386,-0.44411,1.264
548,34.707,-2.2499,1.3238,-0.13694,0.43172,-0.054295,1.3578
548.55,34.724,-2.1008,1.5419,-0.037153,0.46444,0.33895,1.3354
549.11,34.734,-1.9387,1.7395,0.060109,0.47285,0.70405,1.201
549.67,34.784,-1.7176,1.9593,0.20032,0.49944,1.063,1.0058
550.22,34.73,-1.5847,2.057,0.23213,0.40266,1.2409,0.62623
550.78,34.642,-1.4805,2.1111,0.20578,0.27423,1.2657,0.18832
551.34,34.588,-1.3356,2.188,0.1939,0.18359,1.2086,-0.21108
551.89,34.559,-1.1575,2.2754,0.19325,0.11957,1.0727,-0.55824
552.45,34.552,-0.95026,2.3659,0.20364,0.075535,0.8704,-0.8374
553.01,34.56,-0.71915,2.4516,0.22278,0.044301,0.61676,-1.0374
553.57,34.578,-0.47065,2.5251,0.24672,0.018945,0.3291,-1.1521
554.12,34.6,-0.21181,2.5793,0.27042,-0.0065459,0.025838,-1.1799
554.68,34.622,0.050143,2.6086,0.2882,-0.036796,-0.27446,-1.1243
555.24,34.638,0.30812,2.6084,0.29434,-0.07473,-0.55416,-0.99305
555.79,34.645,0.55627,2.5753,0.28334,-0.12163,-0.79799,-0.79682
556.35,34.64,0.79439,2.5051,0.24932,-0.17831,-0.99649,-0.54298
