0.14225,35.297,35.24,14.597,12.875,-0.30236,4.9134,-4.7977,2.8551,-2.7182
0.4719,34.508,34.475,25.226,6.0666,-15.753,2.0335,-0.14188,1.1491,-1.4762
0.79177,34.055,34.016,36.233,-4.6456,-1.4255,1.4727,-5.6559,0.95634,-2.6785
1.1105,33.82,33.842,36.498,0.20519,0.82791,-3.8086,4.242,0.94805,0.917
1.4292,33.732,33.737,34.014,-2.5963,0.62524,6.4737,-1.9853,-4.154,3.2227
1.7479,33.737,33.719,34.141,-0.37245,3.7302,-8.4555,-1.8955,8.4063,-6.3367
2.0666,33.743,33.763,36.136,6.2615,1.8733,5.6064,7.0544,-14.241,3.265
2.3853,33.663,33.675,29.092,-3.7867,-7.0183,-3.0422,-6.8312,11.412,10.143
2.704,33.62,33.591,33.335,-2.7678,0.95815,-1.9394,5.4527,4.9628,-17.523
3.0227,33.656,33.662,36.737,3.1332,3.8849,10.121,1.995,-16.329,1.6807
3.3415,33.736,33.752,32.527,-0.27401,-1.5778,-0.30866,-10.712,1.8078,16.739
3.6602,33.833,33.824,31.594,-2.4621,-1.4345,-11.631,-3.7372,16.323,-3.0679
3.9789,33.931,33.917,35.259,1.5273,2.6589,-4.4834,9.9016,1.6144,-16.949
4.2976,34.024,34.027,36.802,4.5861,2.5648,7.8904,9.6602,-15.252,-4.4491
4.6163,34.09,34.104,34.133,2.1818,-1.8163,9.3108,-1.6738,-11.521,13.488
4.935,34.127,34.135,30.859,-2.6375,-5.0101,0.77849,-9.6483,5.1356,15.108
5.2537,34.141,34.136,30.433,-4.9531,-3.8319,-7.0117,-7.3956,15.668,1.4366
5.5724,34.141,34.128,32.892,-3.2131,0.2429,-7.214,0.79191,11.663,-12.648
5.8911,34.133,34.123,35.932,0.57605,3.7693,-1.2109,7.0392,-1.174,-15.74
6.2098,34.122,34.12,37.392,3.4935,4.5148,5.2924,7.099,-12.057,-7.4354
6.5286,34.111,34.117,36.671,3.9461,2.5639,7.6817,2.0685,-14.181,4.9389
6.8473,34.102,34.111,34.602,2.2033,-0.46466,5.0305,-4.0299,-7.7257,13.338
7.166,34.095,34.101,32.543,-0.34962,-2.7947,-0.47767,-7.4934,2.3855,13.815
7.4847,34.09,34.091,31.511,-2.2759,-3.4479,-5.6193,-6.8263,10.475,7.3713
7.8034,34.087,34.083,31.801,-2.7925,-2.4655,-8.0025,-2.8511,13.077,-1.9469
8.1221,34.085,34.079,33.062,-1.9279,-0.58831,-6.9216,2.2949,9.8666,-9.7092
8.4408,34.085,34.079,34.624,-0.27992,1.2496,-3.2095,6.4011,2.9445,-13.037
8.7595,34.085,34.081,35.842,1.374,2.337,1.4733,8.0592,-4.6083,-11.302
9.0782,34.085,34.085,36.327,2.4091,2.3849,5.4364,6.9722,-10.088,-5.7784
9.3969,34.086,34.088,36.009,2.5296,1.517,7.5283,3.7877,-11.979,1.2593
9.7157,34.086,34.09,35.085,1.7852,0.12866,7.3655,-0.32487,-10.146,7.4888
10.034,34.086,34.091,33.896,0.47649,-1.2966,5.2663,-4.1343,-5.548,11.235
10.353,34.087,34.091,32.8,-0.98575,-2.3445,2.005,-6.6976,0.2717,11.784
10.672,34.087,34.089,32.07,-2.2126,-2.7653,-1.4881,-7.5384,5.7193,9.3579
10.99,34.087,34.087,31.851,-2.9295,-2.502,-4.3851,-6.6626,9.55,4.8553
11.309,34.087,34.085,32.147,-3.0167,-1.6648,-6.1282,-4.4547,11.083,-0.4977
11.628,34.087,34.084,32.849,-2.506,-0.47332,-6.4938,-1.5171,10.234,-5.484
11.947,34.087,34.083,33.783,-1.5444,0.80975,-5.5702,1.4976,7.4146,-9.1457
12.265,34.087,34.084,34.754,-0.34407,1.939,-3.6777,4.0232,3.3515,-10.922
12.584,34.087,34.084,35.586,0.86896,2.7289,-1.2637,5.6681,-1.1068,-10.676
12.903,34.087,34.086,36.152,1.897,3.0758,1.201,6.2505,-5.1642,-8.6424
13.221,34.087,34.087,36.384,2.5984,2.9607,3.3061,5.7897,-8.2019,-5.3181
13.54,34.087,34.088,36.277,2.9003,2.4383,4.7569,4.4664,-9.846,-1.3347
13.859,34.087,34.089,35.874,2.7975,1.6154,5.399,2.5653,-9.9815,2.6615
14.178,34.087,34.09,35.256,2.3418,0.62728,5.2165,0.41546,-8.7247,6.1068
14.496,34.086,34.089,34.522,1.6249,-0.38619,4.3101,-1.6642,-6.3678,8.5857
14.815,34.081,34.084,33.773,0.75907,-1.2999,2.8633,-3.4065,-3.3111,9.8613
15.134,34.069,34.071,33.098,-0.13945,-2.0164,1.1058,-4.6211,0.0068624,9.878
15.452,34.048,34.05,32.568,-0.96564,-2.4731,-0.72291,-5.2059,3.1699,8.739
15.771,34.018,34.019,32.229,-1.6361,-2.6444,-2.4037,-5.1453,5.8297,6.669
16.09,33.979,33.979,32.099,-2.0951,-2.5387,-3.7598,-4.4987,7.7352,3.97
16.409,33.931,33.93,32.172,-2.3165,-2.1926,-4.6701,-3.3823,8.745,0.97636
16.727,33.873,33.872,32.421,-2.3018,-1.6622,-5.074,-1.9481,8.8263,-1.9854
17.046,33.807,33.805,32.807,-2.076,-1.0153,-4.9684,-0.3636,8.0421,-4.6284
17.365,33.732,33.73,33.28,-1.6814,-0.32257,-4.4001,1.2077,6.531,-6.7278
17.683,33.648,33.646,33.788,-1.1717,0.34938,-3.4544,2.6207,4.4838,-8.1332
18.002,33.556,33.554,34.282,-0.60467,0.94329,-2.2417,3.7601,2.1184,-8.7721
18.321,33.456,33.454,34.719,-0.037221,1.4151,-0.88464,4.5461,-0.34249,-8.6451
18.64,33.347,33.346,35.064,0.47979,1.7359,0.49411,4.9366,-2.6916,-7.8166
18.958,33.23,33.229,35.294,0.90478,1.8919,1.782,4.9261,-4.7516,-6.4006
19.277,33.104,33.104,35.397,1.2075,1.8841,2.8843,4.5409,-6.3855,-4.5453
19.596,32.97,32.97,35.373,1.3699,1.7257,3.729,3.8334,-7.5017,-2.4172
19.914,32.827,32.827,35.227,1.3861,1.4398,4.2695,2.8747,-8.0555,-0.18662
20.233,32.675,32.676,34.977,1.2608,1.0563,4.4848,1.7475,-8.046,1.9853
20.552,32.515,32.516,34.642,1.0082,0.6091,4.3778,0.5384,-7.5114,3.9567
20.871,32.346,32.348,34.247,0.64934,0.13332,3.9724,-0.66801,-6.5207,5.6121
21.189,32.169,32.171,33.817,0.21036,-0.3374,3.3094,-1.7947,-5.1665,6.8669
21.508,31.984,31.985,33.379,-0.28018,-0.77272,2.4419,-2.7762,-3.5556,7.6694
21.827,31.79,31.792,32.955,-0.79316,-1.1471,1.4307,-3.5612,-1.801,7.9999
22.145,31.59,31.591,32.566,-1.3008,-1.441,0.33987,-4.1144,-0.014445,7.8681
22.464,31.382,31.383,32.228,-1.7781,-1.641,-0.76754,-4.4164,1.7002,7.3096
22.783,31.167,31.168,31.953,-2.204,-1.7401,-1.8328,-4.4632,3.2518,6.3808
23.101,30.946,30.947,31.747,-2.5622,-1.7374,-2.8042,-4.2648,4.5657,5.1532
23.42,30.72,30.72,31.615,-2.8412,-1.6374,-3.6391,-3.8431,5.586,3.7085
23.739,30.489,30.489,31.553,-3.0347,-1.4492,-4.3054,-3.2296,6.2764,2.1326
24.058,30.255,30.255,31.557,-3.1413,-1.1856,-4.7815,-2.4627,6.62,0.51133
24.376,30.018,30.017,31.62,-3.164,-0.86198,-5.0569,-1.5851,6.6182,-1.0743
24.695,29.779,29.779,31.731,-3.1095,-0.49522,-5.1309,-0.64146,6.2887,-2.5512
25.014,29.541,29.54,31.877,-2.9876,-0.10287,-5.0123,0.32421,5.663,-3.8569
25.332,29.304,29.303,32.047,-2.8103,0.29779,-4.7172,1.2701,4.7838,-4.9416
25.651,29.07,29.069,32.227,-2.5912,0.69057,-4.2685,2.1586,3.7015,-5.7688
25.97,28.841,28.84,32.406,-2.3447,1.0609,-3.6934,2.9573,2.4719,-6.3159
26.289,28.619,28.618,32.572,-2.0847,1.3965,-3.022,3.6398,1.1528,-6.5734
26.607,28.4,28.4,32.713,-1.8265,1.6861,-2.2876,4.1851,-0.19973,-6.5459
26.926,28.168,28.168,32.818,-1.587,1.9182,-1.5267,4.5766,-1.5361,-6.2513
27.245,27.93,27.93,32.88,-1.3762,2.0902,-0.76907,4.8103,-2.8056,-5.7108
27.563,27.707,27.707,32.901,-1.198,2.2053,-0.037751,4.8916,-3.9588,-4.9504
27.882,27.523,27.523,32.883,-1.0546,2.2683,0.64762,4.8303,-4.9533,-4.0038
28.201,27.391,27.391,32.827,-0.94826,2.2834,1.2689,4.638,-5.7563,-2.9126
28.52,27.312,27.313,32.733,-0.8822,2.2537,1.8092,4.3269,-6.3471,-1.7235
28.838,27.278,27.279,32.6,-0.85958,2.1821,2.2536,3.9112,-6.7159,-0.48525
29.157,27.276,27.277,32.431,-0.8824,2.0723,2.5907,3.4069,-6.8622,0.7546
29.476,27.293,27.294,32.226,-0.95073,1.9297,2.8131,2.8325,-6.7937,1.9525
29.794,27.32,27.321,31.989,-1.0625,1.7611,2.9185,2.2084,-6.5242,3.0702
30.113,27.348,27.349,31.727,-1.2135,1.5746,2.9086,1.5558,-6.0726,4.0754
30.432,27.373,27.374,31.444,-1.398,1.3788,2.7894,0.89611,-5.4615,4.9426
30.751,27.393,27.394,31.15,-1.6089,1.1825,2.5704,0.24995,-4.7168,5.6522
31.069,27.408,27.409,30.85,-1.8384,0.9943,2.2635,-0.36378,-3.866,6.1912
31.388,27.417,27.419,30.552,-2.0784,0.82192,1.8827,-0.92836,-2.9379,6.5523
31.707,27.423,27.424,30.263,-2.3206,0.6721,1.4434,-1.4297,-1.9615,6.7337
32.025,27.425,27.426,29.988,-2.5575,0.55039,0.96155,-1.8566,-0.96529,6.7385
32.344,27.426,27.427,29.732,-2.7819,0.46107,0.45309,-2.2007,0.023464,6.5744
32.663,27.426,27.426,29.501,-2.9872,0.40713,-0.066282,-2.4569,0.97926,6.2529
32.981,27.425,27.425,29.296,-3.1679,0.39028,-0.58171,-2.6226,1.879,5.7891
33.3,27.423,27.424,29.121,-3.3194,0.41105,-1.0795,-2.698,2.7023,5.2004
33.619,27.422,27.423,28.976,-3.438,0.46886,-1.5472,-2.6857,3.4319,4.5065
33.938,27.421,27.422,28.863,-3.5209,0.56217,-1.9741,-2.5903,4.0538,3.7285
34.256,27.421,27.421,28.781,-3.5664,0.68855,-2.3512,-2.4183,4.5576,2.8882
34.575,27.421,27.421,28.73,-3.5737,0.84485,-2.6712,-2.1777,4.936,2.0078
34.894,27.42,27.42,28.707,-3.5428,1.0273,-2.9288,-1.8776,5.1852,1.109
35.212,27.42,27.42,28.711,-3.4747,1.2318,-3.1205,-1.528,5.3047,0.21287
35.531,27.42,27.42,28.739,-3.371,1.4538,-3.2444,-1.1394,5.2967,-0.66087
35.85,27.42,27.42,28.788,-3.2339,1.6885,-3.3005,-0.72266,5.1664,-1.494
36.169,27.42,27.42,28.855,-3.0662,1.9311,-3.2902,-0.28852,4.9212,-2.2703
36.487,27.42,27.42,28.937,-2.8713,2.1768,-3.2165,0.15247,4.5706,-2.9754
36.806,27.42,27.42,29.03,-2.6528,2.4209,-3.0834,0.59022,4.1259,-3.5975
37.125,27.42,27.42,29.131,-2.4145,2.6591,-2.8961,1.0156,3.5993,-4.1272
37.443,27.434,27.434,29.24,-2.1555,2.8919,-2.6555,1.4253,3.0046,-4.5558
37.762,27.473,27.473,29.357,-1.8765,3.1177,-2.364,1.8139,2.3565,-4.8763
38.081,27.495,27.495,29.467,-1.5921,3.322,-2.0386,2.1628,1.6584,-5.0939
38.4,27.482,27.482,29.564,-1.3106,3.4977,-1.6915,2.4621,0.91959,-5.2083
38.718,27.456,27.456,29.651,-1.0308,3.6478,-1.325,2.7124,0.16048,-5.2114
39.037,27.443,27.443,29.731,-0.7503,3.776,-0.94086,2.9154,-0.59688,-5.0981
39.356,27.462,27.462,29.805,-0.46877,3.8837,-0.54258,3.0708,-1.3321,-4.8689
39.674,27.523,27.523,29.874,-0.18779,3.9703,-0.13591,3.1768,-2.0272,-4.5292
39.993,27.63,27.63,29.935,0.089677,4.0342,0.27192,3.2311,-2.6668,-4.0886
40.312,27.781,27.781,29.986,0.35988,4.0733,0.67274,3.2316,-3.2379,-3.5595
40.631,27.971,27.971,30.025,0.61878,4.0853,1.058,3.1768,-3.7301,-2.9567
40.949,28.195,28.195,30.048,0.86246,4.0686,1.4193,3.0665,-4.1349,-2.2959
41.268,28.444,28.444,30.054,1.0874,4.0222,1.7488,2.9018,-4.4461,-1.5937
41.587,28.713,28.713,30.042,1.2909,3.9461,2.0394,2.6852,-4.6596,-0.86683
41.905,28.995,28.995,30.011,1.4709,3.8409,2.2855,2.421,-4.7731,-0.13179
42.224,29.285,29.285,29.963,1.626,3.7083,2.4824,2.1143,-4.7862,0.59547
42.543,29.578,29.579,29.896,1.756,3.5507,2.6269,1.7718,-4.7005,1.2998
42.861,29.873,29.873,29.814,1.8611,3.371,2.7169,1.4008,-4.5191,1.9668
43.18,30.165,30.165,29.718,1.9422,3.1724,2.7519,1.0092,-4.2472,2.5836
43.499,30.453,30.453,29.611,2.0008,2.9587,2.7326,0.60535,-3.8914,3.1383
43.818,30.734,30.735,29.495,2.0389,2.7338,2.6606,0.19769,-3.4599,3.6206
44.136,31.008,31.009,29.374,2.0587,2.5014,2.5389,-0.2054,-2.9624,4.0218
44.455,31.273,31.274,29.249,2.063,2.2655,2.3713,-0.59577,-2.4096,4.335
44.774,31.528,31.528,29.124,2.0546,2.0298,2.1626,-0.96576,-1.8132,4.5551
45.092,31.772,31.772,29.003,2.0366,1.7978,1.9183,-1.3082,-1.1856,4.6789
45.411,32.004,32.004,28.887,2.0121,1.5729,1.6446,-1.6169,-0.53965,4.7052
45.73,32.224,32.224,28.78,1.9843,1.358,1.3483,-1.8861,0.11154,4.6348
46.049,32.432,32.432,28.684,1.9564,1.1557,1.0362,-2.1113,0.75502,4.4704
46.367,32.627,32.627,28.602,1.9312,0.96816,0.7156,-2.2889,1.3781,4.2164
46.686,32.809,32.809,28.535,1.9117,0.79721,0.39379,-2.4165,1.9688,3.8791
47.005,32.978,32.979,28.484,1.9004,0.64406,0.077887,-2.4926,2.5158,3.4662
47.323,33.136,33.136,28.452,1.8996,0.50949,-0.22525,-2.5169,3.0088,2.987
47.642,33.28,33.28,28.44,1.9112,0.39379,-0.50915,-2.4903,3.4388,2.4518
47.961,33.413,33.413,28.446,1.9367,0.29672,-0.76792,-2.4147,3.7981,1.872
48.28,33.534,33.534,28.473,1.9771,0.21762,-0.99629,-2.293,4.0804,1.2596
48.598,33.644,33.644,28.519,2.0332,0.15535,-1.1898,-2.1289,4.2813,0.62714
48.917,33.742,33.742,28.584,2.1051,0.10838,-1.3447,-1.9272,4.3976,-0.01254
49.236,33.829,33.829,28.666,2.1926,0.074808,-1.4584,-1.6933,4.4283,-0.6467
49.554,33.905,33.905,28.765,2.2949,0.052426,-1.529,-1.4329,4.3738,-1.2628
49.873,33.97,33.97,28.878,2.4108,0.038773,-1.5558,-1.1527,4.2363,-1.849
50.192,34.025,34.024,29.004,2.5388,0.031136,-1.5388,-0.85924,4.0196,-2.394
50.511,34.071,34.07,29.142,2.6777,0.027461,-1.4785,-0.55874,3.7296,-2.8869
50.829,34.115,34.114,29.289,2.8266,0.026049,-1.3756,-0.25698,3.3746,-3.3175
51.148,34.143,34.142,29.44,2.9794,0.020586,-1.2363,0.035812,2.959,-3.6817
51.467,34.152,34.151,29.593,3.1327,0.0077946,-1.0651,0.3128,2.491,-3.9733
51.785,34.147,34.147,29.745,3.285,-0.013247,-0.86509,0.56977,1.9819,-4.1856
52.104,34.136,34.136,29.896,3.4351,-0.043463,-0.63948,0.80276,1.444,-4.314
52.423,34.123,34.123,30.045,3.5807,-0.084132,-0.39258,1.0078,0.88947,-4.3562
52.742,34.111,34.111,30.19,3.7196,-0.13679,-0.12945,1.1809,0.33063,-4.3122
53.06,34.101,34.101,30.328,3.849,-0.203,0.14426,1.3187,-0.22077,-4.1844
53.379,34.094,34.093,30.458,3.966,-0.28422,0.42255,1.4183,-0.75348,-3.9768
53.698,34.089,34.088,30.578,4.0681,-0.38159,0.69927,1.4777,-1.2569,-3.6952
54.016,34.086,34.086,30.686,4.1526,-0.49588,0.96837,1.4957,-1.7212,-3.3468
54.335,34.085,34.084,30.781,4.2172,-0.62739,1.224,1.4721,-2.1375,-2.9399
54.654,34.084,34.084,30.861,4.2601,-0.77598,1.4608,1.4077,-2.4981,-2.484
54.972,34.084,34.084,30.927,4.2798,-0.94102,1.6738,1.3041,-2.7963,-1.9891
55.291,34.085,34.085,30.978,4.2753,-1.1214,1.8587,1.1641,-3.027,-1.466
55.61,34.086,34.085,31.014,4.2458,-1.3157,2.0119,0.99099,-3.1862,-0.92581
55.929,34.086,34.086,31.036,4.1912,-1.522,2.1305,0.78885,-3.2715,-0.37985
56.247,34.087,34.087,31.044,4.1118,-1.738,2.2125,0.56239,-3.282,0.16068
56.566,34.087,34.087,31.04,4.0082,-1.9615,2.2567,0.31678,-3.2184,0.68483
56.885,34.087,34.087,31.026,3.8815,-2.1896,2.2627,0.057531,-3.0827,1.1821
57.203,34.087,34.087,31.002,3.7332,-2.4195,2.231,-0.20963,-2.8784,1.6427
57.522,34.087,34.087,30.97,3.5649,-2.6483,2.1627,-0.47887,-2.6104,2.0577
57.841,34.087,34.087,30.933,3.379,-2.873,2.06,-0.74438,-2.2848,2.4192
58.16,34.087,34.087,30.893,3.1776,-3.0908,1.9256,-1.0005,-1.9086,2.7204
58.478,34.087,34.087,30.851,2.9634,-3.2986,1.7629,-1.242,-1.49,2.9558
58.797,34.087,34.087,30.81,2.7391,-3.4937,1.5759,-1.4637,-1.0379,3.1215
59.116,34.087,34.087,30.772,2.5075,-3.6736,1.3692,-1.6612,-0.56167,3.2147
59.434,34.087,34.087,30.739,2.2716,-3.8359,1.1474,-1.8307,-0.071123,3.2345
59.753,34.087,34.087,30.713,2.0344,-3.9785,0.91591,-1.9687,0.42376,3.1811
60.072,34.087,34.087,30.696,1.7986,-4.0998,0.67987,-2.0728,0.91301,3.0564
60.391,34.087,34.087,30.688,1.5672,-4.1981,0.44467,-2.1412,1.3869,2.8636
60.709,34.087,34.087,30.693,1.3426,-4.2726,0.21564,-2.1729,1.8362,2.6075
61.028,34.087,34.087,30.71,1.1273,-4.3225,-0.0022736,-2.1677,2.2519,2.2936
61.347,34.082,34.082,30.739,0.9225,-4.3485,-0.20513,-2.1272,2.6253,1.9281
61.665,34.071,34.07,30.781,0.72963,-4.351,-0.38912,-2.0531,2.9485,1.5186
61.984,34.051,34.051,30.836,0.54996,-4.3308,-0.55068,-1.9475,3.2153,1.0737
62.303,34.023,34.022,30.904,0.38465,-4.2885,-0.68661,-1.8131,3.4204,0.60299
62.622,33.985,33.985,30.984,0.23461,-4.2253,-0.7942,-1.6531,3.5604,0.1165
62.94,33.938,33.938,31.076,0.10048,-4.1425,-0.87133,-1.4711,3.6329,-0.37546
63.259,33.883,33.882,31.179,-0.017466,-4.0416,-0.91658,-1.2712,3.6371,-0.86263
63.578,33.818,33.818,31.293,-0.11927,-3.9246,-0.92922,-1.0579,3.5737,-1.3349
63.896,33.746,33.745,31.415,-0.20538,-3.7934,-0.9093,-0.83601,3.4446,-1.7828
64.215,33.664,33.664,31.545,-0.27655,-3.6505,-0.85763,-0.61039,3.2529,-2.1973
64.534,33.575,33.574,31.681,-0.33388,-3.4983,-0.77574,-0.38612,3.003,-2.5702
64.852,33.477,33.477,31.821,-0.37878,-3.3393,-0.66587,-0.16817,2.7005,-2.8944
65.171,33.371,33.371,31.963,-0.41288,-3.176,-0.53091,0.03865,2.3517,-3.1637
65.49,33.257,33.257,32.105,-0.43804,-3.0111,-0.37431,0.22978,1.9639,-3.3733
65.809,33.134,33.134,32.245,-0.45627,-2.847,-0.20003,0.40106,1.5452,-3.5194
66.127,33.003,33.003,32.381,-0.4697,-2.6861,-0.012445,0.54878,1.1039,-3.5998
66.446,32.864,32.863,32.511,-0.48052,-2.5304,0.18377,0.6698,0.64885,-3.6134
66.765,32.716,32.715,32.633,-0.49093,-2.382,0.38372,0.76156,0.18898,-3.5605
67.083,32.559,32.559,32.746,-0.50312,-2.2425,0.5824,0.8222,-0.26676,-3.4428
67.402,32.394,32.394,32.848,-0.51916,-2.1134,0.77481,0.85055,-0.70967,-3.2632
67.721,32.221,32.22,32.937,-0.54103,-1.9958,0.95606,0.84618,-1.1314,-3.0258
68.04,32.039,32.039,33.012,-0.57053,-1.8904,1.1215,0.80938,-1.5241,-2.7359
68.358,31.85,31.85,33.073,-0.60925,-1.7978,1.2666,0.74117,-1.8807,-2.3995
68.677,31.653,31.653,33.119,-0.65856,-1.718,1.3876,0.6433,-2.1949,-2.0239
68.996,31.449,31.449,33.149,-0.71955,-1.6509,1.4808,0.51816,-2.4613,-1.6166
69.314,31.238,31.238,33.163,-0.79304,-1.596,1.5434,0.36876,-2.6756,-1.1859
69.633,31.021,31.021,33.162,-0.87953,-1.5524,1.5731,0.19866,-2.8344,-0.74038
69.952,30.798,30.798,33.145,-0.97923,-1.519,1.5682,0.011913,-2.9358,-0.28886
70.271,30.57,30.571,33.114,-1.092,-1.4945,1.5277,-0.18706,-2.9787,0.1599
70.589,30.339,30.339,33.068,-1.2174,-1.4774,1.4516,-0.39352,-2.9634,0.59733
70.908,30.104,30.105,33.011,-1.3548,-1.4658,1.3402,-0.60255,-2.8914,1.0152
71.227,29.868,29.869,32.942,-1.5029,-1.4578,1.195,-0.8091,-2.7651,1.4057
71.545,29.631,29.632,32.862,-1.6607,-1.4515,1.0179,-1.0082,-2.588,1.7618
71.864,29.395,29.396,32.775,-1.8263,-1.4447,0.81154,-1.1948,-2.3647,2.0773
72.183,29.162,29.162,32.681,-1.9982,-1.4354,0.57929,-1.3643,-2.1003,2.3466
72.502,28.932,28.932,32.583,-2.1742,-1.4215,0.32502,-1.5123,-1.801,2.5656
72.82,28.708,28.709,32.481,-2.3521,-1.4008,0.053194,-1.6348,-1.4732,2.7308
73.139,28.492,28.493,32.378,-2.5299,-1.3717,-0.23151,-1.7283,-1.1242,2.84
73.458,28.267,28.267,32.272,-2.7098,-1.3368,-0.52869,-1.7942,-0.76602,2.8878
73.776,28.023,28.024,32.161,-2.892,-1.2964,-0.83591,-1.8317,-0.40941,2.8734
74.095,27.784,27.785,32.053,-3.0688,-1.2434,-1.1425,-1.8331,-0.056727,2.8042
74.414,27.578,27.578,31.955,-3.2314,-1.1712,-1.4356,-1.7919,0.28998,2.6891
74.732,27.424,27.424,31.874,-3.3731,-1.0764,-1.7044,-1.7059,0.62739,2.5351
75.051,27.326,27.326,31.81,-3.4916,-0.95914,-1.9432,-1.5773,0.95121,2.3462
75.37,27.278,27.278,31.761,-3.5876,-0.82237,-2.1497,-1.4115,1.2549,2.1242
75.689,27.268,27.268,31.724,-3.6632,-0.6703,-2.3236,-1.2154,1.5311,1.8705
76.007,27.282,27.282,31.696,-3.7212,-0.50711,-2.4657,-0.99552,1.7724,1.5875
76.326,27.308,27.308,31.676,-3.7638,-0.33625,-2.5768,-0.75805,1.9727,1.2792
76.645,27.337,27.337,31.66,-3.7925,-0.16031,-2.6576,-0.50806,2.1276,0.9508
76.963,27.365,27.365,31.648,-3.8085,0.018923,-2.7085,-0.24984,2.2342,0.6087
77.282,27.387,27.387,31.638,-3.8123,0.20026,-2.7299,0.013014,2.291,0.25996
77.601,27.404,27.404,31.632,-3.8042,0.38283,-2.7222,0.27728,2.2983,-0.088154
77.92,27.415,27.415,31.629,-3.7846,0.56595,-2.686,0.54,2.2573,-0.4285
78.238,27.422,27.422,31.628,-3.7537,0.74892,-2.6221,0.79834,2.1702,-0.75441
78.557,27.425,27.425,31.629,-3.7119,0.93101,-2.5317,1.0495,2.0401,-1.0598
78.876,27.426,27.426,31.632,-3.6599,1.1114,-2.4164,1.2908,1.8706,-1.3395
79.194,27.426,27.426,31.636,-3.5982,1.289,-2.2781,1.5196,1.6659,-1.5888
79.513,27.425,27.425,31.642,-3.528,1.463,-2.119,1.7334,1.4303,-1.8043
79.832,27.424,27.424,31.647,-3.4501,1.6323,-1.9418,1.9298,1.1687,-1.983
80.151,27.423,27.423,31.652,-3.3657,1.7958,-1.7491,2.1069,0.88593,-2.123
80.469,27.422,27.422,31.655,-3.276,1.9527,-1.5439,2.2627,0.587,-2.2231
80.788,27.421,27.421,31.655,-3.1821,2.1019,-1.3291,2.3959,0.27689,-2.2827
81.107,27.421,27.421,31.653,-3.0853,2.2427,-1.1077,2.5052,-0.039443,-2.3019
81.425,27.42,27.42,31.647,-2.9868,2.3744,-0.88287,2.5898,-0.35721,-2.2816
81.744,27.42,27.42,31.637,-2.8876,2.4963,-0.65744,2.6492,-0.67178,-2.223
82.063,27.42,27.42,31.622,-2.7887,2.6081,-0.43429,2.6832,-0.97878,-2.128
82.382,27.42,27.42,31.602,-2.6912,2.7093,-0.21615,2.6921,-1.2741,-1.9989
82.7,27.42,27.42,31.576,-2.5958,2.7999,-0.0055664,2.6762,-1.5541,-1.8384
83.019,27.42,27.42,31.544,-2.5035,2.8797,0.19509,2.6364,-1.8153,-1.6495
83.338,27.42,27.42,31.506,-2.4148,2.9487,0.38368,2.5738,-2.0547,-1.4355
83.656,27.42,27.42,31.462,-2.3304,3.0071,0.55819,2.4894,-2.2699,-1.1999
83.975,27.423,27.423,31.413,-2.2498,3.056,0.71814,2.3854,-2.4582,-0.94497
84.294,27.447,27.447,31.362,-2.1685,3.1002,0.86722,2.2669,-2.6136,-0.66913
84.613,27.48,27.48,31.307,-2.0901,3.1362,1.0008,2.1315,-2.7372,-0.38005
84.931,27.485,27.485,31.238,-2.0241,3.1556,1.1082,1.9721,-2.8371,-0.090131
85.25,27.464,27.465,31.157,-1.9696,3.1603,1.189,1.7927,-2.9118,0.19917
85.569,27.444,27.445,31.071,-1.9203,3.1577,1.2486,1.602,-2.9544,0.49095
85.887,27.448,27.448,30.985,-1.8707,3.1534,1.2922,1.4074,-2.9587,0.78636
86.206,27.488,27.489,30.903,-1.8172,3.1509,1.3231,1.2136,-2.9208,1.0837
86.525,27.573,27.573,30.827,-1.7582,3.1516,1.343,1.0231,-2.8392,1.379
86.843,27.702,27.702,30.757,-1.6934,3.1554,1.3526,0.8372,-2.7142,1.6668
87.162,27.873,27.873,30.692,-1.623,3.1615,1.3516,0.65608,-2.5476,1.9412
87.481,28.079,28.08,30.631,-1.5482,3.1688,1.3396,0.47974,-2.3427,2.1959
87.8,28.316,28.316,30.573,-1.4698,3.1759,1.3158,0.3081,-2.1033,2.4252
88.118,28.575,28.575,30.518,-1.3889,3.1819,1.2798,0.14128,-1.834,2.6241
88.437,28.85,28.85,30.464,-1.3061,3.186,1.2313,-0.020292,-1.5396,2.7884
88.756,29.135,29.135,30.412,-1.2219,3.1879,1.1706,-0.17585,-1.2249,2.9148
89.074,29.427,29.427,30.361,-1.1363,3.1875,1.0981,-0.32439,-0.89524,3.001
89.393,29.721,29.721,30.311,-1.0492,3.1849,1.0148,-0.46468,-0.55544,3.0457
89.712,30.014,30.015,30.263,-0.96019,3.1806,0.92178,-0.59543,-0.21052,3.0482
90.031,30.305,30.305,30.218,-0.86892,3.1749,0.82055,-0.71532,0.13464,3.0088
90.349,30.59,30.59,30.177,-0.77478,3.1684,0.71266,-0.82312,0.47529,2.9284
90.668,30.868,30.868,30.138,-0.67719,3.1614,0.5998,-0.91771,0.80686,2.8084
90.987,31.138,31.138,30.105,-0.57557,3.1546,0.48375,-0.99814,1.1249,2.6508
91.305,31.398,31.398,30.076,-0.46934,3.1482,0.3663,-1.0637,1.4254,2.4582
91.624,31.648,31.648,30.052,-0.35799,3.1425,0.24926,-1.1138,1.7045,2.2336
91.943,31.886,31.886,30.034,-0.24106,3.1377,0.13438,-1.1481,1.9587,1.9804
92.262,32.113,32.113,30.023,-0.11814,3.1339,0.023393,-1.1665,2.1848,1.7023
92.58,32.327,32.327,30.018,0.011073,3.1312,-0.082076,-1.1693,2.3803,1.4035
92.899,32.528,32.528,30.019,0.14683,3.1294,-0.1805,-1.1566,2.5429,1.0881
93.218,32.717,32.717,30.027,0.28926,3.1283,-0.27047,-1.1291,2.6709,0.76074
93.536,32.893,32.893,30.042,0.43841,3.1278,-0.35074,-1.0876,2.7629,0.42581
93.855,33.056,33.056,30.064,0.59419,3.1274,-0.42023,-1.0329,2.8183,0.087955
94.174,33.207,33.207,30.092,0.75641,3.1266,-0.47808,-0.96638,2.8368,-0.24829
94.493,33.346,33.346,30.126,0.92473,3.1248,-0.52359,-0.88921,2.8184,-0.57846
94.811,33.473,33.472,30.166,1.0987,3.1215,-0.55632,-0.80291,2.764,-0.89826
95.13,33.588,33.588,30.211,1.2778,3.1159,-0.57605,-0.70908,2.6745,-1.2036
95.449,33.692,33.691,30.261,1.4613,3.1072,-0.58277,-0.60942,2.5515,-1.4906
95.767,33.784,33.784,30.315,1.6483,3.0946,-0.57672,-0.50568,2.397,-1.7558
96.086,33.866,33.865,30.373,1.8381,3.0772,-0.55835,-0.39967,2.2132,-1.996
96.405,33.936,33.936,30.432,2.0294,3.0541,-0.52832,-0.29321,2.0027,-2.2083
96.723,33.996,33.996,30.494,2.2214,3.0245,-0.48751,-0.18809,1.7685,-2.3903
97.042,34.046,34.046,30.556,2.4128,2.9875,-0.43697,-0.08605,1.5136,-2.54
97.361,34.091,34.091,30.62,2.604,2.9439,-0.37622,0.012824,1.2433,-2.6543
97.68,34.13,34.13,30.684,2.793,2.8919,-0.30743,0.10587,0.96023,-2.7332
97.998,34.149,34.148,30.743,2.9753,2.8278,-0.23521,0.18872,0.66493,-2.7791
98.317,34.151,34.15,30.799,3.1505,2.7518,-0.16047,0.26113,0.3617,-2.7905
98.636,34.143,34.143,30.851,3.319,2.6653,-0.083203,0.32376,0.055946,-2.766
98.954,34.13,34.13,30.9,3.4808,2.5689,-0.003668,0.37695,-0.24709,-2.7049
99.273,34.118,34.117,30.947,3.6356,2.4631,0.077406,0.42063,-0.54264,-2.6079
99.592,34.106,34.106,30.991,3.7828,2.3479,0.15889,0.45441,-0.82647,-2.4765
99.911,34.097,34.097,31.031,3.9214,2.2231,0.2394,0.47778,-1.0948,-2.3129
100.23,34.091,34.091,31.068,4.0504,2.0885,0.31739,0.49028,-1.3443,-2.1199
100.55,34.087,34.087,31.099,4.1687,1.9438,0.39128,0.49155,-1.572,-1.9009
100.87,34.085,34.085,31.126,4.2753,1.7891,0.45953,0.48145,-1.7754,-1.6593
101.19,34.084,34.084,31.146,4.3694,1.6244,0.52074,0.46008,-1.9521,-1.3989
101.5,34.084,34.084,31.161,4.4501,1.4499,0.57362,0.42777,-2.1005,-1.1235
101.82,34.085,34.085,31.169,4.517,1.266,0.61708,0.38512,-2.2188,-0.83703
102.14,34.085,34.085,31.172,4.5695,1.0733,0.65021,0.33292,-2.3061,-0.54352
102.46,34.086,34.086,31.168,4.6074,0.87243,0.67232,0.27216,-2.3616,-0.24691
102.78,34.086,34.086,31.158,4.6306,0.6643,0.68292,0.20401,-2.3849,0.048867
103.1,34.087,34.087,31.142,4.639,0.4498,0.68171,0.12976,-2.376,0.33996
103.42,34.087,34.087,31.121,4.6328,0.22995,0.66863,0.050829,-2.3355,0.62266
103.74,34.087,34.087,31.095,4.6122,0.0058494,0.6438,-0.031316,-2.2642,0.89339
104.05,34.087,34.087,31.065,4.5777,-0.22137,0.60754,-0.11514,-2.1632,1.1488
104.37,34.087,34.087,31.032,4.5297,-0.45052,0.56037,-0.19909,-2.0342,1.3857
104.69,34.087,34.087,30.995,4.4687,-0.6804,0.50298,-0.28161,-1.8791,1.6014
105.01,34.087,34.087,30.956,4.3956,-0.90977,0.43626,-0.36118,-1.7,1.7932
105.33,34.087,34.087,30.915,4.3109,-1.1374,0.36122,-0.43632,-1.4996,1.959
105.65,34.087,34.087,30.873,4.2157,-1.3621,0.27905,-0.50565,-1.2804,2.0968
105.97,34.087,34.087,30.831,4.1107,-1.5827,0.19104,-0.56784,-1.0455,2.2052
106.28,34.087,34.087,30.79,3.9969,-1.7981,0.098609,-0.62172,-0.79795,2.2832
106.6,34.087,34.087,30.75,3.8754,-2.007,0.0032494,-0.66622,-0.54099,2.33
106.92,34.087,34.087,30.712,3.747,-2.2086,-0.093468,-0.70045,-0.27793,2.3453
107.24,34.087,34.087,30.676,3.6129,-2.4018,-0.18993,-0.72364,-0.012114,2.3293
107.56,34.087,34.087,30.644,3.4741,-2.5858,-0.28449,-0.73522,0.25313,2.2825
107.88,34.085,34.085,30.616,3.3312,-2.7602,-0.37601,-0.73527,0.51401,2.2054
108.2,34.078,34.078,30.591,3.1843,-2.9251,-0.46381,-0.72436,0.76636,2.0984
108.52,34.063,34.063,30.569,3.0339,-3.0802,-0.54681,-0.7027,1.0066,1.963
108.83,34.04,34.04,30.551,2.8807,-3.2251,-0.62383,-0.67049,1.2314,1.8014
109.15,34.007,34.007,30.538,2.7256,-3.3595,-0.69365,-0.62796,1.4379,1.6159
109.47,33.966,33.966,30.528,2.5692,-3.4827,-0.75501,-0.57541,1.6236,1.4094
109.79,33.915,33.915,30.523,2.4126,-3.5946,-0.80676,-0.51329,1.7863,1.1852
110.11,33.856,33.856,30.523,2.2563,-3.6947,-0.84784,-0.44222,1.9241,0.94655
110.43,33.788,33.788,30.528,2.1011,-3.7831,-0.87736,-0.363,2.0356,0.69686
110.75,33.711,33.711,30.539,1.9476,-3.8597,-0.89461,-0.27659,2.1197,0.43967
111.07,33.627,33.627,30.554,1.7961,-3.9247,-0.89906,-0.18413,2.1755,0.17852
111.38,33.534,33.534,30.574,1.647,-3.9782,-0.8904,-0.086871,2.2026,-0.083082
111.7,33.433,33.433,30.6,1.5006,-4.0207,-0.86853,0.013795,2.201,-0.34168
112.02,33.323,33.323,30.629,1.3569,-4.0526,-0.83356,0.11641,2.1707,-0.5939
112.34,33.206,33.205,30.663,1.216,-4.0744,-0.78577,0.21945,2.1126,-0.83653
112.66,33.08,33.079,30.7,1.078,-4.0868,-0.72568,0.32137,2.0275,-1.0665
112.98,32.945,32.945,30.739,0.94253,-4.0903,-0.65396,0.42062,1.9167,-1.2809
113.3,32.802,32.802,30.782,0.80951,-4.0856,-0.57148,0.51567,1.7819,-1.4772
113.62,32.65,32.65,30.826,0.67866,-4.0735,-0.47926,0.60503,1.6249,-1.6529
113.93,32.49,32.49,30.871,0.54966,-4.0546,-0.37848,0.6873,1.4478,-1.8059
114.25,32.322,32.322,30.917,0.42214,-4.0297,-0.27044,0.76115,1.2531,-1.9344
114.57,32.146,32.145,30.963,0.2957,-3.9994,-0.15655,0.82537,1.0433,-2.0371
114.89,31.961,31.961,31.008,0.16991,-3.9645,-0.038337,0.87889,0.82128,-2.1127
115.21,31.769,31.769,31.052,0.044346,-3.9255,0.082624,0.92078,0.58987,-2.1605
115.53,31.569,31.569,31.093,-0.08145,-3.8831,0.2047,0.95027,0.3521,-2.18
115.85,31.362,31.362,31.133,-0.20791,-3.8379,0.32622,0.96676,0.11104,-2.1712
116.16,31.149,31.149,31.169,-0.33544,-3.7902,0.44553,0.96984,-0.13021,-2.1344
116.48,30.929,30.929,31.201,-0.46443,-3.7406,0.561,0.95929,-0.36856,-2.0703
116.8,30.705,30.705,31.23,-0.59522,-3.6894,0.67102,0.9351,-0.60098,-1.9797
117.12,30.476,30.476,31.254,-0.7281,-3.6369,0.77409,0.89744,-0.82448,-1.8641
117.44,30.243,30.243,31.274,-0.86331,-3.5832,0.86878,0.84669,-1.0362,-1.725
117.76,30.008,30.008,31.289,-1.001,-3.5284,0.95379,0.78341,-1.2335,-1.5644
118.08,29.772,29.772,31.299,-1.1412,-3.4726,1.0279,0.70837,-1.4138,-1.3842
118.4,29.535,29.535,31.304,-1.284,-3.4157,1.0903,0.62252,-1.5748,-1.187
118.71,29.3,29.3,31.304,-1.4292,-3.3575,1.1399,0.52695,-1.7144,-0.9753
119.03,29.068,29.068,31.299,-1.5766,-3.2977,1.1762,0.42295,-1.8307,-0.75176
119.35,28.841,28.841,31.29,-1.7259,-3.2361,1.1988,0.31192,-1.9221,-0.51927
119.67,28.621,28.621,31.277,-1.8765,-3.172,1.2077,0.19551,-1.9873,-0.28063
119.99,28.404,28.404,31.259,-2.0293,-3.1064,1.2013,0.073942,-2.0265,-0.040269
120.31,28.169,28.17,31.231,-2.1896,-3.0444,1.174,-0.056388,-2.0454,0.19369
120.63,27.923,27.923,31.194,-2.3552,-2.9833,1.1271,-0.19156,-2.0427,0.42075
120.95,27.694,27.694,31.157,-2.5191,-2.916,1.0679,-0.32304,-2.0118,0.64488
121.26,27.507,27.507,31.125,-2.6745,-2.8366,1.0031,-0.44385,-1.9469,0.86829
121.58,27.375,27.376,31.102,-2.8179,-2.7424,0.93689,-0.55072,-1.8449,1.0893
121.9,27.3,27.3,31.086,-2.9491,-2.6345,0.86995,-0.64401,-1.7071,1.3029
122.22,27.269,27.269,31.076,-3.07,-2.5157,0.80087,-0.72611,-1.5371,1.502
122.54,27.271,27.271,31.067,-3.1834,-2.3897,0.72738,-0.79987,-1.3406,1.6797
122.86,27.291,27.291,31.059,-3.2917,-2.2594,0.64735,-0.86754,-1.1233,1.8304
123.18,27.32,27.32,31.048,-3.3968,-2.1269,0.55938,-0.93035,-0.89083,1.9497
123.5,27.349,27.349,31.034,-3.4994,-1.9932,0.46296,-0.9885,-0.64837,2.0352
123.81,27.375,27.375,31.016,-3.5996,-1.8584,0.35842,-1.0414,-0.40043,2.0858
124.13,27.395,27.395,30.996,-3.6968,-1.7223,0.24676,-1.0878,-0.151,2.1015
124.45,27.409,27.409,30.974,-3.7901,-1.584,0.12944,-1.1264,0.096338,2.0833
124.77,27.419,27.419,30.951,-3.8784,-1.4428,0.0082344,-1.1557,0.33832,2.0325
125.09,27.424,27.424,30.927,-3.9605,-1.2979,-0.11498,-1.1744,0.57192,1.9512
125.41,27.426,27.426,30.905,-4.0352,-1.1485,-0.23827,-1.1816,0.79431,1.8415
125.73,27.426,27.426,30.885,-4.1016,-0.99422,-0.3598,-1.1763,1.0028,1.7059
126.04,27.426,27.426,30.867,-4.1587,-0.83476,-0.4778,-1.1582,1.1949,1.547
126.36,27.425,27.425,30.853,-4.2058,-0.67,-0.59064,-1.1271,1.3684,1.3676
126.68,27.423,27.423,30.841,-4.2422,-0.5,-0.69684,-1.0831,1.521,1.1706
127,27.422,27.422,30.834,-4.2676,-0.32498,-0.79506,-1.0267,1.651,0.95894
127.32,27.421,27.421,30.83,-4.2815,-0.1453,-0.88412,-0.95847,1.7569,0.73588
127.64,27.421,27.421,30.83,-4.2838,0.038575,-0.96301,-0.87915,1.8374,0.5046
127.96,27.42,27.42,30.834,-4.2744,0.22608,-1.0309,-0.78973,1.8916,0.26837
128.28,27.42,27.42,30.842,-4.2532,0.41657,-1.0871,-0.69135,1.9188,0.03047
128.59,27.42,27.42,30.853,-4.2204,0.60932,-1.1311,-0.58523,1.9189,-0.20584
128.91,27.42,27.42,30.867,-4.1761,0.80355,-1.1625,-0.47273,1.8921,-0.43735
129.23,27.42,27.42,30.884,-4.1207,0.99844,-1.1814,-0.35528,1.8386,-0.66097
129.55,27.42,27.42,30.903,-4.0546,1.1931,-1.1876,-0.23435,1.7595,-0.87371
129.87,27.42,27.42,30.924,-3.9782,1.3867,-1.1813,-0.11147,1.6557,-1.0728
130.19,27.42,27.42,30.947,-3.8921,1.5782,-1.1631,0.011813,1.5287,-1.2556
130.51,27.42,27.42,30.97,-3.797,1.7666,-1.1335,0.13387,1.3803,-1.4198
130.83,27.429,27.429,30.996,-3.6913,1.9533,-1.0909,0.25544,1.2148,-1.5611
131.14,27.461,27.461,31.028,-3.5723,2.1404,-1.0325,0.3779,1.038,-1.6752
131.46,27.485,27.485,31.056,-3.4486,2.3191,-0.9671,0.49183,0.84487,-1.7687
131.78,27.477,27.477,31.075,-3.3269,2.4832,-0.90181,0.59089,0.63139,-1.8454
132.1,27.454,27.454,31.088,-3.2037,2.6368,-0.83394,0.67889,0.404,-1.8991
132.42,27.442,27.442,31.102,-3.0737,2.7853,-0.75839,0.76118,0.17191,-1.9227
132.74,27.459,27.459,31.12,-2.9331,2.9323,-0.67162,0.84083,-0.056834,-1.9123
133.06,27.516,27.516,31.144,-2.7802,3.079,-0.5721,0.9185,-0.27606,-1.8671
133.38,27.618,27.618,31.175,-2.615,3.225,-0.46004,0.99309,-0.48137,-1.7886
133.69,27.764,27.764,31.21,-2.4387,3.3684,-0.33692,1.0625,-0.66979,-1.6798
134.01,27.95,27.95,31.248,-2.2534,3.5072,-0.20509,1.1239,-0.83949,-1.5449
134.33,28.169,28.169,31.287,-2.0611,3.6389,-0.067389,1.1749,-0.98941,-1.3884
134.65,28.415,28.415,31.325,-1.8644,3.7612,0.073193,1.2129,-1.1191,-1.2148
134.97,28.68,28.68,31.36,-1.6654,3.8724,0.21372,1.2362,-1.2283,-1.0286
135.29,28.96,28.96,31.392,-1.466,3.971,0.35147,1.2434,-1.3171,-0.83361
135.61,29.249,29.248,31.418,-1.2678,4.0559,0.48402,1.2339,-1.3856,-0.63362
135.92,29.542,29.541,31.438,-1.072,4.1265,0.60926,1.2075,-1.434,-0.43185
136.24,29.836,29.836,31.452,-0.87963,4.1827,0.7254,1.1647,-1.4628,-0.23122
136.56,30.128,30.128,31.461,-0.69142,4.2245,0.83094,1.106,-1.4721,-0.034353
136.88,30.416,30.416,31.462,-0.5079,4.2522,0.92463,1.0326,-1.4628,0.15638
137.2,30.699,30.699,31.458,-0.32947,4.2661,1.0055,0.94579,-1.4354,0.33881
137.52,30.974,30.974,31.448,-0.15636,4.2668,1.0727,0.84692,-1.3908,0.51099
137.84,31.24,31.24,31.433,0.011244,4.2549,1.1258,0.73763,-1.3301,0.67118
138.16,31.497,31.497,31.413,0.1733,4.2312,1.1643,0.6196,-1.2544,0.81783
138.47,31.742,31.742,31.389,0.32982,4.1964,1.1881,0.4946,-1.165,0.94961
138.79,31.976,31.976,31.361,0.48091,4.1513,1.1972,0.36445,-1.0634,1.0654
139.11,32.198,32.198,31.33,0.62671,4.0967,1.1919,0.23099,-0.95115,1.1643
139.43,32.407,32.407,31.297,0.76746,4.0334,1.1725,0.096037,-0.82978,1.2457
139.75,32.603,32.604,31.262,0.90342,3.9622,1.1397,-0.038595,-0.70098,1.3091
140.07,32.787,32.787,31.225,1.0349,3.884,1.0941,-0.17116,-0.56645,1.3542
140.39,32.958,32.958,31.187,1.1622,3.7997,1.0366,-0.29998,-0.42792,1.3811
140.71,33.116,33.117,31.15,1.2857,3.7098,0.96814,-0.4235,-0.28714,1.39
141.02,33.263,33.263,31.113,1.4057,3.6152,0.88989,-0.54026,-0.14585,1.3812
141.34,33.397,33.397,31.077,1.5226,3.5165,0.80294,-0.64896,-0.0057792,1.3553
141.66,33.519,33.519,31.042,1.6366,3.4144,0.7085,-0.74844,0.13138,1.3129
141.98,33.629,33.629,31.01,1.7481,3.3092,0.6078,-0.8377,0.26398,1.2551
142.3,33.729,33.729,30.979,1.8572,3.2015,0.50211,-0.91591,0.39043,1.1827
142.62,33.817,33.817,30.951,1.9641,3.0917,0.39268,-0.98243,0.50923,1.0971
142.94,33.894,33.894,30.926,2.0689,2.98,0.28076,-1.0368,0.61895,0.99938
143.26,33.961,33.961,30.903,2.1718,2.8667,0.16756,-1.0786,0.71829,0.89106
143.57,34.017,34.017,30.884,2.2727,2.752,0.054212,-1.1078,0.80604,0.77358
143.89,34.063,34.063,30.868,2.3721,2.6363,-0.057722,-1.1239,0.88159,0.64896
144.21,34.108,34.108,30.856,2.4715,2.5215,-0.16539,-1.1256,0.9459,0.52035
144.53,34.14,34.14,30.847,2.568,2.4043,-0.27077,-1.1162,0.9953,0.38628
144.85,34.151,34.151,30.838,2.6597,2.2836,-0.37454,-1.0974,1.0276,0.24735
145.17,34.148,34.149,30.831,2.748,2.1607,-0.4745,-1.0682,1.0436,0.10705
145.49,34.138,34.138,30.828,2.8342,2.0373,-0.56832,-1.0274,1.0448,-0.031213
145.8,34.125,34.125,30.828,2.9192,1.9142,-0.65412,-0.97488,1.0326,-0.16476
146.12,34.113,34.113,30.832,3.0032,1.7919,-0.73057,-0.91102,1.008,-0.2916
146.44,34.103,34.102,30.841,3.0863,1.6703,-0.7968,-0.83675,0.97188,-0.41026
146.76,34.095,34.095,30.854,3.1682,1.549,-0.85234,-0.75332,0.925,-0.51968
147.08,34.089,34.089,30.87,3.2482,1.4277,-0.89697,-0.66216,0.8681,-0.61902
147.4,34.086,34.086,30.889,3.326,1.3059,-0.93069,-0.56479,0.80193,-0.70764
147.72,34.085,34.085,30.91,3.4007,1.183,-0.9536,-0.46275,0.7273,-0.78497
148.04,34.084,34.084,30.933,3.4717,1.0587,-0.96595,-0.35752,0.64514,-0.85056
148.35,34.084,34.084,30.957,3.5386,0.93258,-0.96805,-0.25051,0.55644,-0.90402
148.67,34.085,34.085,30.982,3.6007,0.80434,-0.96028,-0.14306,0.46231,-0.94506
148.99,34.085,34.085,31.007,3.6575,0.67378,-0.94308,-0.036439,0.36393,-0.97348
149.31,34.086,34.086,31.032,3.7084,0.54077,-0.91697,0.068189,0.26253,-0.98919
149.63,34.086,34.086,31.056,3.7532,0.4052,-0.8825,0.16974,0.15942,-0.99224
149.95,34.087,34.087,31.08,3.7913,0.26707,-0.84028,0.26721,0.055895,-0.98278
150.27,34.087,34.087,31.102,3.8223,0.12637,-0.79097,0.3597,-0.046716,-0.96111
150.59,34.087,34.087,31.123,3.846,-0.016799,-0.73528,0.4464,-0.14711,-0.92768
150.9,34.087,34.087,31.143,3.8619,-0.16234,-0.67394,0.52656,-0.24402,-0.88305
151.22,34.087,34.087,31.161,3.8699,-0.31008,-0.6077,0.59958,-0.33621,-0.82792
151.54,34.087,34.087,31.177,3.8697,-0.45981,-0.53734,0.66493,-0.42253,-0.76311
151.86,34.087,34.087,31.192,3.8611,-0.61129,-0.46365,0.72218,-0.50188,-0.68954
152.18,34.087,34.087,31.204,3.844,-0.76421,-0.38739,0.771,-0.57329,-0.60825
152.5,34.087,34.087,31.214,3.8183,-0.91826,-0.30934,0.81118,-0.63585,-0.52035
152.82,34.087,34.087,31.222,3.7839,-1.073,-0.23023,0.8426,-0.68879,-0.42701
153.14,34.087,34.087,31.228,3.7409,-1.2282,-0.15079,0.86523,-0.73144,-0.32948
153.45,34.087,34.087,31.233,3.6893,-1.3832,-0.071682,0.87916,-0.76328,-0.22905
153.77,34.087,34.087,31.235,3.6293,-1.5376,0.0064538,0.88453,-0.78389,-0.12702
154.09,34.087,34.087,31.236,3.5611,-1.6909,0.083048,0.88162,-0.79302,-0.024698
154.41,34.087,34.087,31.235,3.4847,-1.8427,0.15749,0.87066,-0.7906,0.076513
154.73,34.083,34.083,31.232,3.3997,-1.9932,0.22852,0.85132,-0.77748,0.1746
155.05,34.073,34.073,31.227,3.3058,-2.1424,0.29496,0.82352,-0.7546,0.26783
155.37,34.055,34.055,31.219,3.2028,-2.2901,0.35608,0.78763,-0.72272,0.35495
155.68,34.028,34.028,31.208,3.0911,-2.4355,0.41132,0.74428,-0.68255,0.43497
156,33.992,33.992,31.196,2.9711,-2.5783,0.46037,0.69425,-0.63476,0.50716
156.32,33.947,33.947,31.181,2.8431,-2.7175,0.50307,0.63847,-0.58003,0.57095
156.64,33.893,33.893,31.165,2.7079,-2.8525,0.53934,0.57786,-0.51909,0.62588
156.96,33.831,33.831,31.148,2.5659,-2.9826,0.5692,0.51337,-0.45269,0.67158
157.28,33.759,33.759,31.131,2.4178,-3.1072,0.59275,0.44592,-0.38167,0.70779
157.6,33.68,33.68,31.113,2.2641,-3.2256,0.61008,0.37639,-0.30693,0.7343
157.92,33.592,33.592,31.095,2.1055,-3.3374,0.62138,0.30559,-0.22942,0.75099
158.23,33.496,33.496,31.077,1.9425,-3.442,0.62683,0.23432,-0.15012,0.75783
158.55,33.392,33.392,31.06,1.7756,-3.5391,0.62665,0.16329,-0.070082,0.7549
158.87,33.279,33.279,31.043,1.6054,-3.6283,0.6211,0.093181,0.0096681,0.74236
159.19,33.158,33.158,31.027,1.4324,-3.7092,0.61046,0.024624,0.088084,0.72051
159.51,33.029,33.029,31.013,1.2572,-3.7817,0.59505,-0.041812,0.16414,0.68971
159.83,32.891,32.891,30.999,1.0801,-3.8455,0.57518,-0.1056,0.23685,0.65047
160.15,32.745,32.745,30.987,0.90177,-3.9005,0.55121,-0.16629,0.30525,0.60337
160.47,32.59,32.59,30.976,0.72256,-3.9464,0.52349,-0.22344,0.36846,0.5491
160.78,32.427,32.427,30.966,0.54293,-3.9833,0.49241,-0.27671,0.42565,0.48844
161.1,32.255,32.255,30.958,0.36332,-4.0111,0.45835,-0.32578,0.4761,0.42224
161.42,32.076,32.076,30.951,0.18412,-4.0298,0.42167,-0.37041,0.51916,0.35142
161.74,31.888,31.888,30.945,0.0057234,-4.0395,0.38278,-0.41039,0.55429,0.27696
162.06,31.693,31.693,30.941,-0.17152,-4.0401,0.34204,-0.44558,0.58106,0.19987
162.38,31.49,31.49,30.939,-0.34726,-4.0318,0.29983,-0.47587,0.59915,0.12123
162.7,31.281,31.281,30.937,-0.52117,-4.0147,0.25652,-0.50121,0.60838,0.04209
163.02,31.065,31.065,30.937,-0.69295,-3.989,0.21246,-0.52158,0.60867,-0.036464
163.33,30.844,30.844,30.938,-0.86232,-3.9549,0.168,-0.53702,0.6001,-0.11336
163.65,30.617,30.617,30.94,-1.029,-3.9124,0.12349,-0.54759,0.58286,-0.18756
163.97,30.387,30.387,30.943,-1.1927,-3.862,0.079247,-0.55337,0.55729,-0.25803
164.29,30.153,30.153,30.947,-1.3532,-3.8036,0.035607,-0.55448,0.52384,-0.32383
164.61,29.917,29.917,30.951,-1.5101,-3.7377,-0.0071132,-0.55106,0.48309,-0.38403
164.93,29.681,29.681,30.957,-1.6634,-3.6643,-0.048595,-0.54327,0.43575,-0.43782
165.25,29.444,29.444,30.963,-1.8126,-3.5837,-0.088518,-0.53128,0.38265,-0.48445
165.56,29.21,29.21,30.97,-1.9576,-3.4962,-0.12656,-0.51525,0.32473,-0.52325
165.88,28.98,28.98,30.977,-2.0979,-3.4018,-0.16239,-0.49538,0.26301,-0.55368
166.2,28.755,28.755,30.986,-2.2334,-3.3008,-0.19565,-0.47182,0.19863,-0.57528
166.52,28.538,28.538,30.995,-2.3636,-3.1933,-0.22587,-0.44468,0.13292,-0.58765
166.84,28.317,28.317,31.001,-2.4916,-3.0828,-0.25626,-0.41753,0.063513,-0.59395
167.16,28.075,28.075,31.001,-2.6215,-2.9734,-0.29117,-0.39424,-0.013231,-0.5975
167.48,27.832,27.832,30.999,-2.7488,-2.8605,-0.32614,-0.36995,-0.09205,-0.59301
167.8,27.616,27.616,31.001,-2.8664,-2.7377,-0.3541,-0.33826,-0.1648,-0.57404
168.11,27.45,27.45,31.013,-2.9692,-2.6009,-0.36965,-0.29543,-0.22475,-0.53724
168.43,27.34,27.34,31.035,-3.0556,-2.4498,-0.37079,-0.24164,-0.26861,-0.48349
168.75,27.283,27.283,31.065,-3.127,-2.2871,-0.35874,-0.1801,-0.29647,-0.41691
169.07,27.267,27.267,31.1,-3.1866,-2.1169,-0.33653,-0.11534,-0.31053,-0.34293
169.39,27.277,27.277,31.136,-3.2378,-1.9434,-0.30776,-0.051755,-0.31386,-0.26682
169.71,27.302,27.301,31.17,-3.2835,-1.7697,-0.27573,0.007198,-0.30952,-0.1928
170.03,27.331,27.331,31.2,-3.3259,-1.5983,-0.24303,0.059257,-0.30006,-0.12378
170.35,27.359,27.359,31.225,-3.3664,-1.4304,-0.21148,0.10329,-0.28742,-0.061458
170.66,27.383,27.383,31.243,-3.4053,-1.2664,-0.18216,0.13905,-0.27288,-0.0065332
170.98,27.401,27.401,31.257,-3.4429,-1.1063,-0.15562,0.16691,-0.25728,0.04095
171.3,27.413,27.413,31.265,-3.4787,-0.9496,-0.13205,0.18759,-0.24106,0.081353
171.62,27.421,27.421,31.269,-3.5123,-0.79588,-0.11141,0.20194,-0.2245,0.11523
171.94,27.425,27.425,31.269,-3.5431,-0.64455,-0.09356,0.21087,-0.20774,0.14319
172.26,27.426,27.426,31.266,-3.5707,-0.49516,-0.07833,0.21519,-0.19093,0.16581
172.58,27.426,27.426,31.261,-3.5945,-0.34733,-0.065573,0.21564,-0.17419,0.1836
172.9,27.425,27.425,31.253,-3.6144,-0.20081,-0.05517,0.21285,-0.15769,0.19701
173.21,27.424,27.424,31.243,-3.6299,-0.055439,-0.047038,0.20735,-0.14164,0.20641
173.53,27.423,27.423,31.231,-3.6408,0.088854,-0.041122,0.1996,-0.12627,0.21214
173.85,27.422,27.422,31.218,-3.647,0.23208,-0.037391,0.18999,-0.11181,0.21452
174.17,27.421,27.421,31.204,-3.6483,0.3742,-0.035822,0.17889,-0.098509,0.21384
174.49,27.421,27.421,31.188,-3.6448,0.51514,-0.036398,0.1666,-0.086618,0.21039
174.81,27.42,27.42,31.172,-3.6362,0.65479,-0.039096,0.15343,-0.076358,0.20449
175.13,27.42,27.42,31.155,-3.6226,0.79303,-0.04389,0.13963,-0.067933,0.19644
175.44,27.42,27.42,31.137,-3.604,0.92973,-0.050744,0.12548,-0.061521,0.18658
175.76,27.42,27.42,31.118,-3.5804,1.0647,-0.059613,0.1112,-0.057268,0.17523
176.08,27.42,27.42,31.098,-3.5517,1.1979,-0.070444,0.097025,-0.05529,0.16274
176.4,27.42,27.42,31.077,-3.5181,1.329,-0.083177,0.083163,-0.05567,0.14945
176.72,27.42,27.42,31.056,-3.4796,1.4579,-0.097745,0.069803,-0.05846,0.13568
177.04,27.42,27.42,31.034,-3.4363,1.5844,-0.11412,0.057079,-0.063724,0.12175
177.36,27.421,27.421,31.012,-3.388,1.7085,-0.13194,0.045451,-0.07115,0.10826
177.68,27.439,27.439,30.994,-3.3309,1.8339,-0.14704,0.038797,-0.076558,0.099179
177.99,27.473,27.473,30.978,-3.2653,1.9597,-0.15948,0.036281,-0.079813,0.093588
178.31,27.485,27.485,30.956,-3.201,2.0761,-0.17879,0.028587,-0.090564,0.082325
178.63,27.469,27.469,30.926,-3.1396,2.1823,-0.20666,0.015308,-0.11082,0.065457
178.95,27.447,27.447,30.895,-3.0753,2.2842,-0.23728,0.0029895,-0.13484,0.04991
179.27,27.444,27.444,30.868,-3.0025,2.3873,-0.26455,-0.0026519,-0.15628,0.041503
179.59,27.476,27.476,30.848,-2.9175,2.4948,-0.28422,0.001414,-0.17051,0.043101
179.91,27.55,27.55,30.838,-2.8187,2.6074,-0.29398,0.015875,-0.17475,0.05503
180.23,27.67,27.67,30.836,-2.7059,2.7245,-0.29303,0.039766,-0.16781,0.075844
180.54,27.831,27.831,30.843,-2.58,2.8446,-0.28171,0.071117,-0.14976,0.10304
180.86,28.031,28.031,30.856,-2.4426,2.9653,-0.26108,0.10749,-0.12156,0.13365
181.18,28.261,28.261,30.874,-2.2953,3.0846,-0.23258,0.14637,-0.084739,0.16469
181.5,28.515,28.515,30.894,-2.1401,3.2004,-0.19777,0.18547,-0.041094,0.19349
181.82,28.787,28.787,30.916,-1.9786,3.3108,-0.15819,0.22287,0.0074897,0.21784
182.14,29.071,29.071,30.939,-1.8121,3.4146,-0.11517,0.25707,0.059185,0.23608
182.46,29.361,29.361,30.961,-1.6417,3.5107,-0.06988,0.287,0.1123,0.24708
182.78,29.655,29.655,30.982,-1.4685,3.5983,-0.02326,0.31195,0.16531,0.25021
183.09,29.949,29.949,31.001,-1.2931,3.6772,0.023911,0.33152,0.21685,0.24525
183.41,30.24,30.24,31.019,-1.116,3.7469,0.070995,0.34552,0.26572,0.23228
183.73,30.526,30.526,31.036,-0.93768,3.8075,0.11746,0.35391,0.31085,0.21168
184.05,30.806,30.806,31.051,-0.75855,3.8588,0.16283,0.3568,0.35131,0.18398
184.37,31.078,31.078,31.064,-0.57892,3.9009,0.20672,0.35435,0.38628,0.14991
184.69,31.341,31.341,31.076,-0.39911,3.9339,0.24876,0.34679,0.4151,0.11029
185.01,31.593,31.593,31.086,-0.21939,3.9579,0.28862,0.33439,0.4372,0.066066
185.32,31.834,31.834,31.096,-0.040034,3.973,0.32602,0.31747,0.45216,0.018231
185.64,32.063,32.063,31.104,0.13869,3.9793,0.3607,0.29637,0.45971,-0.032157
185.96,32.28,32.28,31.111,0.31653,3.977,0.39244,0.27144,0.45972,-0.084011
186.28,32.484,32.484,31.118,0.49326,3.9662,0.42105,0.24309,0.45217,-0.13624
186.6,32.676,32.676,31.124,0.66863,3.9472,0.44638,0.21169,0.43722,-0.18775
186.92,32.855,32.855,31.129,0.8424,3.9201,0.46829,0.17765,0.41513,-0.23751
187.24,33.021,33.021,31.134,1.0143,3.8851,0.48667,0.14135,0.38628,-0.28453
187.56,33.174,33.174,31.138,1.1841,3.8423,0.5014,0.10319,0.35115,-0.32788
187.87,33.316,33.316,31.141,1.3516,3.7918,0.5124,0.063517,0.31032,-0.36676
188.19,33.445,33.445,31.145,1.5163,3.7339,0.51957,0.022682,0.26444,-0.40045
188.51,33.563,33.563,31.148,1.678,3.6686,0.52282,-0.018993,0.21418,-0.42834
188.83,33.669,33.669,31.151,1.8363,3.596,0.52204,-0.061206,0.1603,-0.44996
189.15,33.764,33.764,31.153,1.9909,3.5161,0.51714,-0.10367,0.10356,-0.46496
189.47,33.848,33.848,31.154,2.1413,3.4292,0.50802,-0.14612,0.044734,-0.47311
189.79,33.921,33.921,31.155,2.2871,3.3353,0.49459,-0.18829,-0.015388,-0.47428
190.11,33.984,33.984,31.155,2.428,3.2344,0.47676,-0.22993,-0.076036,-0.46849
190.42,34.035,34.035,31.154,2.5634,3.1265,0.45438,-0.27086,-0.13652,-0.45591
190.74,34.081,34.081,31.153,2.6942,3.013,0.42862,-0.30965,-0.19487,-0.43559
191.06,34.123,34.123,31.152,2.8202,2.8943,0.3999,-0.3459,-0.24987,-0.40777
191.38,34.146,34.146,31.148,2.9375,2.7669,0.36462,-0.38286,-0.30447,-0.37634
191.7,34.151,34.151,31.141,3.0458,2.6312,0.32279,-0.41987,-0.35819,-0.34129
192.02,34.145,34.145,31.132,3.1463,2.4893,0.27604,-0.45488,-0.40893,-0.3013
192.34,34.133,34.133,31.122,3.2402,2.3428,0.22595,-0.48623,-0.45466,-0.25556
192.66,34.12,34.12,31.112,3.3281,2.1927,0.1737,-0.51285,-0.49381,-0.204
192.97,34.109,34.109,31.104,3.4101,2.0396,0.12008,-0.53423,-0.52529,-0.14718
193.29,34.099,34.099,31.096,3.4863,1.8839,0.065608,-0.55024,-0.54844,-0.086082
193.61,34.092,34.092,31.088,3.5564,1.7257,0.010593,-0.56094,-0.56292,-0.021934
193.93,34.088,34.088,31.081,3.62,1.565,-0.044736,-0.56652,-0.56865,0.043919
194.25,34.086,34.086,31.075,3.6769,1.4018,-0.10018,-0.5672,-0.56571,0.11012
194.57,34.084,34.085,31.068,3.7267,1.2363,-0.15553,-0.56317,-0.55436,0.17537
194.89,34.084,34.084,31.061,3.7691,1.0687,-0.21054,-0.5546,-0.53493,0.23847
195.2,34.085,34.085,31.053,3.8041,0.89909,-0.26491,-0.54162,-0.50786,0.29831
195.52,34.085,34.085,31.046,3.8314,0.72786,-0.31829,-0.52432,-0.47365,0.35392
195.84,34.086,34.086,31.038,3.8511,0.55534,-0.37028,-0.50277,-0.43287,0.40444
196.16,34.086,34.086,31.03,3.8632,0.38193,-0.42046,-0.47704,-0.38616,0.44915
196.48,34.087,34.087,31.021,3.8677,0.20806,-0.46835,-0.4472,-0.33419,0.48741
196.8,34.087,34.087,31.013,3.8648,0.034177,-0.51349,-0.41333,-0.2777,0.51874
197.12,34.087,34.087,31.005,3.8547,-0.13925,-0.55539,-0.37556,-0.21746,0.54273
197.44,34.087,34.087,30.998,3.8375,-0.31177,-0.59357,-0.33401,-0.15428,0.55912
197.75,34.087,34.087,30.99,3.8134,-0.48291,-0.62754,-0.28887,-0.088982,0.56774
198.07,34.087,34.087,30.984,3.7826,-0.65223,-0.65684,-0.24036,-0.022404,0.56853
198.39,34.087,34.087,30.978,3.7455,-0.81927,-0.68103,-0.18872,0.044612,0.56154
198.71,34.087,34.087,30.973,3.7022,-0.98362,-0.6997,-0.13426,0.11123,0.54693
199.03,34.087,34.087,30.97,3.6531,-1.1449,-0.71246,-0.077309,0.17665,0.52495
199.35,34.087,34.087,30.968,3.5985,-1.3026,-0.71896,-0.01824,0.24009,0.49596
199.67,34.087,34.087,30.967,3.5385,-1.4565,-0.7189,0.042534,0.30081,0.4604
199.99,34.087,34.087,30.967,3.4737,-1.6061,-0.71202,0.10457,0.35813,0.41878
200.3,34.087,34.087,30.97,3.4041,-1.7512,-0.69813,0.16739,0.41142,0.3717
200.62,34.087,34.087,30.974,3.3303,-1.8915,-0.67706,0.23049,0.46013,0.31981
200.94,34.087,34.087,30.98,3.2524,-2.0266,-0.64872,0.29335,0.50378,0.26384
201.26,34.086,34.086,30.987,3.1704,-2.1567,-0.61337,0.35514,0.54166,0.20425
201.58,34.08,34.08,30.996,3.0838,-2.2823,-0.572,0.41446,0.57248,0.14104
201.9,34.067,34.067,31.005,2.9924,-2.4037,-0.52527,0.47041,0.59538,0.074768
202.22,34.046,34.046,31.014,2.896,-2.5209,-0.4737,0.52236,0.60981,0.0062726
202.54,34.015,34.015,31.023,2.7948,-2.6338,-0.41772,0.56985,0.6155,-0.063394
202.85,33.976,33.976,31.032,2.689,-2.742,-0.3577,0.61254,0.61239,-0.13308
203.17,33.927,33.927,31.042,2.579,-2.8454,-0.294,0.65015,0.60061,-0.20159
203.49,33.87,33.87,31.052,2.4649,-2.9436,-0.22701,0.68245,0.58044,-0.26777
203.81,33.804,33.804,31.062,2.347,-3.0367,-0.15717,0.7092,0.55228,-0.33055
204.13,33.73,33.73,31.072,2.2255,-3.1242,-0.084977,0.73016,0.5166,-0.38894
204.45,33.647,33.647,31.083,2.1006,-3.2063,-0.010992,0.7451,0.47399,-0.44206
204.77,33.556,33.556,31.094,1.9725,-3.2828,0.064167,0.7538,0.42506,-0.48915
205.08,33.457,33.457,31.105,1.8413,-3.3537,0.13983,0.75605,0.37051,-0.52957
205.4,33.349,33.349,31.116,1.707,-3.4191,0.21529,0.7517,0.31109,-0.56279
205.72,33.233,33.233,31.126,1.5697,-3.4789,0.2898,0.74062,0.24757,-0.5884
206.04,33.109,33.109,31.136,1.4295,-3.5332,0.36261,0.72274,0.18077,-0.60611
206.36,32.976,32.976,31.146,1.2864,-3.5822,0.43295,0.69807,0.11155,-0.61572
206.68,32.835,32.835,31.154,1.1405,-3.6258,0.50005,0.66667,0.040756,-0.61716
207,32.686,32.686,31.162,0.99184,-3.6641,0.56316,0.62865,-0.030736,-0.61046
207.32,32.528,32.528,31.168,0.84045,-3.6971,0.62157,0.58423,-0.10206,-0.59577
207.63,32.361,32.361,31.173,0.68639,-3.725,0.67455,0.53368,-0.17235,-0.5733
207.95,32.187,32.187,31.176,0.52976,-3.7477,0.72148,0.47735,-0.24078,-0.54338
208.27,32.004,32.004,31.178,0.37066,-3.7652,0.76174,0.41566,-0.30653,-0.50644
208.59,31.813,31.813,31.178,0.20919,-3.7776,0.79478,0.34911,-0.36885,-0.46296
208.91,31.615,31.615,31.177,0.045497,-3.7848,0.82015,0.27824,-0.42699,-0.41351
209.23,31.41,31.41,31.173,-0.12024,-3.7868,0.83742,0.20369,-0.48029,-0.35873
209.55,31.198,31.198,31.168,-0.28784,-3.7836,0.84631,0.12613,-0.52813,-0.29931
209.87,30.98,30.98,31.161,-0.45705,-3.775,0.84657,0.046299,-0.56996,-0.23597
210.18,30.757,30.757,31.152,-0.62763,-3.7609,0.83808,-0.035026,-0.60527,-0.16948
210.5,30.529,30.529,31.141,-0.79925,-3.7413,0.82083,-0.11702,-0.63365,-0.10064
210.82,30.297,30.297,31.128,-0.97157,-3.716,0.79488,-0.19883,-0.65475,-0.030262
211.14,30.062,30.062,31.114,-1.1442,-3.6848,0.76044,-0.27959,-0.66826,0.040843
211.46,29.826,29.826,31.099,-1.3167,-3.6475,0.71781,-0.35838,-0.67397,0.11186
211.78,29.589,29.589,31.082,-1.4886,-3.604,0.66742,-0.43433,-0.67172,0.182
212.1,29.354,29.354,31.065,-1.6594,-3.554,0.60979,-0.50651,-0.66143,0.25048
212.42,29.121,29.121,31.047,-1.8285,-3.4973,0.54559,-0.57406,-0.64305,0.31656
212.73,28.893,28.893,31.029,-1.9952,-3.4336,0.47558,-0.6361,-0.6166,0.37953
213.05,28.671,28.671,31.011,-2.1589,-3.3626,0.40072,-0.69172,-0.58208,0.43881
213.37,28.455,28.455,30.993,-2.3193,-3.2847,0.32142,-0.74071,-0.54017,0.4932
213.69,28.225,28.225,30.97,-2.4813,-3.2048,0.23311,-0.78749,-0.4968,0.53712
214.01,27.979,27.979,30.942,-2.645,-3.1231,0.13572,-0.83143,-0.45364,0.57038
214.33,27.743,27.743,30.916,-2.8035,-3.0329,0.036376,-0.86543,-0.4051,0.59928
214.65,27.545,27.545,30.897,-2.95,-2.9283,-0.057298,-0.88318,-0.34488,0.62919
214.96,27.4,27.4,30.89,-3.0802,-2.8062,-0.14021,-0.88187,-0.26913,0.66186
215.28,27.312,27.312,30.894,-3.1933,-2.6676,-0.2108,-0.86254,-0.17765,0.69521
215.6,27.273,27.273,30.907,-3.2913,-2.5154,-0.27019,-0.82875,-0.073132,0.72484
215.92,27.268,27.268,30.926,-3.3771,-2.354,-0.32079,-0.78483,0.040148,0.74586
216.24,27.285,27.285,30.947,-3.4537,-2.1869,-0.3652,-0.73471,0.15752,0.75414
216.56,27.313,27.313,30.967,-3.5235,-2.017,-0.40553,-0.68133,0.27465,0.74695
216.88,27.343,27.342,30.986,-3.5879,-1.8462,-0.44316,-0.62656,0.38786,0.72296
217.2,27.369,27.369,31.001,-3.6477,-1.6754,-0.47876,-0.57132,0.49425,0.68214
217.51,27.391,27.391,31.014,-3.7029,-1.5049,-0.51238,-0.51587,0.59163,0.62543
217.83,27.407,27.407,31.025,-3.7532,-1.3346,-0.54367,-0.46006,0.67837,0.55443
218.15,27.417,27.417,31.034,-3.7982,-1.1641,-0.57204,-0.40357,0.7533,0.47111
218.47,27.423,27.423,31.041,-3.8371,-0.99313,-0.59683,-0.34608,0.81558,0.37766
218.79,27.426,27.426,31.048,-3.8694,-0.82134,-0.61738,-0.28738,0.86457,0.27628
219.11,27.426,27.426,31.054,-3.8946,-0.6486,-0.63313,-0.2274,0.89987,0.16916
219.43,27.426,27.426,31.061,-3.9124,-0.47488,-0.64364,-0.16624,0.9212,0.058424
219.75,27.425,27.425,31.067,-3.9224,-0.3003,-0.64861,-0.10414,0.92843,-0.05392
220.06,27.424,27.424,31.074,-3.9246,-0.12509,-0.64787,-0.041492,0.92159,-0.16595
220.38,27.422,27.422,31.082,-3.9189,0.05042,-0.64137,0.021227,0.90083,-0.27586
220.7,27.422,27.422,31.09,-3.9053,0.22584,-0.62921,0.083465,0.86647,-0.38194
221.02,27.421,27.421,31.098,-3.8841,0.4007,-0.61156,0.14462,0.81899,-0.48259
221.34,27.421,27.42,31.106,-3.8553,0.57452,-0.58871,0.20407,0.75901,-0.57633
221.66,27.42,27.42,31.113,-3.8193,0.74679,-0.56104,0.26119,0.68731,-0.66179
221.98,27.42,27.42,31.121,-3.7764,0.91698,-0.52897,0.31536,0.60481,-0.73774
222.3,27.42,27.42,31.127,-3.7268,1.0846,-0.49305,0.36598,0.51255,-0.80309
222.61,27.42,27.42,31.133,-3.671,1.249,-0.45384,0.41249,0.41172,-0.85693
222.93,27.42,27.42,31.138,-3.6094,1.4098,-0.41198,0.45439,0.30358,-0.89847
223.25,27.42,27.42,31.141,-3.5424,1.5664,-0.36814,0.49121,0.18948,-0.92714
223.57,27.42,27.42,31.143,-3.4705,1.7184,-0.32305,0.52254,0.070842,-0.9425
223.89,27.42,27.42,31.143,-3.3942,1.8651,-0.27754,0.54797,-0.050957,-0.94443
224.21,27.425,27.425,31.141,-3.3126,2.0076,-0.23101,0.56854,-0.17305,-0.93154
224.53,27.452,27.452,31.143,-3.2218,2.1495,-0.17969,0.58801,-0.28927,-0.90022
224.84,27.482,27.482,31.142,-3.1276,2.2848,-0.12946,0.60051,-0.40313,-0.85674
225.16,27.481,27.482,31.131,-3.0385,2.4056,-0.089316,0.59854,-0.52169,-0.80889
225.48,27.46,27.46,31.112,-2.9524,2.5148,-0.057818,0.58559,-0.64167,-0.75358
225.8,27.443,27.443,31.091,-2.8634,2.6186,-0.02925,0.56849,-0.75537,-0.68475
226.12,27.452,27.452,31.073,-2.7667,2.7217,0.0011059,0.55214,-0.85592,-0.59882
226.44,27.499,27.499,31.061,-2.6597,2.8263,0.036028,0.53885,-0.93846,-0.49522
226.76,27.591,27.591,31.056,-2.5416,2.9326,0.076571,0.52893,-1,-0.3757
227.08,27.727,27.727,31.057,-2.4128,3.0398,0.12248,0.52139,-1.0393,-0.24355
227.39,27.905,27.905,31.063,-2.2746,3.1461,0.1726,0.51455,-1.0562,-0.10295
227.71,28.117,28.117,31.072,-2.1288,3.2494,0.2253,0.50647,-1.0516,0.041655
228.03,28.357,28.357,31.082,-1.977,3.348,0.27872,0.49536,-1.0267,0.18591
228.35,28.619,28.619,31.093,-1.8211,3.4399,0.33105,0.47975,-0.98356,0.32585
228.67,28.896,28.896,31.102,-1.6626,3.524,0.38069,0.45863,-0.92398,0.45808
228.99,29.183,29.183,31.109,-1.5026,3.5993,0.4263,0.43144,-0.84999,0.57976
229.31,29.475,29.475,31.114,-1.3421,3.6653,0.46684,0.39808,-0.76363,0.68866
229.63,29.77,29.77,31.116,-1.1816,3.7216,0.50156,0.35877,-0.66686,0.78309
229.94,30.062,30.062,31.116,-1.0217,3.7684,0.52994,0.31402,-0.56166,0.86181
230.26,30.352,30.352,31.113,-0.86252,3.8057,0.55169,0.26452,-0.44996,0.92399
230.58,30.636,30.636,31.107,-0.70431,3.8339,0.56668,0.21109,-0.33368,0.96916
230.9,30.913,30.913,31.1,-0.54711,3.8533,0.57491,0.15463,-0.2147,0.99716
231.22,31.181,31.181,31.091,-0.39095,3.8643,0.57652,0.096044,-0.094873,1.0081
231.54,31.44,31.44,31.08,-0.2358,3.8673,0.57174,0.036272,0.023991,1.0024
231.86,31.688,31.688,31.069,-0.081626,3.8628,0.56087,-0.023771,0.14017,0.98057
232.18,31.924,31.925,31.057,0.071649,3.8511,0.54431,-0.0832,0.25203,0.94354
232.49,32.149,32.149,31.044,0.2241,3.8326,0.52254,-0.14117,0.35805,0.89228
232.81,32.361,32.361,31.032,0.37582,3.8079,0.49608,-0.19689,0.45685,0.82803
233.13,32.56,32.56,31.021,0.52688,3.7772,0.46549,-0.24963,0.54718,0.75212
233.45,32.747,32.747,31.01,0.67738,3.7408,0.43139,-0.29874,0.62796,0.66603
233.77,32.921,32.921,31.001,0.82735,3.6992,0.3944,-0.34366,0.69828,0.57135
234.09,33.082,33.082,30.993,0.97682,3.6526,0.35515,-0.38392,0.75736,0.46971
234.41,33.231,33.231,30.986,1.1258,3.6012,0.31425,-0.41915,0.80463,0.3628
234.72,33.368,33.368,30.981,1.2742,3.5451,0.27228,-0.4491,0.83966,0.2523
235.04,33.492,33.492,30.978,1.4219,3.4845,0.2298,-0.4736,0.86217,0.1399
235.36,33.606,33.606,30.977,1.5689,3.4194,0.18731,-0.4926,0.87206,0.027248
235.68,33.707,33.707,30.978,1.7147,3.3499,0.14526,-0.50614,0.86937,-0.084068
236,33.798,33.798,30.981,1.8593,3.276,0.10402,-0.51436,0.85429,-0.19252
236.32,33.878,33.878,30.985,2.0022,3.1974,0.063904,-0.51748,0.82714,-0.29665
236.64,33.947,33.947,30.99,2.143,3.1143,0.025173,-0.51577,0.78839,-0.39513
236.96,34.005,34.005,30.997,2.2815,3.0263,-0.012016,-0.5096,0.73861,-0.48674
237.27,34.053,34.053,31.005,2.4171,2.9336,-0.047424,-0.49924,0.67861,-0.57021
237.59,34.099,34.099,31.015,2.5513,2.8377,-0.079075,-0.48334,0.61119,-0.64284
237.91,34.135,34.135,31.026,2.6817,2.7365,-0.10888,-0.46453,0.53538,-0.706
238.23,34.15,34.15,31.035,2.8052,2.6274,-0.13945,-0.4455,0.44955,-0.76115
238.55,34.15,34.15,31.042,2.9223,2.5117,-0.16985,-0.42534,0.35574,-0.80624
238.87,34.141,34.141,31.048,3.0343,2.3909,-0.19859,-0.40279,0.25671,-0.83907
239.19,34.128,34.128,31.056,3.1417,2.2662,-0.22453,-0.37715,0.15505,-0.85824
239.51,34.116,34.116,31.065,3.2448,2.1381,-0.24699,-0.34828,0.05295,-0.86315
239.82,34.105,34.105,31.075,3.3435,2.0068,-0.26572,-0.31652,-0.047764,-0.85388
240.14,34.096,34.096,31.085,3.4374,1.8722,-0.28079,-0.28247,-0.14558,-0.83099
240.46,34.09,34.09,31.096,3.5259,1.7341,-0.29245,-0.24685,-0.23924,-0.79535
240.78,34.087,34.087,31.107,3.6083,1.5923,-0.30106,-0.2104,-0.32761,-0.74804
241.1,34.085,34.085,31.118,3.684,1.4465,-0.30705,-0.17383,-0.40975,-0.69024
241.42,34.084,34.084,31.127,3.7525,1.2968,-0.31082,-0.13775,-0.48477,-0.62323
241.74,34.084,34.084,31.136,3.8133,1.1431,-0.31278,-0.10266,-0.55192,-0.54828
242.06,34.085,34.085,31.143,3.8659,0.98546,-0.31327,-0.06895,-0.61049,-0.46672
242.37,34.085,34.085,31.148,3.91,0.82407,-0.31261,-0.036912,-0.6599,-0.37985
242.69,34.086,34.086,31.151,3.9454,0.65919,-0.31107,-0.0067435,-0.69967,-0.28901
243.01,34.086,34.086,31.153,3.9717,0.49116,-0.30885,0.021438,-0.7294,-0.19549
243.33,34.087,34.087,31.153,3.989,0.32036,-0.30612,0.047584,-0.74885,-0.10061
243.65,34.087,34.087,31.151,3.9972,0.14723,-0.30302,0.071706,-0.75786,-0.0056603
243.97,34.087,34.087,31.147,3.9962,-0.027746,-0.29963,0.093861,-0.75642,0.088114
244.29,34.087,34.087,31.142,3.9861,-0.20406,-0.29599,0.11415,-0.74463,0.17949
244.6,34.087,34.087,31.135,3.967,-0.38117,-0.2921,0.1327,-0.72273,0.2673
244.92,34.087,34.087,31.127,3.9391,-0.55852,-0.28793,0.14966,-0.69106,0.35045
245.24,34.087,34.087,31.118,3.9025,-0.73552,-0.28341,0.16522,-0.65008,0.4279
245.56,34.087,34.087,31.108,3.8576,-0.91161,-0.27843,0.17955,-0.60037,0.49872
245.88,34.087,34.087,31.098,3.8045,-1.0862,-0.27284,0.19285,-0.5426,0.56207
246.2,34.087,34.087,31.087,3.7437,-1.2586,-0.26647,0.20533,-0.47751,0.61719
246.52,34.087,34.087,31.077,3.6755,-1.4284,-0.25913,0.21715,-0.40594,0.66348
246.84,34.087,34.087,31.066,3.6003,-1.5949,-0.25057,0.22851,-0.32878,0.70042
247.15,34.087,34.087,31.056,3.5185,-1.7575,-0.24057,0.23956,-0.24699,0.72763
247.47,34.087,34.087,31.047,3.4306,-1.9157,-0.22886,0.25046,-0.16155,0.74485
247.79,34.087,34.087,31.039,3.3371,-2.069,-0.21519,0.2613,-0.073487,0.75195
248.11,34.085,34.085,31.031,3.2378,-2.2175,-0.19991,0.27158,0.01551,0.74832
248.43,34.076,34.076,31.024,3.1324,-2.3615,-0.18365,0.28067,0.1035,0.73346
248.75,34.06,34.06,31.016,3.021,-2.5007,-0.16657,0.28842,0.18898,0.70751
249.07,34.035,34.035,31.009,2.9039,-2.6349,-0.14874,0.29482,0.2706,0.67095
249.39,34.001,34.001,31.002,2.7815,-2.7636,-0.13007,0.29999,0.34724,0.62453
249.7,33.958,33.958,30.996,2.6542,-2.8864,-0.11041,0.30412,0.41794,0.56922
250.02,33.906,33.906,30.991,2.5227,-3.0028,-0.089571,0.30738,0.48189,0.50608
250.34,33.845,33.845,30.987,2.3875,-3.1124,-0.067393,0.30988,0.5384,0.43627
250.66,33.776,33.776,30.984,2.249,-3.2148,-0.043742,0.3117,0.58685,0.36098
250.98,33.698,33.698,30.982,2.1077,-3.3098,-0.01854,0.31286,0.62678,0.28139
251.3,33.612,33.612,30.982,1.9639,-3.3972,0.0082332,0.31328,0.65777,0.19873
251.62,33.518,33.518,30.983,1.8181,-3.4769,0.036538,0.31288,0.67953,0.11418
251.94,33.415,33.415,30.986,1.6706,-3.5488,0.066272,0.31148,0.69188,0.028908
252.25,33.304,33.304,30.991,1.5216,-3.6129,0.097278,0.30892,0.69471,-0.05592
252.57,33.185,33.185,30.997,1.3713,-3.6692,0.12934,0.30499,0.68806,-0.13919
252.89,33.058,33.058,31.004,1.22,-3.7179,0.16221,0.29947,0.67207,-0.21982
253.21,32.922,32.922,31.012,1.0678,-3.7591,0.19558,0.29215,0.64697,-0.29679
253.53,32.777,32.777,31.02,0.9148,-3.7928,0.2291,0.28283,0.61311,-0.36912
253.85,32.624,32.624,31.03,0.76122,-3.8193,0.2624,0.27131,0.57097,-0.43591
254.17,32.463,32.463,31.04,0.6071,-3.8388,0.29507,0.25741,0.52108,-0.49634
254.48,32.293,32.293,31.05,0.45253,-3.8514,0.3267,0.241,0.46411,-0.54966
254.8,32.116,32.115,31.06,0.29759,-3.8573,0.35683,0.22196,0.40078,-0.59523
255.12,31.93,31.93,31.07,0.14233,-3.8568,0.38502,0.20022,0.33191,-0.6325
255.44,31.736,31.736,31.08,-0.013193,-3.8501,0.41082,0.17574,0.25837,-0.66103
255.76,31.535,31.535,31.089,-0.16892,-3.8373,0.43378,0.14855,0.1811,-0.68049
256.08,31.327,31.327,31.097,-0.3248,-3.8186,0.45349,0.1187,0.10109,-0.69064
256.4,31.112,31.112,31.104,-0.48075,-3.7943,0.46954,0.086326,0.019363,-0.69138
256.72,30.892,30.892,31.11,-0.6367,-3.7644,0.48156,0.051584,-0.06303,-0.68272
257.03,30.667,30.667,31.115,-0.79255,-3.7292,0.48922,0.014707,-0.14502,-0.66476
257.35,30.437,30.437,31.118,-0.94817,-3.6886,0.49224,-0.024026,-0.22552,-0.63773
257.67,30.204,30.204,31.12,-1.1034,-3.6429,0.49042,-0.064279,-0.30347,-0.60196
257.99,29.968,29.968,31.121,-1.2581,-3.592,0.4836,-0.10567,-0.3778,-0.55788
258.31,29.732,29.732,31.12,-1.4119,-3.536,0.4717,-0.14775,-0.44747,-0.50602
258.63,29.496,29.496,31.117,-1.5648,-3.4748,0.45473,-0.19005,-0.51147,-0.44698
258.95,29.261,29.261,31.113,-1.7162,-3.4085,0.43279,-0.23204,-0.56883,-0.38148
259.27,29.03,29.03,31.108,-1.8659,-3.337,0.40606,-0.27317,-0.61862,-0.31027
259.58,28.803,28.803,31.102,-2.0135,-3.2601,0.37485,-0.31284,-0.65997,-0.23421
259.9,28.585,28.585,31.095,-2.1583,-3.1776,0.33968,-0.35029,-0.69191,-0.15403
260.22,28.367,28.367,31.086,-2.302,-3.0914,0.29883,-0.38707,-0.71596,-0.072823
260.54,28.129,28.129,31.069,-2.4496,-3.0066,0.24707,-0.42749,-0.73744,0.0037092
260.86,27.884,27.884,31.048,-2.5979,-2.9198,0.18749,-0.46742,-0.75359,0.078428
261.18,27.66,27.66,31.029,-2.7396,-2.824,0.12745,-0.4995,-0.75726,0.15719
261.5,27.481,27.481,31.019,-2.8688,-2.7142,0.073378,-0.51846,-0.74215,0.24349
261.82,27.359,27.359,31.019,-2.9826,-2.589,0.028558,-0.52292,-0.7052,0.33673
262.13,27.292,27.292,31.028,-3.0818,-2.4501,-0.0070539,-0.51491,-0.64697,0.4329
262.45,27.268,27.268,31.043,-3.1688,-2.3013,-0.035608,-0.49819,-0.5705,0.52636
262.77,27.273,27.273,31.06,-3.2468,-2.1465,-0.060012,-0.47673,-0.47998,0.61156
263.09,27.296,27.296,31.077,-3.3186,-1.989,-0.082989,-0.45375,-0.37976,0.68397
263.41,27.325,27.325,31.091,-3.3862,-1.831,-0.1066,-0.43136,-0.27378,0.74053
263.73,27.354,27.354,31.102,-3.4508,-1.674,-0.13208,-0.41061,-0.16534,0.77956
264.05,27.378,27.378,31.108,-3.5128,-1.5183,-0.15995,-0.39164,-0.057099,0.80056
264.36,27.398,27.398,31.111,-3.572,-1.3639,-0.19012,-0.37404,0.048871,0.80392
264.68,27.411,27.411,31.11,-3.6279,-1.2103,-0.22212,-0.35708,0.15091,0.79059
265,27.42,27.42,31.107,-3.6798,-1.057,-0.25525,-0.3399,0.24768,0.76188
265.32,27.424,27.424,31.102,-3.727,-0.90337,-0.28872,-0.32171,0.33802,0.71927
265.64,27.426,27.426,31.096,-3.7688,-0.74902,-0.32174,-0.30183,0.42092,0.66433
265.96,27.426,27.426,31.089,-3.8045,-0.5936,-0.35356,-0.27976,0.49548,0.59865
266.28,27.425,27.426,31.082,-3.8337,-0.43693,-0.38354,-0.25519,0.56086,0.5238
266.6,27.424,27.424,31.075,-3.856,-0.27896,-0.41111,-0.22795,0.61632,0.44134
266.91,27.423,27.423,31.069,-3.871,-0.11976,-0.43581,-0.19803,0.66122,0.35284
267.23,27.422,27.422,31.063,-3.8786,0.040516,-0.45725,-0.16555,0.69502,0.25983
267.55,27.421,27.421,31.058,-3.8787,0.20161,-0.47515,-0.13072,0.71732,0.16385
267.87,27.421,27.421,31.053,-3.8711,0.36323,-0.4893,-0.093842,0.72786,0.066395
268.19,27.42,27.42,31.05,-3.856,0.52502,-0.49958,-0.055263,0.7265,-0.031025
268.51,27.42,27.42,31.046,-3.8334,0.68658,-0.50591,-0.015389,0.71327,-0.12695
268.83,27.42,27.42,31.044,-3.8034,0.84749,-0.5083,0.02534,0.68835,-0.21997
269.15,27.42,27.42,31.041,-3.7662,1.0073,-0.50684,0.066461,0.65208,-0.30873
269.46,27.42,27.42,31.039,-3.722,1.1656,-0.50166,0.10749,0.60492,-0.39195
269.78,27.42,27.42,31.037,-3.671,1.3218,-0.49297,0.14795,0.54749,-0.46844
270.1,27.42,27.42,31.034,-3.6135,1.4756,-0.48103,0.18735,0.48052,-0.53713
270.42,27.42,27.42,31.032,-3.5499,1.6264,-0.46618,0.22519,0.40484,-0.59706
270.74,27.42,27.42,31.028,-3.4805,1.7737,-0.44878,0.26106,0.32143,-0.64737
271.06,27.433,27.433,31.027,-3.4027,1.9201,-0.42608,0.29747,0.23454,-0.68446
271.38,27.467,27.467,31.03,-3.3146,2.0668,-0.39629,0.33548,0.14773,-0.70655
271.7,27.486,27.486,31.027,-3.2257,2.2044,-0.36882,0.36564,0.053236,-0.72241
272.01,27.474,27.474,31.015,-3.1405,2.3291,-0.34849,0.38454,-0.052344,-0.73459
272.33,27.451,27.451,30.999,-3.0542,2.446,-0.33093,0.39775,-0.16307,-0.7369
272.65,27.442,27.442,30.985,-2.9611,2.5609,-0.31043,0.41121,-0.27131,-0.72322
272.97,27.465,27.465,30.977,-2.8574,2.6772,-0.28295,0.42831,-0.37093,-0.69043
273.29,27.53,27.53,30.976,-2.7412,2.7963,-0.24642,0.45007,-0.45771,-0.63823
273.61,27.64,27.64,30.982,-2.6124,2.9175,-0.20039,0.47574,-0.52918,-0.56836
273.93,27.793,27.793,30.995,-2.472,3.0395,-0.14556,0.50356,-0.58424,-0.48386
274.24,27.985,27.985,31.013,-2.3214,3.1601,-0.083471,0.53123,-0.62283,-0.38845
274.56,28.209,28.209,31.033,-2.1627,3.2771,-0.016032,0.55639,-0.64561,-0.28602
274.88,28.459,28.459,31.056,-1.9978,3.3885,0.054691,0.57692,-0.65366,-0.1803
275.2,28.727,28.727,31.077,-1.8285,3.4925,0.12671,0.59111,-0.64831,-0.074597
275.52,29.009,29.009,31.098,-1.6563,3.5878,0.19822,0.59772,-0.63093,0.028245
275.84,29.299,29.299,31.116,-1.4825,3.6734,0.26769,0.59602,-0.60289,0.12592
276.16,29.592,29.592,31.132,-1.308,3.7487,0.33386,0.5857,-0.56552,0.21659
276.48,29.886,29.886,31.144,-1.1336,3.8134,0.39568,0.56679,-0.5201,0.29886
276.79,30.178,30.178,31.153,-0.95983,3.8676,0.45236,0.53962,-0.46786,0.37169
277.11,30.465,30.465,31.159,-0.78709,3.9111,0.50326,0.50471,-0.41001,0.43431
277.43,30.747,30.747,31.162,-0.61567,3.9444,0.5479,0.46273,-0.34775,0.48625
277.75,31.02,31.02,31.162,-0.44579,3.9675,0.5859,0.41444,-0.28226,0.52722
278.07,31.285,31.285,31.16,-0.27762,3.9809,0.61704,0.36068,-0.21468,0.55713
278.39,31.54,31.54,31.156,-0.11128,3.985,0.64115,0.30234,-0.14616,0.57608
278.71,31.783,31.783,31.15,0.053142,3.98,0.65821,0.24033,-0.077772,0.58432
279.03,32.015,32.015,31.142,0.2156,3.9665,0.66826,0.17558,-0.010549,0.58226
279.34,32.235,32.235,31.133,0.37606,3.9448,0.67142,0.10901,0.054547,0.57043
279.66,32.442,32.442,31.123,0.53452,3.9154,0.66793,0.041535,0.11664,0.54951
279.98,32.636,32.636,31.112,0.69098,3.8786,0.65806,-0.025952,0.17492,0.52025
280.3,32.817,32.817,31.101,0.84545,3.8349,0.64217,-0.092605,0.22871,0.4835
280.62,32.986,32.986,31.09,0.99795,3.7847,0.62065,-0.15763,0.27737,0.44018
280.94,33.142,33.142,31.08,1.1484,3.7282,0.59395,-0.2203,0.3204,0.39124
281.26,33.286,33.286,31.07,1.2969,3.6659,0.56252,-0.27996,0.35737,0.33766
281.58,33.418,33.418,31.06,1.4433,3.5979,0.52684,-0.33603,0.38792,0.28044
281.89,33.539,33.539,31.052,1.5876,3.5246,0.48738,-0.38802,0.4118,0.22056
282.21,33.647,33.647,31.044,1.7295,3.4461,0.4446,-0.43554,0.42883,0.15899
282.53,33.745,33.745,31.038,1.869,3.3626,0.39896,-0.47825,0.43889,0.096676
282.85,33.831,33.831,31.032,2.0059,3.2742,0.35089,-0.51594,0.44196,0.034517
283.17,33.907,33.907,31.028,2.1398,3.181,0.30079,-0.54842,0.43809,-0.026617
283.49,33.971,33.971,31.024,2.2706,3.0829,0.24904,-0.57563,0.42738,-0.085909
283.81,34.025,34.025,31.022,2.3978,2.9802,0.19594,-0.59758,0.40996,-0.14265
284.12,34.071,34.071,31.02,2.5218,2.8734,0.14252,-0.61362,0.38679,-0.19543
284.44,34.115,34.115,31.021,2.6437,2.7637,0.09047,-0.62271,0.35965,-0.24257
284.76,34.143,34.143,31.021,2.7596,2.6478,0.036665,-0.62843,0.3255,-0.28695
285.08,34.151,34.151,31.019,2.8684,2.525,-0.019541,-0.63143,0.28379,-0.32846
285.4,34.147,34.147,31.016,2.9711,2.3971,-0.076451,-0.63018,0.23642,-0.36483
285.72,34.136,34.136,31.014,3.0691,2.2657,-0.13232,-0.62338,0.18551,-0.39417
286.04,34.123,34.123,31.013,3.1628,2.1316,-0.18582,-0.61035,0.13286,-0.41532
286.36,34.111,34.111,31.015,3.2527,1.9954,-0.2361,-0.59103,0.079871,-0.42782
286.67,34.101,34.101,31.018,3.3384,1.8573,-0.28266,-0.56575,0.027622,-0.43174
286.99,34.094,34.094,31.022,3.4198,1.7172,-0.32528,-0.53509,-0.023069,-0.42749
287.31,34.089,34.089,31.028,3.4962,1.5748,-0.36391,-0.49979,-0.071568,-0.41569
287.63,34.086,34.086,31.035,3.5673,1.43,-0.39858,-0.46058,-0.11736,-0.39706
287.95,34.085,34.085,31.042,3.6325,1.2826,-0.42939,-0.41819,-0.16,-0.37237
288.27,34.084,34.084,31.048,3.6913,1.1326,-0.45643,-0.37329,-0.19909,-0.34238
288.59,34.084,34.084,31.055,3.7434,0.98002,-0.47979,-0.32647,-0.2343,-0.30786
288.91,34.085,34.085,31.061,3.7884,0.82485,-0.49954,-0.27828,-0.2653,-0.26954
289.22,34.086,34.086,31.067,3.8261,0.66726,-0.51576,-0.22917,-0.29179,-0.22814
289.54,34.086,34.086,31.072,3.8562,0.50747,-0.52848,-0.17955,-0.31356,-0.18436
289.86,34.087,34.087,31.076,3.8787,0.34575,-0.53774,-0.12979,-0.33038,-0.1389
290.18,34.087,34.087,31.079,3.8934,0.1824,-0.54357,-0.080205,-0.34212,-0.09241
290.5,34.087,34.087,31.082,3.9002,0.017753,-0.54601,-0.031089,-0.34868,-0.045563
290.82,34.087,34.087,31.083,3.8991,-0.14782,-0.54506,0.017295,-0.35003,0.0010051
291.14,34.087,34.087,31.084,3.8902,-0.31393,-0.54075,0.064709,-0.3462,0.046675
291.46,34.087,34.087,31.084,3.8734,-0.48018,-0.53311,0.11094,-0.33726,0.090855
291.77,34.087,34.087,31.084,3.849,-0.64614,-0.52215,0.15578,-0.32335,0.13298
292.09,34.087,34.087,31.083,3.8169,-0.81138,-0.5079,0.19906,-0.30467,0.17254
292.41,34.087,34.087,31.082,3.7775,-0.97547,-0.49038,0.24062,-0.28146,0.20904
292.73,34.087,34.087,31.08,3.7308,-1.1379,-0.46962,0.28029,-0.25401,0.24204
293.05,34.087,34.087,31.078,3.677,-1.2984,-0.44563,0.31796,-0.22266,0.27117
293.37,34.087,34.087,31.077,3.6165,-1.4563,-0.41846,0.35348,-0.18777,0.2961
293.69,34.087,34.087,31.075,3.5495,-1.6113,-0.38813,0.38676,-0.14974,0.31655
294,34.087,34.087,31.074,3.4763,-1.7629,-0.35467,0.41767,-0.109,0.3323
294.32,34.087,34.087,31.074,3.3972,-1.9108,-0.3181,0.44614,-0.065976,0.34322
294.64,34.087,34.087,31.074,3.3124,-2.0545,-0.27865,0.4719,-0.021305,0.34905
294.96,34.082,34.082,31.074,3.2214,-2.1946,-0.23726,0.49407,0.023628,0.34898
295.28,34.071,34.071,31.074,3.124,-2.3312,-0.19466,0.51212,0.067639,0.34265
295.6,34.051,34.051,31.072,3.0201,-2.4642,-0.15132,0.52585,0.10982,0.33015
295.92,34.023,34.023,31.071,2.9101,-2.5931,-0.10755,0.53528,0.14946,0.3118
296.24,33.985,33.985,31.069,2.7942,-2.7175,-0.063567,0.54053,0.18598,0.28813
296.55,33.939,33.939,31.066,2.6729,-2.8372,-0.019499,0.54181,0.21896,0.25978
296.87,33.883,33.883,31.064,2.5466,-2.9514,0.024537,0.53933,0.24806,0.22745
297.19,33.819,33.819,31.062,2.4157,-3.06,0.068422,0.53329,0.273,0.19184
297.51,33.746,33.746,31.06,2.2806,-3.1625,0.11201,0.52386,0.29355,0.15366
297.83,33.665,33.665,31.059,2.1418,-3.2587,0.15514,0.51119,0.30956,0.1136
298.15,33.576,33.576,31.058,1.9995,-3.3482,0.1976,0.4954,0.32087,0.072315
298.47,33.479,33.479,31.058,1.8541,-3.4311,0.23915,0.47658,0.32742,0.030448
298.79,33.373,33.373,31.058,1.7059,-3.5071,0.27955,0.45481,0.32915,-0.011391
299.1,33.259,33.259,31.059,1.555,-3.5761,0.31849,0.43018,0.32606,-0.052618
299.42,33.137,33.136,31.061,1.4019,-3.6381,0.35568,0.40275,0.31823,-0.092673
299.74,33.006,33.006,31.063,1.2466,-3.6932,0.39081,0.37262,0.30574,-0.13103
300.06,32.866,32.866,31.065,1.0895,-3.7412,0.42357,0.33989,0.28877,-0.16719
300.38,32.719,32.719,31.067,0.93059,-3.7822,0.45361,0.30466,0.26751,-0.20069
300.7,32.563,32.563,31.069,0.77021,-3.8164,0.48064,0.26708,0.24224,-0.23111
301.02,32.398,32.398,31.072,0.60848,-3.8436,0.50434,0.22731,0.21324,-0.25805
301.34,32.225,32.225,31.074,0.4456,-3.864,0.52441,0.18551,0.18089,-0.2812
301.65,32.044,32.044,31.076,0.28173,-3.8776,0.54056,0.1419,0.14555,-0.30024
301.97,31.855,31.855,31.078,0.11704,-3.8846,0.55255,0.096717,0.10767,-0.31494
302.29,31.659,31.659,31.079,-0.048278,-3.885,0.56012,0.05021,0.067697,-0.32511
302.61,31.455,31.455,31.08,-0.21406,-3.8789,0.56309,0.0026696,0.026133,-0.33061
302.93,31.244,31.244,31.08,-0.3801,-3.8663,0.56129,-0.04559,-0.016506,-0.33136
303.25,31.028,31.028,31.079,-0.5462,-3.8473,0.5546,-0.094227,-0.05968,-0.32731
303.57,30.805,30.805,31.077,-0.71216,-3.822,0.54294,-0.14288,-0.10283,-0.3185
303.88,30.578,30.578,31.075,-0.87773,-3.7904,0.5263,-0.19114,-0.14538,-0.305
304.2,30.347,30.347,31.072,-1.0426,-3.7526,0.5047,-0.23862,-0.18675,-0.28693
304.52,30.113,30.113,31.068,-1.2066,-3.7085,0.47827,-0.28486,-0.22635,-0.26447
304.84,29.877,29.877,31.063,-1.3694,-3.6583,0.44714,-0.32942,-0.26359,-0.23784
305.16,29.641,29.641,31.057,-1.5306,-3.6018,0.41158,-0.37184,-0.29786,-0.20731
305.48,29.405,29.405,31.051,-1.6898,-3.539,0.37188,-0.41164,-0.32859,-0.17319
305.8,29.171,29.171,31.045,-1.8467,-3.4699,0.32843,-0.44833,-0.35518,-0.13583
306.12,28.942,28.942,31.038,-2.0008,-3.3944,0.28171,-0.48144,-0.37706,-0.095612
306.43,28.718,28.718,31.031,-2.1515,-3.3124,0.23229,-0.51045,-0.39364,-0.052926
306.75,28.502,28.502,31.024,-2.2984,-3.2239,0.18072,-0.53499,-0.40445,-0.0083261
307.07,28.277,28.277,31.013,-2.4455,-3.1332,0.12304,-0.55896,-0.4137,0.033434
307.39,28.033,28.033,30.996,-2.5953,-3.0426,0.056705,-0.58412,-0.42447,0.069994
307.71,27.792,27.792,30.978,-2.7419,-2.9463,-0.012394,-0.60419,-0.43135,0.10701
308.03,27.584,27.584,30.966,-2.8781,-2.8381,-0.076806,-0.61253,-0.42717,0.15024
308.35,27.427,27.427,30.964,-2.9992,-2.7141,-0.13112,-0.60559,-0.40669,0.20211
308.67,27.327,27.327,30.972,-3.1039,-2.5746,-0.17342,-0.58373,-0.36828,0.26097
308.98,27.278,27.278,30.99,-3.1938,-2.4223,-0.20476,-0.55016,-0.31352,0.32239
309.3,27.267,27.267,31.012,-3.2718,-2.2613,-0.22776,-0.50918,-0.24585,0.38102
309.62,27.28,27.28,31.036,-3.3412,-2.0955,-0.24543,-0.46481,-0.16942,0.43201
309.94,27.307,27.306,31.059,-3.4045,-1.928,-0.26036,-0.42015,-0.088187,0.47174
310.26,27.336,27.336,31.08,-3.4635,-1.7607,-0.27441,-0.37714,-0.0055664,0.49803
310.58,27.364,27.364,31.096,-3.5191,-1.5947,-0.28868,-0.33671,0.075741,0.50996
310.9,27.387,27.387,31.108,-3.5717,-1.4305,-0.30359,-0.29901,0.15369,0.50765
311.22,27.404,27.404,31.117,-3.621,-1.2677,-0.31909,-0.26371,0.22679,0.4919
311.53,27.415,27.415,31.122,-3.6665,-1.1061,-0.3348,-0.23023,0.29392,0.46397
311.85,27.422,27.422,31.125,-3.7076,-0.94507,-0.3502,-0.19791,0.35426,0.42532
312.17,27.425,27.425,31.126,-3.7436,-0.78429,-0.36475,-0.16618,0.40717,0.37749
312.49,27.426,27.426,31.126,-3.7741,-0.6234,-0.37789,-0.13457,0.45211,0.32203
312.81,27.426,27.426,31.125,-3.7986,-0.46219,-0.3892,-0.10277,0.48865,0.26045
313.13,27.425,27.425,31.124,-3.8167,-0.30059,-0.39829,-0.070627,0.51644,0.19418
313.45,27.424,27.424,31.122,-3.8281,-0.13865,-0.40491,-0.038098,0.5352,0.12461
313.76,27.423,27.423,31.12,-3.8327,0.023485,-0.40887,-0.0052614,0.54471,0.053043
314.08,27.422,27.422,31.117,-3.8305,0.1856,-0.41009,0.027724,0.54489,-0.019241
314.4,27.421,27.421,31.115,-3.8214,0.34742,-0.40855,0.060638,0.53573,-0.091028
314.72,27.421,27.421,31.113,-3.8054,0.50861,-0.40429,0.093216,0.51734,-0.16115
315.04,27.42,27.42,31.111,-3.7827,0.66883,-0.39741,0.12517,0.48995,-0.2285
315.36,27.42,27.42,31.108,-3.7535,0.82769,-0.38807,0.15618,0.45388,-0.29202
315.68,27.42,27.42,31.105,-3.7177,0.98482,-0.37648,0.18595,0.40957,-0.35073
316,27.42,27.42,31.101,-3.6758,1.1398,-0.36287,0.21416,0.35759,-0.40374
316.31,27.42,27.42,31.097,-3.6279,1.2922,-0.34755,0.24051,0.29856,-0.45025
316.63,27.42,27.42,31.092,-3.5744,1.4417,-0.33083,0.26472,0.23322,-0.48953
316.95,27.42,27.42,31.086,-3.5154,1.5879,-0.31307,0.28651,0.16237,-0.521
317.27,27.42,27.42,31.079,-3.4514,1.7302,-0.29472,0.30557,0.086809,-0.54422
317.59,27.422,27.422,31.072,-3.382,1.8691,-0.27552,0.32239,0.0081489,-0.55816
317.91,27.445,27.445,31.067,-3.3033,2.0082,-0.25139,0.34081,-0.068062,-0.55865
318.23,27.478,27.478,31.064,-3.2177,2.1448,-0.22504,0.35758,-0.14332,-0.54886
318.56,27.484,27.484,31.051,-3.1327,2.2726,-0.20593,0.36371,-0.2285,-0.53717
