-99.982,217.57,20.042,-1.3387,0.41491,21.978,0.209,-16.592
-99.837,212.23,20.283,-1.5635,0.96276,18.964,0.64672,-15.679
-99.58,207.34,20.617,-1.5238,1.0815,16.559,0.93073,-14.946
-99.262,202.65,20.95,-1.5191,0.98436,15.353,1.0155,-14.58
-98.979,198.03,21.233,-1.5387,0.78924,14.894,0.65114,-14.468
-99.02,193.41,21.448,-1.6445,0.56854,14.912,-1.3238,-14.43
-100.23,188.96,21.6,-1.9145,0.41093,14.951,-6.3815,-13.336
-102.82,184.93,21.722,-2.0495,0.36793,14.562,-8.9298,-12.218
-105.57,181.01,21.831,-2.0044,0.30308,14.33,-8.1413,-12.496
-107.99,176.95,21.909,-1.9459,0.18867,14.5,-7.1209,-12.992
-110.1,172.72,21.949,-1.8895,0.068105,14.898,-6.1318,-13.479
-111.89,168.35,21.954,-1.8342,-0.032871,15.38,-5.1447,-13.931
-113.3,163.83,21.93,-1.748,-0.10792,15.872,-3.5438,-14.434
-114.13,159.16,21.887,-1.663,-0.15703,16.337,-1.8717,-14.815
-114.56,154.41,21.834,-1.6187,-0.17005,16.673,-0.97743,-14.979
-114.79,149.62,21.782,-1.5956,-0.15449,16.86,-0.50784,-15.052
-114.91,144.82,21.737,-1.5836,-0.12418,16.934,-0.26289,-15.079
-114.97,140.01,21.703,-1.5774,-0.089999,16.934,-0.13587,-15.08
-115,135.21,21.68,-1.5742,-0.058672,16.896,-0.070208,-15.069
-115.01,130.41,21.665,-1.5726,-0.03343,16.841,-0.036294,-15.052
-115.02,125.62,21.658,-1.5717,-0.015116,16.787,-0.018781,-15.036
-115.03,120.83,21.655,-1.5713,-0.0031664,16.741,-0.0097321,-15.022
-115.03,116.04,21.656,-1.571,0.0036512,16.705,-0.0050536,-15.011
-115.03,111.26,21.657,-1.5709,0.0067414,16.68,-0.0026329,-15.004
-115.03,106.48,21.66,-1.5709,0.0073966,16.665,-0.0013796,-15
-115.03,101.7,21.662,-1.5708,0.0066605,16.657,-0.00073045,-14.997
-115.03,96.916,21.664,-1.5708,0.0052921,16.655,-0.0003941,-14.996
-115.03,92.136,21.665,-1.5708,0.0037879,16.655,-0.00021979,-14.996
-115.03,87.357,21.666,-1.5708,0.0024319,16.657,-0.00012946,-14.997
-115.03,82.577,21.667,-1.5708,0.0013537,16.659,-8.2636e-05,-14.998
-115.03,77.797,21.667,-1.5708,0.00058135,16.662,-5.8373e-05,-14.998
-115.03,73.016,21.667,-1.5708,8.5111e-05,16.664,-4.5802e-05,-14.999
-115.03,68.236,21.667,-1.5708,-0.00019144,16.665,-3.9291e-05,-15
-115.03,63.455,21.667,-1.5708,-0.00031053,16.666,-3.5922e-05,-15
-115.03,58.675,21.667,-1.5708,-0.00032837,16.667,-3.418e-05,-15
-115.03,53.894,21.667,-1.5708,-0.0002897,16.667,-3.3282e-05,-15
-115.03,49.113,21.667,-1.5708,-0.00022664,16.667,-3.2822e-05,-15
-115.03,44.333,21.667,-1.5708,-0.00015984,16.667,-3.2588e-05,-15
-115.03,39.552,21.667,-1.5708,-0.00010086,16.667,-3.2472e-05,-15
-115.03,34.771,21.667,-1.5708,-5.4681e-05,16.667,-3.2417e-05,-15
-115.03,29.991,21.667,-1.5708,-2.209e-05,16.667,-3.2393e-05,-15
-115.03,25.21,21.667,-1.5708,-1.5072e-06,16.667,-3.2386e-05,-15
-115.03,20.429,21.667,-1.5708,9.6663e-06,16.667,-3.2387e-05,-15
-115.03,15.649,21.667,-1.5712,1.2802e-05,16.667,-0.0074426,-15
-115.04,10.868,21.667,-1.5696,-5.6738e-05,16.667,0.012539,-15.001
-114.91,6.0898,21.667,-1.5215,0.0007522,16.663,0.94644,-14.973
-114.43,1.3297,21.668,-1.4692,0.0052309,16.637,1.9988,-14.892
-113.63,-3.3956,21.671,-1.4215,0.014434,16.577,2.9408,-14.756
-112.54,-8.0679,21.677,-1.3733,0.028332,16.475,3.8839,-14.561
-111.15,-12.668,21.689,-1.3248,0.04627,16.328,4.8163,-14.307
-109.46,-17.178,21.707,-1.276,0.067329,16.133,5.7344,-13.993
-107.49,-21.578,21.733,-1.227,0.090592,15.892,6.6344,-13.621
-105.23,-25.85,21.766,-1.1776,0.11528,15.606,7.5129,-13.191
-102.69,-29.976,21.806,-1.1278,0.14079,15.275,8.3663,-12.705
-99.89,-33.938,21.856,-1.0776,0.16674,14.901,9.1913,-12.164
-96.829,-37.718,21.913,-1.0269,0.19287,14.484,9.9845,-11.57
-93.522,-41.301,21.979,-0.97566,0.21908,14.026,10.743,-10.923
-89.978,-44.669,22.053,-0.92387,0.24532,13.525,11.462,-10.226
-86.213,-47.806,22.135,-0.87146,0.27162,12.983,12.139,-9.4797
-82.239,-50.699,22.226,-0.81839,0.29799,12.397,12.77,-8.6873
-78.073,-53.331,22.326,-0.7646,0.32447,11.77,13.351,-7.8507
-73.729,-55.69,22.433,-0.71005,0.35107,11.099,13.879,-6.9726
-69.227,-57.762,22.55,-0.65469,0.3778,10.386,14.351,-6.0561
-64.584,-59.537,22.675,-0.59849,0.40461,9.6288,14.761,-5.1046
-59.82,-61.003,22.808,-0.54139,0.43147,8.829,15.108,-4.1222
-54.957,-62.152,22.95,-0.48335,0.45828,7.9867,15.388,-3.113
-50.017,-62.975,23.1,-0.42433,0.48496,7.1024,15.598,-2.082
-45.021,-63.467,23.259,-0.36428,0.51136,6.1771,15.736,-1.0343
-39.993,-63.623,23.426,-0.30317,0.53735,5.212,15.799,0.024486
-34.958,-63.44,23.602,-0.24094,0.56275,4.2089,15.785,1.0884
-29.94,-62.918,23.785,-0.17756,0.58737,3.1698,15.694,2.1511
-24.964,-62.059,23.976,-0.11299,0.61099,2.0972,15.526,3.2061
-20.054,-60.866,24.175,-0.047177,0.63336,0.994,15.28,4.2467
-15.235,-59.344,24.38,0.019912,0.65423,-0.13622,14.957,5.2661
-10.532,-57.502,24.592,0.088323,0.6733,-1.2894,14.559,6.2574
-5.967,-55.349,24.809,0.1581,0.69027,-2.461,14.089,7.2143
-1.5637,-52.898,25.032,0.22929,0.70481,-3.6456,13.549,8.1301
2.657,-50.163,25.258,0.30194,0.71655,-4.8374,12.945,8.9992
6.675,-47.159,25.488,0.37609,0.72513,-6.0297,12.28,9.8161
10.472,-43.904,25.72,0.45181,0.73014,-7.2153,11.561,10.576
14.032,-40.417,25.953,0.52913,0.73118,-8.386,10.792,11.275
17.339,-36.717,26.186,0.60807,0.7278,-9.533,9.9813,11.911
20.383,-32.827,26.417,0.6883,0.71914,-10.644,9.1386,12.477
23.142,-28.756,26.644,0.78244,0.71018,-11.736,8.1673,13.065
25.554,-24.49,26.871,0.8961,0.7151,-12.892,6.9857,13.667
27.573,-20.054,27.1,1.0147,0.72422,-14.086,5.7216,14.129
29.194,-15.5,27.331,1.128,0.71672,-15.205,4.5046,14.416
30.45,-10.878,27.554,1.2278,0.67768,-16.132,3.4447,14.559
31.402,-6.2273,27.758,1.3101,0.60458,-16.799,2.5893,14.618
32.114,-1.563,27.935,1.3752,0.50627,-17.2,1.9301,14.649
32.644,3.1109,28.079,1.4252,0.39689,-17.377,1.433,14.682
33.037,7.7969,28.188,1.4631,0.29017,-17.391,1.0613,14.725
33.327,12.498,28.264,1.4915,0.19609,-17.305,0.78399,14.777
33.541,17.217,28.314,1.5127,0.12008,-17.174,0.57741,14.831
33.699,21.952,28.342,1.5283,0.063492,-17.033,0.42387,14.881
33.814,26.702,28.356,1.5399,0.024848,-16.906,0.31013,14.923
33.899,31.464,28.359,1.5483,0.001057,-16.805,0.22622,14.956
33.96,36.234,28.357,1.5545,-0.011531,-16.731,0.16457,14.979
34.005,41.011,28.353,1.559,-0.016414,-16.683,0.11945,14.994
34.037,45.792,28.347,1.5622,-0.016537,-16.655,0.08652,15.003
34.061,50.574,28.342,1.5646,-0.01414,-16.642,0.06255,15.007
34.078,55.357,28.338,1.5663,-0.010771,-16.639,0.045131,15.008
34.09,60.141,28.336,1.5676,-0.0073886,-16.641,0.032487,15.008
34.099,64.923,28.334,1.5685,-0.0045002,-16.646,0.023315,15.006
34.105,69.706,28.333,1.5691,-0.0023007,-16.652,0.016664,15.004
34.109,74.488,28.332,1.5696,-0.00079155,-16.657,0.011841,15.003
34.113,79.269,28.332,1.57,0.00012821,-16.661,0.0083448,15.002
34.115,84.05,28.332,1.5702,0.00059918,-16.664,0.0058094,15.001
34.116,88.831,28.332,1.5704,0.0007621,-16.666,0.0039709,15
34.117,93.611,28.333,1.5705,0.00073713,-16.667,0.0026374,15
34.118,98.392,28.333,1.5706,0.00061578,-16.668,0.0016703,15
34.118,103.17,28.333,1.5707,0.00046092,-16.668,0.00096876,15
34.119,107.95,28.333,1.5708,0.00031093,-16.668,0.00045986,15
34.119,112.73,28.333,1.5708,0.00018552,-16.668,9.0674e-05,15
34.119,117.51,28.333,1.5708,9.1583e-05,-16.667,-0.00021821,15
34.115,122.29,28.333,1.5745,0.00010714,-16.667,-0.035455,15.002
34.133,127.08,28.333,1.5347,0.00019565,-16.669,0.32671,14.991
34.464,131.83,28.332,1.3905,-0.012548,-16.602,1.7556,14.858
35.164,136.55,28.323,1.3337,-0.042679,-16.408,2.371,14.799
35.849,141.29,28.307,1.3927,-0.048943,-16.293,1.8185,14.946
36.271,146.08,28.296,1.4921,-0.023766,-16.355,0.82716,15.059
36.356,150.88,28.293,1.6001,0.0049509,-16.486,-0.25957,15.051
36.094,155.66,28.297,1.7095,0.013895,-16.553,-1.353,14.942
35.484,160.39,28.299,1.8186,-0.0071626,-16.463,-2.4343,14.762
34.533,165.06,28.289,1.9266,-0.058577,-16.163,-3.5038,14.527
33.241,169.65,28.258,2.0329,-0.13489,-15.635,-4.5661,14.243
31.612,174.13,28.2,2.1373,-0.22799,-14.886,-5.6245,13.907
29.646,178.5,28.111,2.2393,-0.32925,-13.94,-6.6787,13.51
27.345,182.73,27.989,2.339,-0.43098,-12.827,-7.7242,13.044
24.714,186.8,27.836,2.4363,-0.52707,-11.584,-8.7527,12.498
21.759,190.68,27.653,2.5312,-0.6133,-10.243,-9.7531,11.866
18.491,194.35,27.445,2.6238,-0.68721,-8.8349,-10.713,11.144
14.927,197.77,27.216,2.7142,-0.74782,-7.3861,-11.619,10.332
11.083,200.92,26.969,2.8025,-0.7952,-5.9172,-12.46,9.433
6.9846,203.76,26.71,2.8888,-0.83007,-4.4453,-13.223,8.4532
2.6568,206.29,26.441,2.9732,-0.85355,-2.9839,-13.899,7.4007
-1.871,208.46,26.167,3.3132,-0.86687,-1.544,-14.48,6.2853
-6.5674,210.28,25.89,0.33638,-0.87125,-0.13495,-14.959,5.1181
-11.399,211.71,25.612,-3.3249,-0.86782,1.2357,-15.332,3.9111
-16.332,212.75,25.337,-2.9914,-0.85761,2.5616,-15.596,2.6762
-21.331,213.4,25.066,-2.9161,-0.84155,3.8371,-15.751,1.4258
-26.361,213.65,24.801,-2.8426,-0.82049,5.0579,-15.796,0.17131
-31.388,213.5,24.544,-2.7708,-0.79521,6.2206,-15.734,-1.076
-36.378,212.95,24.295,-2.7006,-0.76642,7.3226,-15.568,-2.3061
-41.298,212.02,24.056,-2.6319,-0.73481,8.3622,-15.302,-3.5097
-46.118,210.71,23.827,-2.5647,-0.701,9.3385,-14.94,-4.6787
-50.808,209.03,23.61,-2.4988,-0.66556,10.251,-14.49,-5.8059
-55.34,207,23.404,-2.4341,-0.629,11.101,-13.955,-6.8851
-59.689,204.64,23.209,-2.3707,-0.59175,11.889,-13.343,-7.9111
-63.831,201.95,23.027,-2.3083,-0.55417,12.615,-12.658,-8.8793
-67.744,198.97,22.856,-2.2468,-0.51655,13.281,-11.907,-9.7861
-71.407,195.71,22.698,-2.1863,-0.47909,13.888,-11.095,-10.628
-74.802,192.2,22.551,-2.1266,-0.44196,14.437,-10.229,-11.403
-77.913,188.45,22.417,-2.0675,-0.40525,14.929,-9.3141,-12.108
-80.725,184.48,22.293,-2.0091,-0.36901,15.366,-8.355,-12.741
-83.225,180.33,22.182,-1.9512,-0.33327,15.747,-7.3574,-13.301
-85.401,176.01,22.081,-1.8939,-0.29801,16.075,-6.3268,-13.786
-87.248,171.54,21.992,-1.8383,-0.263,16.347,-5.2962,-14.19
-88.711,166.96,21.914,-1.7577,-0.23105,16.58,-3.7713,-14.607
-89.602,162.24,21.844,-1.6681,-0.20563,16.801,-1.9888,-14.943
-90.06,157.45,21.784,-1.6208,-0.17307,16.944,-1.0257,-15.058
-90.297,152.65,21.735,-1.5967,-0.13304,16.99,-0.53099,-15.09
-90.42,147.84,21.699,-1.5842,-0.092952,16.97,-0.27493,-15.089
-90.483,143.03,21.676,-1.5778,-0.058202,16.915,-0.14257,-15.074
-90.516,138.23,21.662,-1.5744,-0.031255,16.85,-0.074144,-15.055
-90.533,133.43,21.655,-1.5727,-0.012367,16.789,-0.038745,-15.037
-90.542,128.65,21.653,-1.5718,-0.00051841,16.738,-0.020414,-15.021
-90.547,123.86,21.654,-1.5713,0.0058556,16.701,-0.010912,-15.01
-90.55,119.08,21.657,-1.5711,0.0083865,16.676,-0.0059818,-15.003
-90.551,114.3,21.659,-1.571,0.0085028,16.661,-0.0034224,-14.998
-90.552,109.52,21.662,-1.5709,0.0073179,16.654,-0.002093,-14.996
-90.553,104.74,21.664,-1.5709,0.0056142,16.652,-0.0014023,-14.996
-90.553,99.958,21.665,-1.5708,0.0038843,16.654,-0.0010434,-14.996
-90.553,95.178,21.666,-1.5708,0.0023941,16.656,-0.00085697,-14.997
-90.554,90.398,21.667,-1.5708,0.0012499,16.659,-0.00076016,-14.998
-90.554,85.618,21.667,-1.5708,0.00045777,16.662,-0.00070993,-14.998
-90.554,80.838,21.667,-1.5708,-3.0922e-05,16.664,-0.00068392,-14.999
-90.554,76.058,21.667,-1.5708,-0.00028644,16.665,-0.0006705,-15
-90.554,71.277,21.667,-1.5708,-0.00038041,16.666,-0.00066362,-15
-90.555,66.496,21.667,-1.5708,-0.00037462,16.667,-0.00066014,-15
-90.555,61.716,21.667,-1.5708,-0.0003166,16.667,-0.00065843,-15
-90.555,56.935,21.667,-1.5708,-0.0002393,16.667,-0.00065764,-15
-90.555,52.154,21.667,-1.5708,-0.00016307,16.667,-0.00065733,-15
-90.555,47.374,21.667,-1.5708,-9.8591e-05,16.667,-0.00065727,-15
-90.556,42.593,21.667,-1.5708,-4.9822e-05,16.667,-0.00065734,-15
-90.556,37.812,21.667,-1.5708,-1.6564e-05,16.667,-0.00065748,-15
-90.556,33.032,21.667,-1.5708,3.5621e-06,16.667,-0.00065765,-15
-90.556,28.251,21.667,-1.5708,1.375e-05,16.667,-0.00065785,-15
-90.557,23.47,21.667,-1.5708,1.7154e-05,16.667,-0.00065805,-15
-90.557,18.69,21.667,-1.5711,1.6013e-05,16.667,-0.0042489,-15
-90.565,13.909,21.667,-1.5714,-4.8517e-05,16.667,-0.01893,-15.001
-90.467,9.1299,21.667,-1.5288,0.00049685,16.664,0.79961,-14.98
-90.022,4.367,21.667,-1.4742,0.0045022,16.642,1.8987,-14.903
-89.264,-0.3631,21.67,-1.4272,0.013155,16.586,2.8299,-14.774
-88.208,-5.0428,21.676,-1.3794,0.026421,16.49,3.7646,-14.588
-86.856,-9.6537,21.688,-1.3315,0.043704,16.349,4.6895,-14.344
-85.211,-14.177,21.705,-1.2832,0.064124,16.162,5.6009,-14.042
-83.279,-18.595,21.729,-1.2347,0.086776,15.93,6.4952,-13.682
-81.064,-22.889,21.76,-1.1858,0.11088,15.653,7.369,-13.265
-78.575,-27.04,21.8,-1.1365,0.13585,15.332,8.2188,-12.793
-75.82,-31.032,21.847,-1.0869,0.16127,14.969,9.0414,-12.267
-72.807,-34.848,21.903,-1.0367,0.1869,14.564,9.8335,-11.687
-69.548,-38.471,21.967,-0.98607,0.21261,14.118,10.592,-11.057
-66.052,-41.884,22.039,-0.93486,0.23837,13.63,11.313,-10.376
-62.334,-45.072,22.119,-0.88305,0.26418,13.102,11.993,-9.6468
-58.406,-48.021,22.207,-0.83059,0.29007,12.531,12.629,-8.8715
-54.283,-50.715,22.304,-0.77743,0.31607,11.919,13.217,-8.0522
-49.981,-53.14,22.409,-0.72354,0.34221,11.265,13.754,-7.1913
-45.517,-55.286,22.523,-0.66886,0.36847,10.568,14.236,-6.2918
-40.908,-57.138,22.644,-0.61334,0.39485,9.8283,14.659,-5.3569
-36.175,-58.687,22.774,-0.55695,0.42128,9.0465,15.02,-4.3904
-31.338,-59.924,22.913,-0.49965,0.44771,8.2226,15.316,-3.3964
-26.417,-60.84,23.06,-0.44138,0.47404,7.3572,15.544,-2.3793
-21.435,-61.428,23.215,-0.38211,0.50014,6.451,15.702,-1.3443
-16.415,-61.685,23.379,-0.32179,0.5259,5.5052,15.787,-0.29649
-11.38,-61.606,23.551,-0.26039,0.55113,4.5214,15.797,0.75823
-6.354,-61.191,23.731,-0.19786,0.57567,3.5013,15.731,1.8139
-1.3618,-60.44,23.918,-0.13415,0.5993,2.4472,15.589,2.8641
3.5725,-59.356,24.113,-0.069241,0.62179,1.362,15.369,3.9023
8.4244,-57.944,24.314,-0.003076,0.6429,0.24886,15.074,4.922
13.17,-56.211,24.523,0.064384,0.66236,-0.88845,14.705,5.9165
17.786,-54.166,24.737,0.13318,0.67986,-2.0456,14.263,6.8792
22.249,-51.821,24.956,0.20336,0.69509,-3.2176,13.752,7.8039
26.539,-49.188,25.179,0.27496,0.70771,-4.3989,13.175,8.6844
30.635,-46.282,25.407,0.34803,0.71735,-5.5832,12.537,9.5154
34.518,-43.12,25.636,0.42262,0.72363,-6.7636,11.842,10.292
38.171,-39.72,25.868,0.49877,0.72616,-7.9325,11.097,11.01
41.579,-36.102,26.099,0.57653,0.7245,-9.0814,10.308,11.666
44.729,-32.285,26.329,0.65543,0.71807,-10.2,9.4841,12.255
47.61,-28.289,26.556,0.74042,0.70714,-11.282,8.5981,12.81
50.171,-24.102,26.781,0.85148,0.70784,-12.406,7.4621,13.455
52.338,-19.719,27.009,0.97395,0.72353,-13.624,6.1682,14.002
54.091,-15.193,27.241,1.0935,0.73001,-14.82,4.8825,14.356
55.454,-10.584,27.471,1.2004,0.70616,-15.857,3.738,14.537
56.486,-5.9371,27.687,1.2893,0.64435,-16.636,2.805,14.608
57.256,-1.276,27.877,1.3597,0.55105,-17.131,2.0852,14.638
57.828,3.3934,28.035,1.4138,0.4407,-17.375,1.5443,14.665
58.25,8.0734,28.157,1.4548,0.32869,-17.43,1.1416,14.704
58.563,12.768,28.245,1.4855,0.22706,-17.363,0.84242,14.755
58.793,17.48,28.303,1.5083,0.14295,-17.233,0.62008,14.81
58.962,22.209,28.337,1.5251,0.078942,-17.086,0.45506,14.864
59.086,26.954,28.355,1.5376,0.034198,-16.948,0.3329,14.91
59.177,31.712,28.36,1.5466,0.0058466,-16.835,0.24279,14.947
59.243,36.48,28.359,1.5533,-0.0098403,-16.75,0.1766,14.973
59.291,41.256,28.355,1.5581,-0.016603,-16.694,0.12816,14.991
59.325,46.035,28.349,1.5616,-0.017689,-16.66,0.092825,15.002
59.35,50.818,28.344,1.5642,-0.01563,-16.643,0.067119,15.007
59.369,55.601,28.34,1.566,-0.01222,-16.637,0.048451,15.009
59.382,60.384,28.336,1.5673,-0.0086011,-16.639,0.034913,15.008
59.391,65.167,28.334,1.5683,-0.0054084,-16.644,0.025101,15.007
59.398,69.95,28.333,1.569,-0.0029133,-16.65,0.017994,15.005
59.403,74.732,28.332,1.5695,-0.0011569,-16.655,0.012846,15.003
59.406,79.513,28.332,1.5699,-5.192e-05,-16.66,0.0091169,15.002
59.409,84.294,28.332,1.5702,0.0005441,-16.663,0.006416,15.001
59.41,89.075,28.332,1.5704,0.00078166,-16.666,0.0044595,15
59.412,93.856,28.333,1.5705,0.00079356,-16.667,0.003042,15
59.412,98.636,28.333,1.5706,0.00068356,-16.668,0.002015,15
59.413,103.42,28.333,1.5707,0.00052481,-16.668,0.0012708,15
59.413,108.2,28.333,1.5707,0.00036339,-16.668,0.00073147,15
59.413,112.98,28.333,1.5708,0.0002242,-16.668,0.00034063,15
59.413,117.76,28.333,1.5708,0.00011726,-16.667,5.737e-05,15
59.413,122.54,28.333,1.5716,4.7005e-05,-16.667,-0.0073031,15
59.406,127.32,28.333,1.5692,0.00028695,-16.668,0.0070378,15.003
59.526,132.1,28.333,1.4741,-0.0025135,-16.656,0.92047,14.951
60.031,136.84,28.33,1.3603,-0.023369,-16.537,2.0792,14.824
60.727,141.57,28.318,1.3638,-0.044616,-16.371,2.0896,14.871
61.275,146.33,28.305,1.4449,-0.035286,-16.345,1.2984,15.012
61.52,151.13,28.298,1.5483,-0.0079697,-16.445,0.26006,15.063
61.425,155.92,28.299,1.6566,0.010635,-16.545,-0.82611,15.002
60.983,160.68,28.302,1.7656,0.0040069,-16.532,-1.9094,14.857
60.199,165.38,28.298,1.8738,-0.032855,-16.335,-2.9808,14.65
59.074,170.01,28.277,1.9807,-0.097225,-15.918,-4.0431,14.391
57.611,174.55,28.233,2.0857,-0.18224,-15.277,-5.1004,14.083
55.812,178.98,28.159,2.1887,-0.27952,-14.428,-6.1542,13.718
53.679,183.28,28.053,2.2893,-0.38094,-13.397,-7.2023,13.289
51.212,187.43,27.916,2.3875,-0.47965,-12.219,-8.2382,12.785
48.419,191.41,27.747,2.4834,-0.57058,-10.927,-9.2521,12.198
45.309,195.19,27.552,2.577,-0.65042,-9.553,-10.232,11.522
41.893,198.74,27.334,2.6684,-0.71752,-8.1254,-11.166,10.756
38.188,202.03,27.096,2.7577,-0.77142,-6.6671,-12.04,9.902
34.217,205.04,26.843,2.845,-0.81254,-5.1969,-12.843,8.9632
30.003,207.73,26.579,2.9303,-0.84181,-3.7299,-13.565,7.947
25.574,210.08,26.307,3.066,-0.86036,-2.2784,-14.195,6.8625
20.96,212.08,26.031,2.851,-0.8694,-0.8526,-14.727,5.7201
16.193,213.71,25.754,-2.2799,-0.87009,0.53908,-15.154,4.5315
11.308,214.96,25.477,-3.1469,-0.86348,1.8894,-15.475,3.3087
6.3381,215.81,25.204,-2.9542,-0.85052,3.1923,-15.685,2.064
1.3196,216.26,24.936,-2.8798,-0.83208,4.4427,-15.786,0.80943
-3.7132,216.31,24.674,-2.8071,-0.80896,5.6365,-15.778,-0.44349
-8.726,215.97,24.421,-2.7361,-0.7819,6.7704,-15.665,-1.6839
-13.686,215.23,24.177,-2.6666,-0.7516,7.8424,-15.449,-2.9021
-18.561,214.11,23.942,-2.5987,-0.71873,8.851,-15.136,-4.0892
-23.32,212.61,23.719,-2.5322,-0.6839,9.7958,-14.731,-5.2376
-27.936,210.76,23.507,-2.467,-0.64766,10.677,-14.239,-6.3407
-32.382,208.57,23.307,-2.403,-0.61052,11.495,-13.666,-7.3929
-36.633,206.04,23.118,-2.3402,-0.5729,12.251,-13.019,-8.3894
-40.667,203.22,22.942,-2.2784,-0.53513,12.946,-12.303,-9.3262
-44.461,200.1,22.778,-2.2176,-0.49747,13.581,-11.523,-10.2
-47.998,196.71,22.625,-2.1576,-0.46013,14.158,-10.687,-11.008
-51.259,193.08,22.485,-2.0983,-0.42321,14.678,-9.7989,-11.747
-54.23,189.22,22.356,-2.0398,-0.38679,15.142,-8.8645,-12.416
-56.896,185.17,22.238,-1.9818,-0.35091,15.551,-7.8891,-13.014
-59.245,180.93,22.132,-1.9243,-0.31555,15.906,-6.8777,-13.537
-61.267,176.54,22.037,-1.8677,-0.28065,16.207,-5.8447,-13.984
-62.955,172.02,21.954,-1.8074,-0.24622,16.455,-4.7204,-14.37
-64.171,167.37,21.88,-1.7125,-0.21817,16.683,-2.8833,-14.791
-64.832,162.61,21.815,-1.6427,-0.19108,16.877,-1.471,-15.011
-65.172,157.82,21.76,-1.608,-0.15456,16.973,-0.76217,-15.078
-65.348,153.01,21.717,-1.59,-0.11392,16.985,-0.39476,-15.092
-65.44,148.2,21.687,-1.5808,-0.076,16.946,-0.20468,-15.083
-65.487,143.4,21.668,-1.576,-0.044808,16.885,-0.10638,-15.065
-65.512,138.6,21.658,-1.5735,-0.021692,16.82,-0.055511,-15.046
-65.525,133.81,21.654,-1.5722,-0.0062353,16.764,-0.029163,-15.029
-65.532,129.02,21.653,-1.5716,0.0028931,16.719,-0.015502,-15.016
-65.535,124.23,21.655,-1.5712,0.0073221,16.688,-0.0084121,-15.006
-65.537,119.45,21.658,-1.571,0.0086039,16.668,-0.0047296,-15
-65.538,114.67,21.661,-1.5709,0.0080241,16.657,-0.0028157,-14.997
-65.539,109.89,21.663,-1.5709,0.0065389,16.653,-0.0018207,-14.996
-65.54,105.11,21.665,-1.5709,0.0047897,16.653,-0.0013033,-14.996
-65.54,100.33,21.666,-1.5708,0.0031564,16.655,-0.0010343,-14.996
-65.54,95.554,21.667,-1.5708,0.0018244,16.657,-0.00089447,-14.997
-65.54,90.774,21.667,-1.5708,0.00084795,16.66,-0.00082184,-14.998
-65.541,85.994,21.667,-1.5708,0.00020399,16.663,-0.00078416,-14.999
-65.541,81.213,21.667,-1.5708,-0.00016861,16.665,-0.00076467,-14.999
-65.541,76.433,21.667,-1.5708,-0.00034216,16.666,-0.00075464,-15
-65.541,71.652,21.667,-1.5708,-0.00038433,16.667,-0.00074953,-15
-65.542,66.872,21.667,-1.5708,-0.00035041,16.667,-0.00074699,-15
-65.542,62.091,21.667,-1.5708,-0.00028097,16.667,-0.00074578,-15
-65.542,57.31,21.667,-1.5708,-0.00020281,16.667,-0.00074526,-15
-65.542,52.529,21.667,-1.5708,-0.00013148,16.667,-0.00074511,-15
-65.543,47.749,21.667,-1.5708,-7.4243e-05,16.667,-0.00074514,-15
-65.543,42.968,21.667,-1.5708,-3.2896e-05,16.667,-0.00074527,-15
-65.543,38.187,21.667,-1.5708,-6.0703e-06,16.667,-0.00074546,-15
-65.543,33.407,21.667,-1.5708,9.0947e-06,16.667,-0.00074567,-15
-65.544,28.626,21.667,-1.5708,1.5831e-05,16.667,-0.00074589,-15
-65.544,23.845,21.667,-1.5708,1.7093e-05,16.667,-0.00074613,-15
-65.546,19.065,21.667,-1.5722,4.8776e-06,16.667,-0.026853,-15.001
-65.542,14.284,21.667,-1.56,-3.8307e-05,16.667,0.19089,-14.998
-65.302,9.5098,21.667,-1.5021,0.0017141,16.658,1.3381,-14.952
-64.709,4.7596,21.668,-1.4532,0.0077953,16.621,2.3151,-14.852
-63.818,0.049803,21.672,-1.4058,0.018562,16.548,3.2495,-14.698
-62.629,-4.6014,21.681,-1.358,0.033711,16.432,4.179,-14.487
-61.146,-9.1757,21.694,-1.31,0.052477,16.271,5.0969,-14.217
-59.373,-13.654,21.715,-1.2617,0.07395,16.064,5.9999,-13.889
-57.315,-18.019,21.742,-1.2131,0.097277,15.812,6.8842,-13.505
-54.978,-22.253,21.777,-1.1641,0.12176,15.516,7.7466,-13.064
-52.371,-26.336,21.82,-1.1148,0.1469,15.177,8.5837,-12.568
-49.502,-30.253,21.871,-1.065,0.17237,14.796,9.3923,-12.019
-46.38,-33.986,21.93,-1.0147,0.19797,14.374,10.169,-11.418
-43.016,-37.519,21.997,-0.96384,0.22364,13.91,10.91,-10.766
-39.422,-40.837,22.073,-0.91244,0.24935,13.405,11.613,-10.065
-35.611,-43.923,22.157,-0.86042,0.27513,12.859,12.274,-9.3166
-31.597,-46.763,22.249,-0.80773,0.301,12.272,12.889,-8.5229
-27.395,-49.343,22.349,-0.75432,0.327,11.642,13.455,-7.6863
-23.021,-51.649,22.457,-0.70016,0.35314,10.97,13.968,-6.8095
-18.493,-53.67,22.574,-0.64519,0.3794,10.256,14.424,-5.8954
-13.829,-55.394,22.699,-0.58937,0.40575,9.4991,14.821,-4.9477
-9.0486,-56.811,22.833,-0.53265,0.43214,8.7002,15.154,-3.97
-4.1731,-57.912,22.975,-0.47501,0.45848,7.8595,15.422,-2.9667
0.77642,-58.69,23.125,-0.41638,0.48468,6.9776,15.62,-1.9425
5.7774,-59.138,23.284,-0.35674,0.51061,6.0555,15.747,-0.90246
10.807,-59.253,23.451,-0.29603,0.53611,5.0945,15.8,0.14784
15.841,-59.033,23.626,-0.23423,0.56102,4.0961,15.778,1.2026
20.856,-58.477,23.809,-0.17127,0.58516,3.0626,15.68,2.2556
25.826,-57.586,23.999,-0.10713,0.60829,1.9962,15.506,3.3005
30.729,-56.364,24.197,-0.041771,0.6302,0.90006,15.255,4.3308
35.54,-54.817,24.401,0.02486,0.65061,-0.22248,14.929,5.3397
40.234,-52.953,24.611,0.0928,0.66925,-1.3674,14.53,6.3207
44.789,-50.782,24.828,0.16209,0.68581,-2.5301,14.059,7.2674
49.183,-48.316,25.049,0.23278,0.69996,-3.7054,13.521,8.1735
53.395,-45.568,25.274,0.30491,0.71136,-4.8875,12.919,9.0334
57.405,-42.555,25.502,0.37852,0.71964,-6.0698,12.257,9.8417
61.196,-39.293,25.732,0.45366,0.7244,-7.2451,11.542,10.594
64.75,-35.802,25.963,0.53038,0.72524,-8.4056,10.779,11.286
68.055,-32.099,26.194,0.60869,0.72173,-9.5424,9.9746,11.915
71.097,-28.208,26.423,0.68795,0.71295,-10.643,9.1413,12.475
73.858,-24.138,26.648,0.78285,0.70415,-11.726,8.1671,13.07
76.263,-19.866,26.873,0.90194,0.71368,-12.897,6.9355,13.705
78.258,-15.415,27.104,1.0249,0.72955,-14.128,5.622,14.176
79.841,-10.847,27.336,1.1405,0.72595,-15.279,4.3775,14.452
81.056,-6.2177,27.562,1.2404,0.68651,-16.219,3.3154,14.577
81.969,-1.5631,27.77,1.3214,0.60998,-16.881,2.4739,14.623
82.647,3.1015,27.948,1.3846,0.50724,-17.266,1.8345,14.648
83.15,7.7746,28.091,1.4328,0.39403,-17.421,1.357,14.679
83.521,12.46,28.198,1.4691,0.28478,-17.416,1.0022,14.724
83.795,17.161,28.273,1.4961,0.1896,-17.315,0.73867,14.778
83.997,21.88,28.32,1.5162,0.11363,-17.173,0.54297,14.833
84.145,26.616,28.347,1.531,0.057828,-17.026,0.39788,14.884
84.253,31.367,28.358,1.5418,0.020332,-16.897,0.29065,14.927
84.332,36.13,28.361,1.5498,-0.0022403,-16.796,0.21171,14.959
84.39,40.902,28.358,1.5555,-0.013725,-16.723,0.15382,14.982
84.431,45.679,28.353,1.5598,-0.017714,-16.677,0.11152,14.996
84.462,50.46,28.347,1.5628,-0.017178,-16.65,0.080713,15.005
84.483,55.243,28.342,1.565,-0.014342,-16.639,0.058319,15.008
84.499,60.026,28.338,1.5666,-0.010712,-16.637,0.04207,15.009
84.511,64.81,28.335,1.5678,-0.0072009,-16.64,0.03029,15.008
84.519,69.592,28.334,1.5686,-0.0042721,-16.646,0.021757,15.006
84.525,74.375,28.333,1.5693,-0.002085,-16.652,0.015576,15.004
84.529,79.157,28.332,1.5697,-0.00061426,-16.657,0.0111,15.003
84.532,83.938,28.332,1.57,0.00025897,-16.662,0.0078584,15.002
84.534,88.719,28.332,1.5703,0.00068595,-16.665,0.0055105,15.001
84.535,93.5,28.332,1.5704,0.00081272,-16.666,0.0038098,15
84.536,98.28,28.333,1.5705,0.00076108,-16.668,0.0025777,15
84.537,103.06,28.333,1.5706,0.00062202,-16.668,0.001685,15
84.537,107.84,28.333,1.5707,0.00045682,-16.668,0.0010383,15
84.538,112.62,28.333,1.5707,0.00030193,-16.668,0.0005696,15
84.538,117.4,28.333,1.5708,0.00017523,-16.668,0.00023,15
84.538,122.18,28.333,1.5708,8.2117e-05,-16.667,-2.29e-05,15
84.535,126.96,28.333,1.5736,6.3566e-05,-16.667,-0.026845,15.001
84.544,131.74,28.333,1.5462,0.00025995,-16.669,0.22051,14.997
84.804,136.51,28.333,1.4204,-0.008152,-16.626,1.4591,14.898
85.425,141.24,28.326,1.3494,-0.033634,-16.468,2.2069,14.819
86.088,145.98,28.313,1.3919,-0.04405,-16.345,1.8207,14.93
86.523,150.76,28.301,1.4853,-0.024701,-16.38,0.89397,15.045
86.634,155.56,28.298,1.5914,0.0015902,-16.494,-0.17265,15.05
86.4,160.34,28.301,1.7001,0.011211,-16.559,-1.2592,14.953
85.821,165.08,28.302,1.8088,-0.0074328,-16.479,-2.3372,14.781
84.901,169.75,28.292,1.9165,-0.055827,-16.196,-3.404,14.553
83.641,174.35,28.263,2.0226,-0.12926,-15.689,-4.4634,14.275
82.045,178.85,28.207,2.1268,-0.22004,-14.963,-5.5188,13.946
80.114,183.23,28.121,2.2288,-0.31974,-14.038,-6.5705,13.557
77.848,187.48,28.002,2.3284,-0.42069,-12.945,-7.6143,13.099
75.251,191.56,27.852,2.4257,-0.51671,-11.719,-8.6424,12.563
72.331,195.47,27.673,2.5207,-0.60345,-10.391,-9.6441,11.942
69.098,199.16,27.468,2.6134,-0.67832,-8.9941,-10.607,11.231
65.566,202.61,27.241,2.7039,-0.74016,-7.5524,-11.519,10.43
61.754,205.79,26.997,2.7924,-0.78892,-6.0877,-12.366,9.5415
57.684,208.67,26.74,2.8789,-0.82524,-4.6174,-13.138,8.5713
53.381,211.24,26.472,2.9634,-0.85016,-3.1554,-13.824,7.527
48.876,213.45,26.198,3.2708,-0.86486,-1.713,-14.416,6.4184
44.197,215.31,25.922,1.0513,-0.87052,-0.29971,-14.908,5.2563
39.38,216.79,25.644,-3.2722,-0.86825,1.0766,-15.294,4.0527
34.457,217.88,25.369,-3.0048,-0.85907,2.409,-15.571,2.8197
29.464,218.57,25.098,-2.9246,-0.84388,3.692,-15.738,1.5695
24.436,218.87,24.832,-2.8509,-0.82353,4.9207,-15.796,0.3141
19.407,218.76,24.573,-2.7789,-0.79879,6.0913,-15.746,-0.93525
14.411,218.26,24.323,-2.7085,-0.77037,7.2012,-15.592,-2.1681
9.4814,217.37,24.083,-2.6396,-0.73897,8.2484,-15.337,-3.375
4.6485,216.1,23.853,-2.5723,-0.70523,9.2318,-14.987,-4.5476
-0.057881,214.46,23.634,-2.5063,-0.66976,10.151,-14.546,-5.6788
-4.61,212.47,23.426,-2.4416,-0.63308,11.007,-14.022,-6.7622
-8.9819,210.15,23.231,-2.3781,-0.59567,11.8,-13.42,-7.7926
-13.15,207.5,23.047,-2.3158,-0.55792,12.532,-12.745,-8.7657
-17.091,204.56,22.876,-2.2544,-0.52015,13.203,-12.003,-9.6777
-20.787,201.33,22.716,-2.1939,-0.48258,13.815,-11.201,-10.525
-24.217,197.85,22.568,-2.1342,-0.44539,14.369,-10.344,-11.306
-27.366,194.12,22.432,-2.0753,-0.40867,14.867,-9.4376,-12.018
-30.219,190.19,22.308,-2.017,-0.37247,15.309,-8.4869,-12.659
-32.762,186.06,22.195,-1.9592,-0.33681,15.696,-7.4971,-13.227
-34.984,181.76,22.094,-1.9019,-0.30168,16.03,-6.4735,-13.721
-36.878,177.31,22.003,-1.8465,-0.26687,16.31,-5.4486,-14.135
-38.41,172.75,21.924,-1.7724,-0.23411,16.544,-4.0555,-14.541
-39.386,168.04,21.853,-1.6784,-0.20868,16.77,-2.1985,-14.91
-39.891,163.27,21.792,-1.6259,-0.17791,16.928,-1.1298,-15.048
-40.152,158.46,21.741,-1.5993,-0.13874,16.987,-0.58519,-15.088
-40.287,153.65,21.704,-1.5856,-0.098419,16.974,-0.30316,-15.09
-40.357,148.84,21.678,-1.5785,-0.062783,16.923,-0.1573,-15.076
-40.394,144.04,21.663,-1.5748,-0.034703,16.859,-0.081861,-15.058
-40.413,139.25,21.656,-1.5729,-0.014711,16.797,-0.042809,-15.039
-40.423,134.46,21.653,-1.5719,-0.0019337,16.745,-0.022575,-15.023
-40.428,129.67,21.654,-1.5714,0.0051415,16.705,-0.012081,-15.012
-40.431,124.89,21.656,-1.5711,0.0081497,16.679,-0.0066323,-15.004
-40.432,120.11,21.659,-1.571,0.0085546,16.663,-0.0038019,-14.999
-40.433,115.33,21.662,-1.5709,0.0075156,16.655,-0.0023308,-14.997
-40.434,110.55,21.664,-1.5709,0.0058606,16.653,-0.0015659,-14.996
-40.434,105.77,21.665,-1.5709,0.0041204,16.653,-0.0011682,-14.996
-40.435,100.99,21.666,-1.5708,0.0025902,16.656,-0.00096145,-14.997
-40.435,96.209,21.667,-1.5708,0.0013959,16.659,-0.000854,-14.998
-40.435,91.429,21.667,-1.5708,0.00055571,16.661,-0.00079822,-14.998
-40.435,86.648,21.667,-1.5708,2.7082e-05,16.663,-0.00076931,-14.999
-40.436,81.868,21.667,-1.5708,-0.0002582,16.665,-0.00075438,-15
-40.436,77.087,21.667,-1.5708,-0.00037214,16.666,-0.00074672,-15
-40.436,72.307,21.667,-1.5708,-0.0003782,16.667,-0.00074285,-15
-40.436,67.526,21.667,-1.5708,-0.00032596,16.667,-0.00074095,-15
-40.437,62.745,21.667,-1.5708,-0.00025036,16.667,-0.00074007,-15
-40.437,57.965,21.667,-1.5708,-0.00017341,16.667,-0.00073973,-15
-40.437,53.184,21.667,-1.5708,-0.00010704,16.667,-0.00073966,-15
-40.437,48.403,21.667,-1.5708,-5.6019e-05,16.667,-0.00073974,-15
-40.438,43.623,21.667,-1.5708,-2.0656e-05,16.667,-0.0007399,-15
-40.438,38.842,21.667,-1.5708,1.191e-06,16.667,-0.00074009,-15
-40.438,34.061,21.667,-1.5708,1.2642e-05,16.667,-0.00074031,-15
-40.438,29.281,21.667,-1.5708,1.6881e-05,16.667,-0.00074054,-15
-40.439,24.5,21.667,-1.5709,1.6629e-05,16.667,-0.0013442,-15
-40.445,19.719,21.667,-1.5728,-2.8804e-05,16.667,-0.040673,-15.001
-40.39,14.939,21.667,-1.5399,0.00022421,16.666,0.58044,-14.987
-40.005,10.172,21.667,-1.4819,0.0035097,16.648,1.7441,-14.919
-39.296,5.4359,21.669,-1.4349,0.011418,16.598,2.6771,-14.799
-38.289,0.74666,21.675,-1.3873,0.023957,16.509,3.6113,-14.623
-36.986,-3.8769,21.685,-1.3394,0.040617,16.375,4.5368,-14.389
-35.389,-8.4163,21.701,-1.2913,0.060544,16.196,5.4494,-14.097
-33.505,-12.853,21.724,-1.2429,0.082832,15.972,6.3456,-13.747
-31.338,-17.169,21.755,-1.1941,0.10668,15.703,7.2218,-13.34
-28.895,-21.346,21.793,-1.145,0.13147,15.39,8.0748,-12.878
-26.185,-25.367,21.839,-1.0955,0.15677,15.034,8.9013,-12.361
-23.216,-29.214,21.893,-1.0455,0.18231,14.637,9.6979,-11.792
-19.999,-32.872,21.955,-0.99499,0.20794,14.199,10.461,-11.171
-16.544,-36.323,22.026,-0.94394,0.23363,13.719,11.188,-10.499
-12.865,-39.552,22.104,-0.89231,0.25936,13.198,11.875,-9.7797
-8.973,-42.544,22.191,-0.84003,0.28518,12.636,12.519,-9.0134
-4.8838,-45.285,22.286,-0.78706,0.3111,12.032,13.115,-8.2028
-0.61287,-47.76,22.39,-0.73336,0.33715,11.386,13.661,-7.3502
3.8232,-49.957,22.502,-0.67889,0.36334,10.697,14.152,-6.4584
8.4064,-51.864,22.622,-0.62359,0.38965,9.9666,14.586,-5.5308
13.118,-53.47,22.75,-0.56743,0.41602,9.1935,14.958,-4.5709
17.938,-54.765,22.887,-0.51035,0.44241,8.3782,15.266,-3.5827
22.845,-55.741,23.033,-0.45233,0.46871,7.5214,15.507,-2.5706
27.817,-56.391,23.186,-0.39331,0.49482,6.6237,15.678,-1.5396
32.832,-56.71,23.348,-0.33326,0.5206,5.6863,15.776,-0.49488
37.866,-56.695,23.518,-0.27213,0.5459,4.7105,15.801,0.55789
42.895,-56.344,23.696,-0.20988,0.57053,3.6982,15.749,1.6128
47.896,-55.657,23.882,-0.14646,0.59431,2.6515,15.622,2.6634
52.843,-54.637,24.075,-0.081852,0.617,1.5731,15.418,3.7035
57.712,-53.288,24.275,-0.015998,0.63835,0.46622,15.137,4.7262
62.481,-51.617,24.482,0.05114,0.65811,-0.66558,14.783,5.7251
67.123,-49.632,24.695,0.1196,0.67598,-1.818,14.355,6.6936
71.619,-47.345,24.913,0.18944,0.69165,-2.9863,13.858,7.6252
75.944,-44.767,25.136,0.26068,0.70477,-4.1651,13.294,8.514
80.08,-41.914,25.362,0.33338,0.715,-5.3481,12.668,9.3544
84.007,-38.802,25.591,0.40759,0.72196,-6.5286,11.985,10.141
87.707,-35.448,25.822,0.48334,0.72524,-7.6992,11.251,10.871
91.166,-31.872,26.053,0.56069,0.72445,-8.8515,10.471,11.539
94.369,-28.094,26.283,0.63941,0.71907,-9.9764,9.653,12.141
97.307,-24.134,26.511,0.72125,0.70841,-11.062,8.7947,12.69
99.94,-19.988,26.735,0.82739,0.70525,-12.167,7.7118,13.326
102.19,-15.64,26.962,0.94979,0.72028,-13.374,6.4277,13.91
104.02,-11.137,27.194,1.0712,0.7314,-14.591,5.1237,14.305
105.46,-6.539,27.426,1.1814,0.71514,-15.673,3.9401,14.514
106.54,-1.8967,27.646,1.2741,0.66074,-16.51,2.9628,14.6
107.36,2.7626,27.842,1.3479,0.57238,-17.061,2.2037,14.633
107.96,7.4303,28.007,1.405,0.46371,-17.35,1.632,14.658
108.41,12.108,28.136,1.4482,0.35053,-17.435,1.2065,14.695
108.74,16.799,28.231,1.4805,0.24583,-17.385,0.89039,14.744
108.98,21.507,28.294,1.5046,0.15774,-17.263,0.6556,14.799
109.16,26.233,28.332,1.5225,0.089658,-17.115,0.48133,14.854
109.29,30.975,28.353,1.5356,0.041284,-16.974,0.35228,14.902
109.39,35.731,28.36,1.5452,0.010018,-16.854,0.25704,14.94
109.46,40.497,28.36,1.5522,-0.0078025,-16.764,0.18703,14.969
109.51,45.272,28.356,1.5573,-0.015984,-16.702,0.13577,14.988
109.55,50.051,28.351,1.5611,-0.017906,-16.664,0.098366,15
109.57,54.832,28.345,1.5638,-0.016256,-16.645,0.071144,15.006
109.59,59.616,28.34,1.5657,-0.012968,-16.637,0.051374,15.009
109.61,64.399,28.337,1.5671,-0.0093039,-16.638,0.037034,15.009
109.62,69.182,28.334,1.5682,-0.0059828,-16.642,0.026642,15.007
109.62,73.965,28.333,1.5689,-0.0033349,-16.648,0.019115,15.005
109.63,78.747,28.332,1.5694,-0.0014351,-16.654,0.013663,15.004
109.63,83.529,28.332,1.5698,-0.00021291,-16.659,0.0097152,15.002
109.63,88.31,28.332,1.5701,0.00046912,-16.663,0.0068559,15.001
109.64,93.091,28.332,1.5703,0.00076347,-16.665,0.0047849,15
109.64,97.871,28.333,1.5705,0.00080827,-16.667,0.0032847,15
109.64,102.65,28.333,1.5706,0.00071363,-16.668,0.0021979,15
109.64,107.43,28.333,1.5707,0.00055865,-16.668,0.0014104,15
109.64,112.21,28.333,1.5707,0.00039427,-16.668,0.00083987,15
109.64,116.99,28.333,1.5708,0.00024898,-16.668,0.00042644,15
109.64,121.77,28.333,1.5708,0.00013516,-16.667,0.00012685,15
109.64,126.55,28.333,1.5711,5.5259e-05,-16.667,-0.0020591,15
109.63,131.34,28.333,1.5734,0.00017779,-16.668,-0.029147,15.002
109.7,136.11,28.333,1.5046,-0.00083989,-16.664,0.62085,14.974
110.11,140.87,28.331,1.3784,-0.016954,-16.576,1.8897,14.847
110.79,145.59,28.321,1.3555,-0.041391,-16.404,2.164,14.846
111.39,150.35,28.308,1.4253,-0.039167,-16.342,1.4925,14.985
111.7,155.14,28.299,1.526,-0.01378,-16.423,0.4848,15.061
111.68,159.93,28.299,1.6337,0.0081686,-16.532,-0.59657,15.023
111.31,164.7,28.302,1.7425,0.0075001,-16.549,-1.6813,14.893
110.6,169.42,28.3,1.8509,-0.022991,-16.394,-2.7548,14.698
109.55,174.06,28.284,1.9581,-0.081937,-16.025,-3.8182,14.45
108.16,178.62,28.245,2.0635,-0.16314,-15.431,-4.876,14.153
106.43,183.08,28.177,2.1669,-0.25839,-14.624,-5.9303,13.801
104.37,187.41,28.079,2.268,-0.35944,-13.629,-6.9797,13.387
101.97,191.6,27.947,2.3667,-0.45911,-12.48,-8.0186,12.899
99.246,195.62,27.786,2.4631,-0.55194,-11.21,-9.0379,12.33
96.202,199.44,27.596,2.5572,-0.63428,-9.8518,-10.026,11.674
92.851,203.04,27.382,2.649,-0.70413,-8.4341,-10.971,10.928
89.206,206.39,27.148,2.7388,-0.76082,-6.981,-11.859,10.092
85.29,209.46,26.898,2.8265,-0.80462,-5.5122,-12.678,9.1712
81.126,212.22,26.636,2.9122,-0.83634,-4.0436,-13.417,8.1709
76.741,214.65,26.366,3.0035,-0.85711,-2.588,-14.068,7.1002
72.163,216.73,26.09,3.2431,-0.86812,-1.1559,-14.621,5.9694
67.427,218.44,25.813,-1.2253,-0.87054,0.24375,-15.072,4.7896
62.564,219.76,25.536,-3.2597,-0.86544,1.6036,-15.415,3.573
57.609,220.7,25.262,-2.9704,-0.85379,2.9173,-15.649,2.3319
52.599,221.24,24.993,-2.8956,-0.83648,4.1794,-15.774,1.0783
47.566,221.37,24.73,-2.8225,-0.81431,5.3858,-15.789,-0.17597
42.546,221.11,24.474,-2.7512,-0.78804,6.5329,-15.698,-1.42
37.572,220.46,24.228,-2.6814,-0.75838,7.6183,-15.504,-2.6438
32.677,219.42,23.992,-2.6131,-0.726,8.6406,-15.211,-3.8382
27.89,218,23.766,-2.5463,-0.69152,9.5991,-14.825,-4.9954
23.241,216.23,23.551,-2.4808,-0.65552,10.494,-14.351,-6.1086
18.756,214.1,23.349,-2.4166,-0.61852,11.325,-13.795,-7.1719
14.461,211.65,23.158,-2.3536,-0.58094,12.094,-13.164,-8.1805
10.379,208.89,22.979,-2.2916,-0.54316,12.801,-12.462,-9.1302
6.5319,205.83,22.812,-2.2306,-0.50544,13.449,-11.696,-10.017
2.9383,202.5,22.657,-2.1704,-0.46801,14.039,-10.872,-10.839
-0.38383,198.92,22.514,-2.1111,-0.43099,14.571,-9.9946,-11.594
-3.4184,195.11,22.382,-2.0524,-0.39447,15.046,-9.07,-12.278
-6.1513,191.09,22.263,-1.9943,-0.35848,15.467,-8.1032,-12.891
-8.5698,186.9,22.154,-1.9367,-0.32303,15.834,-7.0995,-13.43
-10.663,182.54,22.057,-1.8797,-0.28807,16.147,-6.0667,-13.894
-12.428,178.04,21.971,-1.8229,-0.25337,16.405,-5.0105,-14.284
-13.766,173.42,21.895,-1.7336,-0.2235,16.634,-3.3009,-14.708
-14.529,168.68,21.828,-1.6537,-0.19773,16.842,-1.6961,-14.983
-14.921,163.89,21.771,-1.6136,-0.16309,16.96,-0.87785,-15.07
-15.124,159.08,21.725,-1.593,-0.12269,16.988,-0.45466,-15.091
-15.229,154.27,21.693,-1.5823,-0.083727,16.957,-0.23567,-15.086
-15.284,149.47,21.672,-1.5768,-0.050882,16.899,-0.12242,-15.069
-15.312,144.67,21.66,-1.5739,-0.026007,16.834,-0.063817,-15.05
-15.327,139.87,21.654,-1.5724,-0.0089855,16.775,-0.033471,-15.032
-15.335,135.09,21.653,-1.5717,0.0013767,16.728,-0.017739,-15.018
-15.339,130.3,21.655,-1.5713,0.0066836,16.694,-0.0095761,-15.008
-15.341,125.52,21.657,-1.5711,0.0085257,16.672,-0.0053366,-15.001
-15.342,120.74,21.66,-1.571,0.0082553,16.659,-0.0031335,-14.998
-15.343,115.96,21.662,-1.5709,0.0069009,16.654,-0.0019881,-14.996
-15.344,111.18,21.664,-1.5709,0.0051682,16.653,-0.0013925,-14.996
-15.344,106.4,21.666,-1.5709,0.0034882,16.654,-0.0010828,-14.996
-15.344,101.62,21.667,-1.5708,0.0020827,16.657,-0.00092175,-14.997
-15.345,96.841,21.667,-1.5708,0.0010293,16.66,-0.0008381,-14.998
-15.345,92.061,21.667,-1.5708,0.00031772,16.662,-0.00079469,-14.999
-15.345,87.28,21.667,-1.5708,-0.00010751,16.664,-0.00077222,-14.999
-15.345,82.5,21.667,-1.5708,-0.00031803,16.666,-0.00076064,-15
-15.346,77.719,21.667,-1.5708,-0.00038342,16.667,-0.00075472,-15
-15.346,72.939,21.667,-1.5708,-0.00036198,16.667,-0.00075176,-15
-15.346,68.158,21.667,-1.5708,-0.00029749,16.667,-0.00075033,-15
-15.346,63.377,21.667,-1.5708,-0.00021954,16.667,-0.0007497,-15
-15.347,58.597,21.667,-1.5708,-0.00014587,16.667,-0.00074949,-15
-15.347,53.816,21.667,-1.5708,-8.5274e-05,16.667,-0.00074949,-15
-15.347,49.035,21.667,-1.5708,-4.0524e-05,16.667,-0.00074961,-15
-15.347,44.255,21.667,-1.5708,-1.0768e-05,16.667,-0.00074979,-15
-15.348,39.474,21.667,-1.5708,6.6449e-06,16.667,-0.00075,-15
-15.348,34.693,21.667,-1.5708,1.4936e-05,16.667,-0.00075022,-15
-15.348,29.913,21.667,-1.5708,1.7158e-05,16.667,-0.00075045,-15
-15.349,25.132,21.667,-1.5715,1.2865e-05,16.667,-0.013297,-15
-15.355,20.351,21.667,-1.5673,-6.3138e-05,16.667,0.055065,-15.001
-15.191,15.574,21.667,-1.5149,0.0010069,16.662,1.0795,-14.967
-14.668,10.817,21.668,-1.4634,0.0060662,16.632,2.1128,-14.878
-13.842,6.0972,21.671,-1.4162,0.015811,16.568,3.0449,-14.737
-12.718,1.4315,21.678,-1.3685,0.030052,16.462,3.9762,-14.538
-11.299,-3.1612,21.691,-1.3206,0.048101,16.311,4.897,-14.281
-9.589,-7.6624,21.71,-1.2723,0.069056,16.114,5.8035,-13.966
-7.5928,-12.054,21.735,-1.2238,0.092041,15.871,6.6921,-13.594
-5.3168,-16.317,21.769,-1.1749,0.11632,15.585,7.5596,-13.165
-2.7682,-20.435,21.81,-1.1256,0.14135,15.255,8.4025,-12.682
0.04446,-24.39,21.859,-1.0759,0.16676,14.883,9.2175,-12.144
3.1119,-28.165,21.916,-1.0257,0.19235,14.47,10.001,-11.554
6.4236,-31.743,21.982,-0.97504,0.218,14.015,10.751,-10.913
9.968,-35.109,22.056,-0.92377,0.24369,13.52,11.463,-10.223
13.733,-38.248,22.138,-0.87189,0.26945,12.983,12.133,-9.4848
17.703,-41.143,22.228,-0.81936,0.2953,12.404,12.758,-8.7009
21.866,-43.781,22.326,-0.76611,0.32127,11.784,13.335,-7.8736
26.203,-46.149,22.433,-0.71212,0.34737,11.121,13.86,-7.0054
30.699,-48.233,22.548,-0.65733,0.37361,10.416,14.329,-6.0993
35.335,-50.024,22.671,-0.60171,0.39994,9.6689,14.739,-5.1586
40.091,-51.509,22.803,-0.5452,0.42633,8.8793,15.087,-4.1872
44.948,-52.68,22.943,-0.48776,0.45269,8.0478,15.369,-3.1891
49.883,-53.529,23.092,-0.42936,0.47893,7.1749,15.582,-2.1691
54.874,-54.051,23.249,-0.36994,0.50492,6.2616,15.725,-1.1322
59.9,-54.239,23.414,-0.30948,0.53053,5.309,15.795,-0.083703
64.935,-54.093,23.587,-0.24792,0.55559,4.3188,15.79,0.97054
69.956,-53.61,23.768,-0.18522,0.57991,3.2928,15.709,2.0244
74.938,-52.793,23.957,-0.12135,0.60328,2.2335,15.551,3.0717
79.858,-51.643,24.153,-0.056261,0.62548,1.1436,15.317,4.1057
84.691,-50.167,24.356,0.010086,0.64624,0.026615,15.007,5.1198
89.413,-48.372,24.565,0.077732,0.66529,-1.1137,14.624,6.1075
94.001,-46.268,24.78,0.14672,0.68234,-2.2729,14.169,7.0623
98.432,-43.866,25,0.21709,0.69705,-3.4459,13.645,7.9778
102.69,-41.179,25.224,0.2889,0.70908,-4.6269,13.057,8.8483
106.74,-38.223,25.451,0.36218,0.71808,-5.8097,12.408,9.6683
110.58,-35.014,25.681,0.43697,0.72365,-6.9872,11.704,10.433
114.19,-31.571,25.912,0.51334,0.72539,-8.1516,10.951,11.139
117.55,-27.914,26.143,0.59131,0.72288,-9.2944,10.155,11.782
120.65,-24.062,26.372,0.6702,0.71536,-10.405,9.3282,12.356
123.48,-20.033,26.599,0.75935,0.70498,-11.483,8.406,12.928
125.97,-15.805,26.824,0.87504,0.71028,-12.631,7.2181,13.576
128.06,-11.389,27.053,0.99825,0.72711,-13.861,5.9089,14.089
129.73,-6.8414,27.286,1.1163,0.72962,-15.041,4.6376,14.406
131.02,-2.2215,27.514,1.22,0.69863,-16.036,3.5297,14.558
131.99,2.4294,27.726,1.3052,0.62957,-16.761,2.6401,14.616
132.71,7.0922,27.911,1.3721,0.53126,-17.203,1.9595,14.642
133.25,11.763,28.062,1.4234,0.41897,-17.404,1.4501,14.671
133.65,16.446,28.177,1.462,0.3078,-17.428,1.0713,14.713
133.94,21.143,28.259,1.4908,0.20893,-17.343,0.79004,14.765
134.16,25.858,28.312,1.5123,0.12853,-17.206,0.5811,14.821
134.32,30.591,28.342,1.5281,0.068393,-17.058,0.42612,14.874
134.43,35.339,28.357,1.5397,0.02714,-16.923,0.31149,14.918
134.52,40.099,28.361,1.5482,0.0016232,-16.815,0.22703,14.953
134.58,44.869,28.359,1.5544,-0.011967,-16.737,0.16503,14.978
134.62,49.645,28.354,1.5589,-0.017319,-16.685,0.11971,14.994
134.65,54.426,28.348,1.5622,-0.017558,-16.655,0.086668,15.003
134.68,59.208,28.343,1.5646,-0.015073,-16.641,0.062644,15.008
134.7,63.992,28.339,1.5663,-0.011521,-16.637,0.045207,15.009
134.71,68.775,28.336,1.5676,-0.0079308,-16.639,0.032564,15.008
134.72,73.558,28.334,1.5685,-0.0048523,-16.645,0.023403,15.007
134.72,78.34,28.333,1.5691,-0.0025,-16.651,0.016768,15.005
134.73,83.122,28.332,1.5696,-0.00088036,-16.656,0.011963,15.003
134.73,87.904,28.332,1.57,0.00011122,-16.661,0.0084833,15.002
134.73,92.685,28.332,1.5702,0.0006229,-16.664,0.0059629,15.001
134.73,97.466,28.332,1.5704,0.000804,-16.666,0.0041372,15
134.74,102.25,28.333,1.5705,0.00078256,-16.667,0.0028146,15
134.74,107.03,28.333,1.5706,0.00065643,-16.668,0.0018565,15
134.74,111.81,28.333,1.5707,0.00049308,-16.668,0.0011622,15
134.74,116.59,28.333,1.5707,0.00033385,-16.668,0.00065915,15
134.74,121.37,28.333,1.5708,0.00020016,-16.668,0.00029462,15
134.74,126.15,28.333,1.5708,9.967e-05,-16.667,3.0449e-05,15
134.74,130.93,28.333,1.5724,4.3697e-05,-16.667,-0.014171,15
134.73,135.71,28.333,1.5624,0.00033842,-16.669,0.0683,15.002
134.9,140.48,28.333,1.4513,-0.0044071,-16.646,1.1477,14.93
135.46,145.22,28.328,1.3539,-0.027688,-16.509,2.1507,14.818
136.15,149.95,28.316,1.3757,-0.04467,-16.359,1.9769,14.897
136.65,154.72,28.303,1.4629,-0.030652,-16.361,1.1182,15.028
136.83,159.52,28.298,1.5677,-0.0034876,-16.469,0.065212,15.059
136.67,164.31,28.3,1.6762,0.011234,-16.555,-1.0217,14.981
136.17,169.06,28.302,1.7851,-0.00078536,-16.512,-2.1027,14.824
135.32,173.75,28.296,1.8931,-0.042914,-16.276,-3.1721,14.607
134.14,178.36,28.272,1.9996,-0.11149,-15.819,-4.2331,14.34
132.62,182.88,28.222,2.1043,-0.19924,-15.139,-5.2896,14.022
130.76,187.29,28.143,2.2069,-0.29774,-14.255,-6.3427,13.647
128.56,191.57,28.031,2.307,-0.39906,-13.195,-7.389,13.205
126.04,195.7,27.888,2.4049,-0.49664,-11.994,-8.4217,12.686
123.19,199.64,27.714,2.5003,-0.58572,-10.686,-9.4303,12.083
120.02,203.38,27.515,2.5935,-0.66334,-9.3007,-10.403,11.392
116.55,206.89,27.292,2.6845,-0.72806,-7.8663,-11.327,10.61
112.8,210.13,27.051,2.7735,-0.77963,-6.4047,-12.189,9.7402
108.78,213.08,26.796,2.8604,-0.81856,-4.9341,-12.979,8.787
104.53,215.71,26.53,2.9454,-0.84582,-3.4691,-13.684,7.7579
100.06,218,26.258,3.1588,-0.8626,-2.0215,-14.297,6.6622
95.418,219.94,25.982,2.149,-0.87008,-0.60124,-14.811,5.5108
90.628,221.5,25.704,-2.9313,-0.8694,0.78357,-15.22,4.3151
85.725,222.67,25.428,-3.0596,-0.8616,2.1259,-15.52,3.0875
80.744,223.45,25.156,-2.9408,-0.84761,3.4198,-15.711,1.8401
75.72,223.83,24.889,-2.8667,-0.82828,4.6604,-15.793,0.58494
70.689,223.81,24.628,-2.7943,-0.80441,5.8437,-15.766,-0.66654
65.683,223.4,24.377,-2.7236,-0.77672,6.9668,-15.634,-1.9037
60.736,222.59,24.134,-2.6544,-0.74591,8.0275,-15.4,-3.117
55.88,221.4,23.902,-2.5867,-0.71264,9.0247,-15.07,-4.2977
51.144,219.84,23.68,-2.5204,-0.67751,9.9581,-14.649,-5.4384
46.556,217.93,23.47,-2.4555,-0.64107,10.828,-14.142,-6.5327
42.143,215.68,23.272,-2.3917,-0.60381,11.634,-13.556,-7.5752
37.93,213.1,23.086,-2.3291,-0.56613,12.379,-12.896,-8.5612
33.937,210.22,22.912,-2.2675,-0.52836,13.063,-12.168,-9.4869
30.188,207.05,22.749,-2.2068,-0.49074,13.688,-11.378,-10.349
26.699,203.62,22.599,-2.147,-0.45346,14.255,-10.532,-11.145
23.488,199.94,22.461,-2.0879,-0.41663,14.765,-9.6356,-11.872
20.571,196.05,22.334,-2.0294,-0.38031,15.219,-8.6936,-12.528
17.961,191.96,22.219,-1.9715,-0.34453,15.618,-7.7115,-13.112
15.669,187.7,22.115,-1.9141,-0.30926,15.964,-6.6943,-13.622
13.706,183.28,22.022,-1.8581,-0.27441,16.255,-5.6655,-14.054
12.084,178.74,21.94,-1.7922,-0.24056,16.496,-4.434,-14.447
10.981,174.06,21.868,-1.6954,-0.21406,16.724,-2.5421,-14.852
10.398,169.29,21.804,-1.6343,-0.1854,16.903,-1.2996,-15.03
10.098,164.49,21.751,-1.6036,-0.14745,16.981,-0.67328,-15.084
9.9423,159.68,21.711,-1.5878,-0.10677,16.981,-0.34872,-15.091
9.8616,154.88,21.683,-1.5796,-0.069793,16.936,-0.18085,-15.08
9.8198,150.07,21.666,-1.5754,-0.039991,16.873,-0.094031,-15.062
9.798,145.28,21.657,-1.5732,-0.018314,16.809,-0.049105,-15.043
9.7865,140.48,21.653,-1.5721,-0.004115,16.755,-0.025833,-15.026
9.7805,135.7,21.654,-1.5715,0.0040349,16.713,-0.013767,-15.014
9.7772,130.91,21.656,-1.5712,0.0077765,16.684,-0.0075038,-15.005
9.7754,126.13,21.658,-1.571,0.0086261,16.666,-0.004251,-15
9.7744,121.35,21.661,-1.5709,0.0078132,16.656,-0.0025605,-14.997
9.7737,116.57,21.663,-1.5709,0.0062349,16.653,-0.0016817,-14.996
9.7733,111.79,21.665,-1.5709,0.0044807,16.653,-0.0012248,-14.996
9.7729,107.01,21.666,-1.5708,0.0028901,16.655,-0.00098724,-14.997
9.7726,102.24,21.667,-1.5708,0.0016198,16.658,-0.00086379,-14.997
9.7724,97.455,21.667,-1.5708,0.00070624,16.661,-0.00079969,-14.998
9.7721,92.675,21.667,-1.5708,0.00011652,16.663,-0.00076645,-14.999
9.7719,87.895,21.667,-1.5708,-0.00021439,16.665,-0.00074927,-14.999
9.7717,83.114,21.667,-1.5708,-0.00035904,16.666,-0.00074044,-15
9.7714,78.333,21.667,-1.5708,-0.00038336,16.667,-0.00073596,-15
9.7712,73.553,21.667,-1.5708,-0.00034008,16.667,-0.00073374,-15
9.7709,68.772,21.667,-1.5708,-0.00026717,16.667,-0.0007327,-15
9.7707,63.991,21.667,-1.5708,-0.0001892,16.667,-0.00073226,-15
9.7705,59.211,21.667,-1.5708,-0.00011996,16.667,-0.00073215,-15
9.7702,54.43,21.667,-1.5708,-6.5522e-05,16.667,-0.00073221,-15
9.77,49.649,21.667,-1.5708,-2.6946e-05,16.667,-0.00073235,-15
9.7698,44.869,21.667,-1.5708,-2.4673e-06,16.667,-0.00073253,-15
9.7695,40.088,21.667,-1.5708,1.092e-05,16.667,-0.00073274,-15
9.7693,35.307,21.667,-1.5708,1.6443e-05,16.667,-0.00073297,-15
9.7691,30.527,21.667,-1.5708,1.697e-05,16.667,-0.00073527,-15
9.765,25.746,21.667,-1.5728,-6.9832e-06,16.667,-0.037625,-15.001
9.7853,20.965,21.667,-1.552,3.3501e-05,16.667,0.34379,-14.995
10.091,16.194,21.667,-1.4925,0.0024405,16.654,1.5306,-14.938
10.737,11.45,21.669,-1.4449,0.0093589,16.611,2.4801,-14.829
11.681,6.749,21.673,-1.3974,0.020948,16.531,3.4151,-14.665
12.923,2.1101,21.683,-1.3495,0.036806,16.407,4.3429,-14.443
14.458,-2.4485,21.698,-1.3015,0.056125,16.238,5.2586,-14.163
16.282,-6.9084,21.719,-1.2531,0.077992,16.023,6.1587,-13.825
18.39,-11.251,21.748,-1.2044,0.10158,15.763,7.0395,-13.43
20.775,-15.459,21.784,-1.1554,0.12622,15.459,7.8977,-12.98
23.43,-19.514,21.828,-1.1059,0.15144,15.112,8.7301,-12.474
26.345,-23.399,21.881,-1.056,0.17695,14.724,9.5334,-11.916
29.511,-27.098,21.941,-1.0056,0.20257,14.294,10.304,-11.305
32.917,-30.594,22.01,-0.95469,0.22825,13.823,11.039,-10.644
36.551,-33.871,22.087,-0.90318,0.25398,13.311,11.735,-9.9345
40.399,-36.914,22.172,-0.85103,0.27978,12.757,12.388,-9.1777
44.448,-39.708,22.266,-0.79821,0.30568,12.162,12.994,-8.3761
48.682,-42.24,22.368,-0.74466,0.33171,11.525,13.551,-7.532
53.085,-44.496,22.478,-0.69035,0.35788,10.845,14.054,-6.6481
57.639,-46.465,22.596,-0.63522,0.38416,10.123,14.5,-5.7276
62.326,-48.134,22.723,-0.57924,0.41054,9.3586,14.886,-4.774
67.124,-49.495,22.858,-0.52236,0.43693,8.5521,15.207,-3.7913
72.015,-50.539,23.001,-0.46453,0.46326,7.7038,15.462,-2.7837
76.975,-51.257,23.153,-0.40572,0.48942,6.8145,15.648,-1.7562
81.983,-51.646,23.314,-0.34588,0.51529,5.8852,15.762,-0.71378
87.015,-51.701,23.482,-0.28497,0.54071,4.9172,15.802,0.33788
92.048,-51.42,23.658,-0.22295,0.5655,3.9122,15.766,1.3929
97.056,-50.803,23.843,-0.15978,0.58948,2.8724,15.655,2.4451
102.02,-49.852,24.034,-0.095417,0.61241,1.8003,15.466,3.4879
106.9,-48.571,24.233,-0.029819,0.63407,0.699,15.202,4.5149
111.7,-46.966,24.439,0.037053,0.65419,-0.42804,14.863,5.5194
116.37,-45.046,24.65,0.10524,0.67248,-1.5767,14.45,6.4948
120.89,-42.82,24.867,0.17479,0.68864,-2.7422,13.967,7.4347
125.26,-40.302,25.089,0.24574,0.70232,-3.9193,13.416,8.333
129.43,-37.505,25.315,0.31815,0.71318,-5.1021,12.803,9.1839
133.41,-34.445,25.543,0.39204,0.72086,-6.2838,12.132,9.9825
137.15,-31.14,25.774,0.46748,0.72494,-7.4572,11.407,10.724
140.66,-27.609,26.005,0.5445,0.72503,-8.6142,10.636,11.405
143.92,-23.871,26.235,0.62305,0.72067,-9.7458,9.8247,12.022
146.92,-19.947,26.464,0.70306,0.71089,-10.839,8.983,12.574
149.62,-15.843,26.689,0.80295,0.7041,-11.929,7.9618,13.187
151.95,-11.535,26.915,0.92395,0.71638,-13.117,6.7025,13.803
153.87,-7.059,27.146,1.0464,0.73051,-14.344,5.3906,14.239
155.39,-2.4761,27.378,1.1597,0.72138,-15.465,4.1722,14.483
156.54,2.1599,27.601,1.2563,0.67509,-16.358,3.1487,14.589
157.41,6.8169,27.804,1.334,0.59294,-16.969,2.3456,14.628
158.05,11.483,27.976,1.3943,0.48722,-17.308,1.7382,14.652
158.53,16.158,28.112,1.4401,0.37381,-17.43,1.2854,14.686
158.88,20.846,28.214,1.4745,0.26652,-17.403,0.94898,14.733
159.14,25.551,28.283,1.5002,0.17455,-17.292,0.69912,14.788
159.33,30.273,28.326,1.5192,0.10221,-17.146,0.51361,14.843
159.47,35.011,28.35,1.5332,0.049884,-17.002,0.37615,14.892
159.57,39.765,28.359,1.5434,0.015326,-16.877,0.27463,14.933
159.65,44.529,28.361,1.5509,-0.0049863,-16.781,0.19994,14.964
159.7,49.302,28.357,1.5564,-0.014886,-16.713,0.14521,14.985
159.74,54.08,28.352,1.5604,-0.017872,-16.671,0.10524,14.998
159.77,58.862,28.346,1.5633,-0.016786,-16.648,0.076145,15.005
159.79,63.645,28.341,1.5654,-0.013717,-16.638,0.055003,15.008
159.8,68.428,28.338,1.5669,-0.010058,-16.637,0.039665,15.009
159.81,73.212,28.335,1.568,-0.0066276,-16.641,0.028549,15.008
159.82,77.994,28.333,1.5688,-0.0038266,-16.647,0.020495,15.006
159.83,82.777,28.332,1.5693,-0.001773,-16.653,0.014663,15.004
159.83,87.558,28.332,1.5698,-0.00041922,-16.658,0.010439,15.003
159.83,92.34,28.332,1.5701,0.00036312,-16.662,0.0073802,15.001
159.84,97.12,28.332,1.5703,0.00072644,-16.665,0.0051645,15
159.84,101.9,28.333,1.5704,0.00081337,-16.667,0.0035596,15
159.84,106.68,28.333,1.5706,0.00074042,-16.668,0.0023969,15
159.84,111.46,28.333,1.5706,0.00059305,-16.668,0.0015545,15
159.84,116.24,28.333,1.5707,0.00042768,-16.668,0.00094416,15
159.84,121.02,28.333,1.5707,0.00027697,-16.668,0.0005019,15
159.84,125.8,28.333,1.5708,0.00015615,-16.668,0.00018141,15
159.84,130.58,28.333,1.5708,6.8985e-05,-16.667,-0.00028381,15
159.84,135.37,28.333,1.5743,0.0001003,-16.667,-0.033988,15.002
159.86,140.15,28.333,1.5297,-1.993e-05,-16.668,0.37712,14.989
160.19,144.91,28.332,1.3993,-0.011804,-16.606,1.6741,14.873
160.85,149.63,28.324,1.3501,-0.037668,-16.437,2.2081,14.827
161.48,154.38,28.31,1.4068,-0.042323,-16.34,1.6748,14.957
161.86,159.16,28.3,1.5042,-0.019639,-16.399,0.70383,15.055
161.91,163.96,28.298,1.6112,0.0050231,-16.513,-0.3716,15.039
161.62,168.74,28.301,1.7201,0.0099875,-16.558,-1.4579,14.926
160.97,173.47,28.301,1.8286,-0.014226,-16.443,-2.534,14.743
159.99,178.13,28.289,1.9361,-0.067691,-16.119,-3.5993,14.506
158.67,182.71,28.255,2.0419,-0.14494,-15.571,-4.658,14.219
157.01,187.18,28.194,2.1458,-0.238,-14.807,-5.7131,13.879
155.02,191.54,28.102,2.2474,-0.3385,-13.848,-6.764,13.478
152.69,195.76,27.977,2.3466,-0.43898,-12.728,-7.8058,13.006
150.03,199.82,27.821,2.4435,-0.5336,-11.48,-8.83,12.455
147.05,203.69,27.637,2.538,-0.61832,-10.137,-9.8257,11.817
143.76,207.34,27.428,2.6303,-0.69085,-8.7298,-10.78,11.089
140.18,210.74,27.198,2.7205,-0.75026,-7.2821,-11.681,10.272
136.32,213.86,26.95,2.8086,-0.79666,-5.8151,-12.515,9.3675
132.2,216.69,26.691,2.8947,-0.83078,-4.3452,-13.272,8.3829
127.86,219.19,26.422,2.9789,-0.8537,-2.8859,-13.942,7.3259
123.32,221.34,26.147,3.323,-0.86662,-1.4483,-14.515,6.2065
118.61,223.13,25.87,0.058173,-0.8707,-0.04127,-14.988,5.0359
113.77,224.54,25.593,-3.3246,-0.86706,1.3273,-15.353,3.8259
108.83,225.55,25.318,-2.986,-0.85668,2.6509,-15.61,2.5888
103.83,226.17,25.048,-2.9108,-0.84046,3.924,-15.757,1.3369
98.802,226.39,24.783,-2.8374,-0.81923,5.1421,-15.795,0.081832
93.777,226.21,24.526,-2.7657,-0.79374,6.3016,-15.725,-1.1652
88.791,225.64,24.278,-2.6956,-0.76472,7.3999,-15.552,-2.3939
83.876,224.68,24.039,-2.627,-0.73284,8.4353,-15.279,-3.595
79.065,223.34,23.811,-2.5599,-0.69875,9.4069,-14.912,-4.7605
74.385,221.64,23.595,-2.4942,-0.66303,10.315,-14.455,-5.8833
69.864,219.58,23.389,-2.4298,-0.6262,11.159,-13.916,-6.9574
65.528,217.2,23.196,-2.3665,-0.58871,11.941,-13.3,-7.9776
61.401,214.49,23.014,-2.3043,-0.55095,12.661,-12.612,-8.9398
57.504,211.5,22.845,-2.2431,-0.51321,13.321,-11.859,-9.8402
53.856,208.22,22.688,-2.1827,-0.47571,13.922,-11.046,-10.676
50.477,204.69,22.542,-2.1232,-0.4386,14.466,-10.179,-11.444
47.382,200.93,22.408,-2.0644,-0.40197,14.953,-9.2635,-12.143
44.586,196.95,22.286,-2.0062,-0.36587,15.385,-8.3049,-12.771
42.102,192.79,22.176,-1.9485,-0.3303,15.763,-7.3083,-13.325
39.941,188.46,22.076,-1.8913,-0.29525,16.087,-6.279,-13.805
38.109,183.99,21.988,-1.8358,-0.26045,16.356,-5.2494,-14.206
36.662,179.4,21.91,-1.7549,-0.22879,16.586,-3.717,-14.619
35.786,174.68,21.841,-1.6663,-0.20344,16.805,-1.9536,-14.947
35.337,169.89,21.782,-1.62,-0.17087,16.944,-1.0078,-15.059
35.104,165.09,21.734,-1.5962,-0.13107,16.988,-0.522,-15.09
34.983,160.28,21.698,-1.584,-0.091363,16.966,-0.27052,-15.088
34.92,155.47,21.675,-1.5777,-0.057043,16.912,-0.14045,-15.073
34.888,150.67,21.661,-1.5744,-0.030492,16.847,-0.073155,-15.054
34.871,145.88,21.655,-1.5727,-0.011926,16.786,-0.038313,-15.036
34.862,141.09,21.653,-1.5718,-0.00031359,16.736,-0.020254,-15.021
34.857,136.3,21.654,-1.5713,0.0059054,16.7,-0.010884,-15.01
34.855,131.52,21.657,-1.5711,0.0083465,16.675,-0.0060188,-15.003
34.853,126.74,21.659,-1.571,0.008421,16.661,-0.0034905,-14.998
34.852,121.96,21.662,-1.5709,0.0072258,16.654,-0.0021761,-14.996
34.852,117.18,21.664,-1.5709,0.0055301,16.653,-0.0014926,-14.996
34.851,112.4,21.665,-1.5709,0.0038168,16.654,-0.0011372,-14.996
34.851,107.62,21.666,-1.5708,0.0023453,16.656,-0.00095236,-14.997
34.851,102.84,21.667,-1.5708,0.0012183,16.659,-0.00085632,-14.998
34.85,98.059,21.667,-1.5708,0.0004399,16.662,-0.00080647,-14.999
34.85,93.279,21.667,-1.5708,-3.8859e-05,16.664,-0.00078065,-14.999
34.85,88.499,21.667,-1.5708,-0.00028793,16.665,-0.00076732,-15
34.85,83.718,21.667,-1.5708,-0.00037824,16.666,-0.0007605,-15
34.849,78.937,21.667,-1.5708,-0.00037083,16.667,-0.00075706,-15
34.849,74.157,21.667,-1.5708,-0.0003125,16.667,-0.00075539,-15
34.849,69.376,21.667,-1.5708,-0.00023564,16.667,-0.00075463,-15
34.849,64.595,21.667,-1.5708,-0.00016018,16.667,-0.00075436,-15
34.848,59.815,21.667,-1.5708,-9.6532e-05,16.667,-0.00075433,-15
34.848,55.034,21.667,-1.5708,-4.8509e-05,16.667,-0.00075443,-15
34.848,50.253,21.667,-1.5708,-1.584e-05,16.667,-0.0007546,-15
34.848,45.473,21.667,-1.5708,3.8665e-06,16.667,-0.0007548,-15
34.847,40.692,21.667,-1.5708,1.3786e-05,16.667,-0.00075503,-15
34.847,35.911,21.667,-1.5708,1.7042e-05,16.667,-0.00075526,-15
34.847,31.131,21.667,-1.5711,1.579e-05,16.667,-0.0046361,-15
34.838,26.35,21.667,-1.5713,-5.0772e-05,16.667,-0.017304,-15.002
34.94,21.571,21.667,-1.5279,0.00052114,16.664,0.81802,-14.979
35.393,16.809,21.667,-1.473,0.0046451,16.641,1.9237,-14.9
36.158,12.08,21.67,-1.426,0.013436,16.584,2.8535,-14.77
37.221,7.4013,21.677,-1.3783,0.026803,16.487,3.7864,-14.583
38.58,2.7922,21.688,-1.3304,0.044142,16.345,4.7095,-14.338
40.231,-1.7293,21.705,-1.2822,0.064575,16.158,5.6191,-14.035
42.169,-6.1447,21.729,-1.2338,0.087205,15.925,6.5116,-13.675
44.388,-10.436,21.761,-1.185,0.11127,15.647,7.3836,-13.258
46.881,-14.585,21.801,-1.1358,0.13617,15.326,8.2317,-12.785
49.64,-18.575,21.848,-1.0862,0.16152,14.963,9.0526,-12.259
52.656,-22.388,21.904,-1.0361,0.18707,14.558,9.8431,-11.68
55.919,-26.008,21.968,-0.9855,0.21271,14.112,10.6,-11.049
59.416,-29.419,22.04,-0.93436,0.23839,13.625,11.32,-10.369
63.137,-32.605,22.12,-0.88262,0.26413,13.097,11.998,-9.6404
67.066,-35.552,22.208,-0.83022,0.28995,12.527,12.633,-8.8659
71.19,-38.244,22.305,-0.77713,0.31589,11.915,13.22,-8.0473
75.493,-40.668,22.41,-0.7233,0.34196,11.261,13.756,-7.1874
79.958,-42.812,22.523,-0.66869,0.36816,10.565,14.237,-6.2889
84.567,-44.664,22.645,-0.61324,0.39448,9.8264,14.659,-5.3551
89.3,-46.213,22.775,-0.55692,0.42086,9.0456,15.02,-4.3898
94.137,-47.45,22.914,-0.49969,0.44722,8.2227,15.316,-3.397
99.058,-48.366,23.06,-0.44149,0.47349,7.3584,15.544,-2.3812
104.04,-48.955,23.216,-0.38229,0.49954,6.4534,15.702,-1.3474
109.06,-49.213,23.379,-0.32205,0.52524,5.5089,15.786,-0.30092
114.09,-49.136,23.551,-0.26073,0.55042,4.5264,15.797,0.75253
119.12,-48.723,23.73,-0.19827,0.57491,3.5077,15.732,1.8069
124.11,-47.974,23.917,-0.13465,0.59849,2.4551,15.59,2.856
129.05,-46.893,24.112,-0.069827,0.62095,1.3714,15.372,3.8932
133.9,-45.484,24.313,-0.0037494,0.64203,0.25979,15.078,4.9119
138.65,-43.755,24.521,0.063619,0.66146,-0.87597,14.709,5.9055
143.27,-41.713,24.735,0.13232,0.67894,-2.0315,14.269,6.8676
147.73,-39.372,24.954,0.2024,0.69416,-3.202,13.759,7.7916
152.02,-36.743,25.177,0.2739,0.70677,-4.3818,13.184,8.6718
156.12,-33.841,25.404,0.34686,0.71643,-5.5647,12.547,9.5027
160.01,-30.683,25.633,0.42133,0.72274,-6.7438,11.854,10.279
163.67,-27.287,25.864,0.49736,0.72531,-7.9115,11.111,10.997
167.08,-23.673,26.095,0.57499,0.72371,-9.0594,10.324,11.654
170.23,-19.86,26.325,0.65377,0.71737,-10.178,9.5016,12.243
173.12,-15.868,26.552,0.73845,0.70646,-11.258,8.6187,12.798
175.69,-11.683,26.777,0.84967,0.70729,-12.382,7.4823,13.446
177.86,-7.3023,27.005,0.97272,0.72384,-13.603,6.1828,13.999
179.62,-2.7767,27.237,1.0928,0.7314,-14.807,4.8911,14.356
180.98,1.8325,27.467,1.2,0.70835,-15.85,3.7417,14.537
182.02,6.4793,27.684,1.2892,0.64686,-16.635,2.8058,14.609
182.79,11.14,27.876,1.3597,0.55345,-17.134,2.0845,14.637
183.36,15.81,28.034,1.4139,0.44272,-17.379,1.5432,14.664
183.78,20.489,28.156,1.4549,0.33021,-17.434,1.1404,14.703
184.09,25.183,28.245,1.4856,0.22808,-17.366,0.84135,14.754
184.32,29.895,28.303,1.5084,0.14355,-17.236,0.61918,14.81
184.49,34.624,28.337,1.5252,0.079226,-17.088,0.45434,14.863
184.61,39.368,28.355,1.5376,0.034267,-16.949,0.33233,14.91
184.7,44.127,28.361,1.5467,0.005789,-16.835,0.24235,14.946
184.77,48.895,28.36,1.5533,-0.0099581,-16.751,0.17626,14.973
184.82,53.67,28.355,1.5581,-0.016736,-16.694,0.1279,14.991
184.85,58.45,28.35,1.5616,-0.017811,-16.659,0.092634,15.002
184.88,63.232,28.344,1.5642,-0.015729,-16.642,0.066979,15.007
184.9,68.015,28.34,1.566,-0.012291,-16.637,0.048351,15.009
184.91,72.799,28.336,1.5674,-0.008648,-16.639,0.034843,15.008
184.92,77.582,28.334,1.5683,-0.0054352,-16.643,0.025055,15.007
184.92,82.364,28.333,1.569,-0.0029256,-16.649,0.017965,15.005
184.93,87.146,28.332,1.5695,-0.0011596,-16.655,0.012831,15.003
184.93,91.928,28.332,1.5699,-4.9148e-05,-16.66,0.0091123,15.002
184.94,96.709,28.332,1.5702,0.00054937,-16.663,0.0064193,15.001
184.94,101.49,28.332,1.5704,0.00078749,-16.666,0.0044687,15
184.94,106.27,28.333,1.5705,0.00079882,-16.667,0.0030557,15
184.94,111.05,28.333,1.5706,0.00068776,-16.668,0.002032,15
184.94,115.83,28.333,1.5707,0.00052783,-16.668,0.0012903,15
184.94,120.61,28.333,1.5707,0.00036533,-16.668,0.00075284,15
184.94,125.39,28.333,1.5708,0.00022528,-16.668,0.00036342,15
184.94,130.17,28.333,1.5708,0.00011773,-16.667,8.1219e-05,15
184.94,134.95,28.333,1.5715,4.6372e-05,-16.667,-0.006488,15
184.93,139.73,28.333,1.5698,0.00026439,-16.668,0.0018366,15.003
185.04,144.51,28.333,1.4792,-0.0021963,-16.657,0.87145,14.955
185.53,149.26,28.33,1.3645,-0.021998,-16.545,2.0361,14.83
186.22,154,28.319,1.364,-0.043448,-16.38,2.0864,14.868
186.78,158.93,28.305,1.4462,-0.034735,-16.351,1.2847,15.009
